,season,episode,title,speaker,line,category
0,1,1,Pilot,Jan,"Alright, was there anything you wanted to add to the agenda?",Logistics
1,1,1,Pilot,Jan,"Well, I faxed one over to you this morning.",Logistics
2,1,1,Pilot,Jan,Do you want to look at mine?,Logistics
3,1,1,Pilot,Jan,"OK. Since the last meeting, Ellen and the board have decided we can't justify a Scranton branch and a Stamford branch.",Logistics
4,1,1,Pilot,Jan,"No, no, no, Michael, listen OK. Don't panic. We haven't made... We haven't decided.",Interpersonal
5,1,1,Pilot,Jan,I've spoken to Josh in Stamford. I've told him the same as you and it's up to either him or you to convince me that your branch can incorporate the other.,Logistics
6,1,1,Pilot,Jan,"This does, however, mean that there is going to be downsizing.",HR
7,1,1,Pilot,Jan,So do you think we could keep a lid on this for now? I don't want to worry people unnecessarily.,Logistics
8,1,1,Pilot,Oscar,You guys better update your resumes just like I'm doing.,Logistics
9,1,1,Pilot,Angela,I bet it's gonna be me. Probably gonna be me.,Opinions
10,1,1,Pilot,Oscar,"Yeah but Michael, what if they downsize here?",HR
11,1,2,Diversity Day,Toby,"Hey, we're not all going to sit in a circle Indian style are we? ",Humour
12,1,2,Diversity Day,Oscar,What part Native American?,Opinions
13,1,2,Diversity Day,Oscar,"Two fifteenths, that fraction doesn't make any sense.",Opinions
14,1,2,Diversity Day,Oscar,"OK, Michael, um... Both my parents were born in Mexico.",Personal
15,1,2,Diversity Day,Oscar,"And, uh, they moved to the United Sates a year before I was born. So I grew up in the United States.",Personal
16,1,2,Diversity Day,Oscar,My parents were Mexican.,Personal
17,1,2,Diversity Day,Oscar,Mexican isn't offensive.,Personal
18,1,2,Diversity Day,Oscar,"What connotations, Michael? You meant something.",Personal
19,1,3,Health Care,Jan,"So, which health plan have you decided on?",HR
20,1,3,Health Care,Jan,"Wait, acupuncture? None of the plans have acupuncture. Have you looked at them closely Michael?",HR
21,1,3,Health Care,Jan,The Gold Plan? I'm not even on that plan.,HR
22,1,3,Health Care,Jan,"You know the whole reason that we're doing this, is to save money. So you just need to pick a provider and choose the cheapest plan.",HR
23,1,3,Health Care,Jan,"Sometimes a manager, like yourself, has to deliver the bad news to the employees. I do it all the time.",Logistics
24,1,3,Health Care,Oscar,He literally won't come out of his office.,Logistics
25,1,3,Health Care,Oscar,It's like a pay decrease.,HR
26,1,3,Health Care,Angela,It's ridiculous. Did you talk to him?,Interpersonal
27,1,3,Health Care,Angela,You let him walk all over you. It's just pathetic.,Interpersonal
28,1,3,Health Care,Jan,Where's Michael Scott?,Logistics
29,1,3,Health Care,Jan,"Dwight, listen to me very carefully. You are not a manager of anything. Understand?",Logistics
30,1,3,Health Care,Jan,"OK, when Michael gets back, you tell him to call me immediately.",Logistics
31,1,3,Health Care,Jan,No. Please don't use my cell phone ever again.,Interpersonal
32,1,3,Health Care,Oscar,"I don't know, Kevin. This is important. I don't want...  There he is.",Logistics
33,1,4,The Alliance,Angela,What color do you guys think?,Opinions
34,1,4,The Alliance,Angela,I think green is kind of whoreish.,Opinions
35,1,4,The Alliance,Angela,"Meredith's allergic to dairy, so...",Personal
36,1,4,The Alliance,Toby,I love their sandwiches.,Opinions
37,1,4,The Alliance,Oscar,"My nephew is involved with, um, a charity for cerebral palsy, and I was wondering if maybe you'd like to... you know... if...",Personal
38,1,4,The Alliance,Oscar,Donate to the charity?,Personal
39,1,4,The Alliance,Oscar,"Well, that's what a walk-a-thon is.",Personal
40,1,4,The Alliance,Oscar,"It says it right on the sheet. Look, look at the sheet. It says, ""However many dollars per mile.""",Personal
41,1,4,The Alliance,Oscar,I just think it's kind of cheap to un-donate money to a charity.,Opinions
42,1,4,The Alliance,Oscar,"Last year, he walked 18 miles.",Personal
43,1,4,The Alliance,Angela,"Phyllis wanted red, I didn't.",Interpersonal
44,1,5,Basketball,Angela,"Has anyone seen the first-aid kit?  How many times have I told you? I'm the safety officer, not you.",Logistics
45,1,6,Hot Girl,Jan,Are you listening to me Michael?,Interpersonal
46,1,6,Hot Girl,Jan,What did I just say?,Interpersonal
47,1,6,Hot Girl,Jan,Alan and I have created an incentive program to increase sales.,Logistics
48,1,6,Hot Girl,Jan,I'm not going to do that Michael.,Interpersonal
49,1,6,Hot Girl,Jan,We've created an incentive program to increase sales.,Logistics
50,1,6,Hot Girl,Jan,At the end of the month you can reward your top seller with a prize worth up to a thousand dollars.,Logistics
51,1,6,Hot Girl,Toby,"Hey, um did you go to uh, Bishop O'Hara?",Personal
52,1,6,Hot Girl,Angela,I don't like to necessarily touch things. I'm just... I'm shopping.,Opinions
53,2,1,The Dundies,Oscar, That's supposed to be confidential.,Logistics
54,2,1,The Dundies,Jan," It's a, it's, it's a two and a half hour drive from New York, Michael.",Logistics
55,2,1,The Dundies,Jan,"No, we don't approve of this Michael. I mean, y-you only had the budget for one office party a year, so... we're not paying for this.",Logistics
56,2,1,The Dundies,Jan,Really? I'm dropping an atomic bomb on you?,Opinions
57,2,1,The Dundies,Jan,You already had a party on May 5th for no reason.,Logistics
58,2,1,The Dundies,Jan,And a tsunami relief fundraiser which somehow lost a lot of money.,Logistics
59,2,1,The Dundies,Jan,"Okay, well, I don't understand why anyone would have a tsunami FUN raiser, Michael. I mean, that doesn't even make sense.",Logistics
60,2,1,The Dundies,Oscar,"The Dundies are kind of like a kid's birthday party, and you go, and there's really nothing for you to do there. But the kid's having a really good time, so you're, kind of there. That's-that's kind of what it's like.",Opinions
61,2,2,Sexual Harassment,Toby,Um... I need to talk to you in your office. It'll just take two seconds.,Logistics
62,2,2,Sexual Harassment,Toby,The full story is that Randall resigned because of sexual harassment. So Corporate asked me to do a five minute review of the Company Sexual Harassment policy.,HR
63,2,2,Sexual Harassment,Toby,And then Corporate is going to send in a lawyer...,HR
64,2,2,Sexual Harassment,Toby,Just to refresh you... .,HR
65,2,2,Sexual Harassment,Toby,on our policy.,HR
66,2,2,Sexual Harassment,Toby,"Yeah, okay. Corporate would like us to do a five minute review of the Company Sexual Harassment policy so I'll go over that later.",HR
67,2,2,Sexual Harassment,Toby,"So remember, intent is irrelevant. And that's it. Pam?",HR
68,2,2,Sexual Harassment,Angela,I hate them. You send me these filthy emails and you say forward them to ten people or you'll have bad luck.,Interpersonal
69,2,2,Sexual Harassment,Toby,"Office relationships are never a good idea. Yeah. So let's just try to avoid them. But, um, if you already have one, you should disclose it to HR.",HR
70,2,2,Sexual Harassment,Toby,"Technically, I am in Human Resources. And Dwight was asking about human anatomy. Um... I'm just sad the public school system failed him so badly.",HR
71,2,2,Sexual Harassment,Jan,"You seem a little bit agitated, Michael. What's the problem?",Interpersonal
72,2,2,Sexual Harassment,Jan,"Well, that... that's true in a way. You can't say anything.",Opinions
73,2,2,Sexual Harassment,Jan," 'Scuse me, I'm sorry.  Michael. Mr. O'Malley is your lawyer.",HR
74,2,2,Sexual Harassment,Jan,"Mr. O'Malley is our Corporate lawyer. We have him on retainer. To protect the company as well as upper level management, such as yourself.",HR
75,2,3,Office Olympics,Angela,I do play games. I sing and I dangle things in front of my cats. I play lots of games. Just not at work.,Personal
76,2,3,Office Olympics,Angela,I call it Pam Pong. I count how many times Jim gets up from his desk and goes to reception to talk to you.,Interpersonal
77,2,4,The Fire,Angela,A Purpose Driven Life.,Opinions
78,2,4,The Fire,Angela,The DaVinci Code!,Opinions
79,2,4,The Fire,Angela,I would take The DaVinci Code... so I could burn The DaVinci Code.,Humour
80,2,5,Halloween,Angela,But we don't keep two sets of books.,Logistics
81,2,5,Halloween,Angela,"Well, I looked through all the budgets. And there is one department...",Logistics
82,2,5,Halloween,Angela,... that has three people...,Logistics
83,2,5,Halloween,Angela,... doing the work that could be done by two.,Logistics
84,2,5,Halloween,Angela,I'm just trying to figure out why you're sabotaging things.,Interpersonal
85,2,6,The Fight,Toby,"Um, ex-wife. Yeah. Um, her last name is 'Becker' now.",Personal
86,2,6,The Fight,Angela,This is illegal.,HR
87,2,7,The Client,Jan,This is a projection of the county's needs...,Logistics
88,2,7,The Client,Jan,"Thirteen schools, uh, two hospitals...",Logistics
89,2,7,The Client,Jan,"You had no right to do that, Michael.",Interpersonal
90,2,7,The Client,Jan,Alright. But you will let me run this meeting.,Logistics
91,2,7,The Client,Oscar,"She had done a background check on me, she had it printed out.",HR
92,2,7,The Client,Oscar,"Yeah. And she was asking me about stuff, line by line, while we were having dinner.",Personal
93,2,7,The Client,Jan,Do you always shut down the entire office when you leave for an hour?,Logistics
94,2,7,The Client,Jan,Why would we need a signal?,Logistics
95,2,7,The Client,Jan,"What kinda trouble are you planning on getting in, Michael?",Logistics
96,2,7,The Client,Jan,"You're gonna let me do the talking, we agreed on that.",Logistics
97,2,7,The Client,Jan,No.  Thank you very much for meeting with us. Have you been waiting long?,Logistics
98,2,7,The Client,Jan,"Michael, we got divorced, ok?  I'm so sorry. Excuse me.",Personal
99,2,7,The Client,Jan,I thought we could start by going over the needs of the county.,Logistics
100,2,7,The Client,Jan,"We would probably be upset with ourselves if we went this whole night without talking business, so, Dunder-Mifflin can provide a level of personal service to the county that the warehouse chains just can't match.",Logistics
101,2,7,The Client,Jan,What's the bottom line?,Logistics
102,2,7,The Client,Jan,We'd been fighting for a while-,Personal
103,2,7,The Client,Jan,"He didn't want kids, but I knew that going into it. But he also knew that I did. I guess I thought that he would change his mind; he thought that I would change mine.",Personal
104,2,7,The Client,Jan,I was stupid.,Personal
105,2,8,Performance Review,Angela,I actually look forward to performance reviews. I did the youth beauty pageant circuit. And I enjoyed that quite a bit. I really enjoy being judged. I believe I hold up very well to even severe scrutiny.,HR
106,2,8,Performance Review,Jan,"No. No, we won't be discussing that, Michael. The only things I wanna talk about during your performance review are your concrete ideas to improve your branch.",HR
107,2,8,Performance Review,Jan,"Uh, your review is anything but a formality, Michael.",HR
108,2,8,Performance Review,Jan,I expect you to forget anything that you think may have happened between us and exhibit completely professional behavior.,HR
109,2,8,Performance Review,Jan,"Ok, that is an example of completely unprofessional behavior.",HR
110,2,8,Performance Review,Angela,Don't talk about it. Office romances are nobody's business but the people involved.,HR
111,2,8,Performance Review,Jan," We'll address this in the meeting then. Ok. Ok, bye-bye.  Could you please tell Michael that I'm here?",Logistics
112,2,8,Performance Review,Jan,"You know Michael, I think I need to make something clear right off the top. I'm not going to discuss anything with you other than Dunder-Mifflin business.",Logistics
113,2,8,Performance Review,Jan,Do we understand each other.,Interpersonal
114,2,8,Performance Review,Jan,So are you still in the middle of the performance reviews then?,HR
115,2,8,Performance Review,Jan,How is that a business question?,Logistics
116,2,8,Performance Review,Jan,"Please don't smell me, Michael.",Interpersonal
117,2,8,Performance Review,Toby,Aren't the suggestions meant for you?,Logistics
118,2,8,Performance Review,Angela,Sometimes you talk to us real close.,Interpersonal
119,2,8,Performance Review,Jan,"Because nothing did, Michael. It, I'm not going to say anything more about it, and I would advise that you do the same",Opinions
120,2,8,Performance Review,Jan,"Is this how you've been conducting all the reviews, Michael?",Logistics
121,2,8,Performance Review,Jan,That's a serious offense!,HR
122,2,8,Performance Review,Jan,"Look, I know it's your job, I know you have to ask, but I promise you, I'm not gonna discuss it with him, I'm certainly not gonna discuss it with you.  Do you have a light?",Logistics
123,2,8,Performance Review,Jan,I'm heading back to New York,Logistics
124,2,8,Performance Review,Jan,"No, I am saying we are never having this conversation.",Logistics
125,2,8,Performance Review,Jan,"Never, for me, always means 'never ever ever.'",Interpersonal
126,2,8,Performance Review,Jan,"With your looks, ok? It's your personality. I mean, you're obnoxious, and rude, and, and, and stupid, and you do have coffee breath, by the way, and, and I don't agree about the b.o., but you are very, very inconsiderate.",Interpersonal
127,2,8,Performance Review,Jan,"Really. You're, you're, you're a great guy, ok?",Interpersonal
128,2,8,Performance Review,Jan,"And you were very sweet, and you stayed up with me and talked with me, cried with me, and I appreciate that-",Personal
129,2,8,Performance Review,Jan,"At this time in my life. I just am not in the place right now where I'm looking for a relationship, so we can still work together, we can still be friends but... ok?",Personal
130,2,9,E-Mail Surveillance,Oscar,"Hey, what's the deal, Michael? Why are you spying on our computers?",Logistics
131,2,9,E-Mail Surveillance,Oscar,Tin Man. Actually we just a got a memo from IT saying you're doing e-mail surveillance.,Logistics
132,2,9,E-Mail Surveillance,Angela,I'm a vegetarian.,Personal
133,2,9,E-Mail Surveillance,Angela,I think it's alright. Jesus drank wine. ,Humour
134,2,10,Christmas Party,Toby,I got Angela. She is into these posters of babies dressed as adults. I got her one of those. I felt kind of weird buying that.,Interpersonal
135,2,10,Christmas Party,Angela,Michael should have asked the party planning committee first. He's not supposed to just spring things on us out of nowhere. ,Logistics
136,2,11,Booze Cruise,Oscar,"Last year, Michael's theme was ""Bowl over the Competition!"" So guess where we went.",Logistics
137,2,13,The Secret,Angela,I agree it's unacceptable. ,Interpersonal
138,2,13,The Secret,Oscar,I feel nauseous and my heads killing.,Personal
139,2,13,The Secret,Oscar,Michael is there anything you need from me? I'd like to go back to bed.,Opinions
140,2,13,The Secret,Angela,This is from Hooters.,HR
141,2,13,The Secret,Angela,Did Toby approve this?,HR
142,2,13,The Secret,Toby,You just got your corporate credit card back. Do you really want me to take it away again?,HR
143,2,13,The Secret,Toby,I'm not processing this.,HR
144,2,13,The Secret,Toby,He seems fine to me.,Opinions
145,2,13,The Secret,Angela,"It's nobody's business, Phyllis. Roy.",Interpersonal
146,2,13,The Secret,Oscar,Are you going to tell Michael?,Interpersonal
147,2,14,The Carpet,Toby,That's no burst pipe.,Logistics
148,2,14,The Carpet,Oscar,"What happened in Michael's office was wrong. I understand it , it makes sense  But it... it was still wrong.",Interpersonal
149,2,14,The Carpet,Angela,We haven't finished getting things in order from your last visit.,Logistics
150,2,14,The Carpet,Oscar,"It's just that we're really swamped over here, Michael.",Logistics
151,2,14,The Carpet,Oscar,Are you kidding? I thought it was you.,Interpersonal
152,2,15,Boys & Girls,Jan,"So, I'm happy to be here. It's very nice to see all of you. You're all looking well.",Logistics
153,2,15,Boys & Girls,Jan,"Women today, though we have the same options as men, we often face a very different set of obstacles in getting there. So...",Logistics
154,2,15,Boys & Girls,Jan,Michael... I thought we agreed you wouldn't be here.,Logistics
155,2,15,Boys & Girls,Jan,You are not allowed in this session.,Logistics
156,2,15,Boys & Girls,Jan,Now you're really not allowed in this session.,Logistics
157,2,15,Boys & Girls,Jan,"Ladies, I am so, so sorry. Can we start again? We were on such a roll. I... I... really apologize.",Logistics
158,2,15,Boys & Girls,Jan, So one obstacle is how assertiveness is perceived differently in men and women. Men who are assertive will be admired. They're called... anyone?,Opinions
159,2,15,Boys & Girls,Jan,"I don't know what you're doing here, Michael,",Logistics
160,2,15,Boys & Girls,Jan,... but it's very destructive.,Logistics
161,2,15,Boys & Girls,Jan,"Can you please do this somewhere else, Michael?",Logistics
162,2,15,Boys & Girls,Jan,"Dwight, excellent idea. Go to the warehouse.",Logistics
163,2,15,Boys & Girls,Jan,"I'm so sorry about that... um... so where were we? Pam, are you okay taking notes then?",Logistics
164,2,15,Boys & Girls,Jan,Please? Thank you. very much.,Logistics
165,2,15,Boys & Girls,Jan,Why don't we go around the table and all say something that we know we're good at. I will start. I am good at public speaking.,Logistics
166,2,15,Boys & Girls,Jan,No. Okay. Stop. Go on...,Interpersonal
167,2,15,Boys & Girls,Angela,I've seen some of your spreadsheets.,Logistics
168,2,15,Boys & Girls,Jan,That is an excellent goal.,Logistics
169,2,15,Boys & Girls,Jan,"Well, I'll be honest. One of the goals of these women seminars is to feel out if there's any standouts. Women who could be a valuable addition to our Corporate life.",HR
170,2,15,Boys & Girls,Jan,"Great, great. And Pam, what about you? What is your dream?",Interpersonal
171,2,15,Boys & Girls,Jan,You know the company is offering a design training program in New York.,Logistics
172,2,15,Boys & Girls,Jan,"Well, it's only on weekends and then a few weeks in New York, but I'm sure that I could ask Corporate to help you out.",Logistics
173,2,15,Boys & Girls,Jan,There are always a million reasons not to do something.,Interpersonal
174,2,15,Boys & Girls,Jan,All right. Let's talk about clothing.,Opinions
175,2,15,Boys & Girls,Jan,"Dress for the job you want, not the job you have. All right. You can use your clothing to send a message about your ambitions by wearing clothes that reflect what you aspire to be.",Opinions
176,2,15,Boys & Girls,Angela,"I'm not gaining anything from this seminar. I'm a professional woman. The head of accounting. I'm in the healthiest relationship of my life. I just think it's insulting that Jan thinks we need this. And, apparently, judging from her outfit, Jan aspires to be a whore.",Interpersonal
177,2,15,Boys & Girls,Jan,Another issue is inequality of pay between men and women. I'm sure that all of you have felt that before...,Logistics
178,2,15,Boys & Girls,Jan,"The cons are that everyone will lose their job. Michael. Everyone. Office, Warehouse. What do you think... the... pros... are... here?",Logistics
179,2,15,Boys & Girls,Jan,"You got yourself into this Michael, so you get yourself out.",Logistics
180,2,15,Boys & Girls,Jan,"Sports metaphors are one of the ways women feel left out of the language of the office. Now, I know this might sound silly but a ... many women ask to go over it. So... Fumble means...",Opinions
181,2,15,Boys & Girls,Jan,"Right. Par for the course is a golf term. It means right on track. Below par means worse. Wait... that should mean better, that doesn't make sense.",Opinions
182,2,15,Boys & Girls,Jan," Kelly, I don't know what Michael's talking about.",Opinions
183,2,15,Boys & Girls,Angela,Are you married?,Personal
184,2,15,Boys & Girls,Jan,I think you should all spend a little more time thinking about your careers and less time on personal stuff.,Interpersonal
185,2,15,Boys & Girls,Angela,"At least you don't have kids. You have no kids, right? Thank God.",Personal
186,2,15,Boys & Girls,Jan,Okay. Let's take five. I think we can all use five.,Interpersonal
187,2,15,Boys & Girls,Jan,Did you take care of the situation?,Logistics
188,2,15,Boys & Girls,Jan,"Excuse me. I've been told there's been some interest in forming a Union and that Michael supported it. Obviously he's not a friend of yours because he didn't tell you the facts. So let me. If there is even a whiff of unionizing in this branch, I can guarantee you the branch will be shut down like that . They unionized in Pittsfield and we all know what happened in Pittsfield. It will cost each of you a fortune in legal fees and union dues and that will be nothing compared to the cost of losing your jobs. So I would think long and hard before sacrificing your savings and your futures just to send a message. If you have any further questions you can direct them to... to Michael.",HR
189,2,16,Valentine's Day,Oscar,"The best present would be, you do a good job in front of the new CFO.",HR
190,2,16,Valentine's Day,Angela,I didn't get anything for Valentine's Day.,Personal
191,2,16,Valentine's Day,Jan,"Josh Porter, Stamford.",Logistics
192,2,16,Valentine's Day,Jan,"And Michael Scott, Scranton.",Logistics
193,2,16,Valentine's Day,Jan,"Nervous, no I'm not nervous. Well, I guess I'd be lying if I didn't say I was a little nervous. Umm, the new CFO is judging me on this too, and well, it is Michael, so. Yeah, I'm very nervous.",Logistics
194,2,16,Valentine's Day,Angela,Nothing for me?,Opinions
195,2,16,Valentine's Day,Jan,"Um, I'm sorry, what did you think financial presentation meant?",Logistics
196,2,16,Valentine's Day,Jan,"Craig, you realize that we're trying to decide whether if drastic steps need to be taken?",Logistics
197,2,16,Valentine's Day,Jan,"Well, the point is, is that doesn't exactly bode well for your branch.",Logistics
198,2,16,Valentine's Day,Jan,"NO, NO I'm not, I'm not, I just... I just don't know what to do anymore, Michael. I mean, we're all gonna get fired.",HR
199,2,16,Valentine's Day,Jan,"Yeah, Michael - the CFO thinks that we slept together. Do you understand, people get fired for much less? And I just  can't believe that you told everybody and we didn't even sleep together.",HR
200,2,16,Valentine's Day,Jan,"Oh, God. Michael. It was months ago. It was once, It's over. Do you understand?",Interpersonal
201,2,16,Valentine's Day,Jan,"Surely, you cannot be serious?",Interpersonal
202,2,17,Dwight's Speech,Oscar,"I get here early every morning so I can set the thermostat. I like it a little cooler, around 66 degrees. I'm more productive. Maybe some people don't like it as cold as I do, but I don't care.",Logistics
203,2,17,Dwight's Speech,Angela,Are we out of jobs?,HR
204,2,18,Take Your Daughter to Work Day,Angela,"You know, I never misbehaved in front of my father because he was a very strict disciplinarian. I can only hope my mate has some of those same qualities .",Personal
205,2,18,Take Your Daughter to Work Day,Oscar,Is that Chet Montgomery?,Opinions
206,2,18,Take Your Daughter to Work Day,Toby,"Believe me, she has enough toys... she doesn't need your watch.",Personal
207,2,18,Take Your Daughter to Work Day,Toby,"Well, you need a wife first, or at least a girlfriend.",Personal
208,2,18,Take Your Daughter to Work Day,Toby,"If you really want to have kids, I--- I guess you could somehow... foster parent, or something.",Personal
209,2,19,Michael's Birthday,Toby,"Didn't you lose a lot of money on that other investment, the one from the email?",Personal
210,2,19,Michael's Birthday,Oscar,Skin cancer is treatable.,Opinions
211,2,19,Michael's Birthday,Angela,"You don't know it's going to be okay. Don't give him false hope. ...It's probably nothing, though.",Interpersonal
212,2,19,Michael's Birthday,Angela,No one cares about your birthday. Kevin's waiting to hear if he has skin cancer.,Interpersonal
213,2,19,Michael's Birthday,Toby," Honestly, is there any way you can get on your fiancee's plan? Our health plan is s... just... it's terrible.",HR
214,2,20,Drug Testing,Toby,"Oh, when you sign your job application you agree to comply with random drug testing.",HR
215,2,20,Drug Testing,Angela,I don't take any prescription drugs.,Personal
216,2,20,Drug Testing,Toby,"Hookah is not an illegal drug, Michael.",HR
217,2,20,Drug Testing,Toby,"No it's not. It's a type of pipe. You can fill it with tobacco, often mixed with fruit, or other flavors.",Opinions
218,2,20,Drug Testing,Angela,You're not going to get my permission on this.,HR
219,2,21,Conflict Resolution,Angela,I didn't get mine yet.,Logistics
220,2,21,Conflict Resolution,Oscar,"It's like child abuse. I say, if Jesus saw that, he'd freak out! He'd freak out, Toby! I mean on some levels... it's... and I'm supposed to work there. I'm supposed...",Opinions
221,2,21,Conflict Resolution,Toby,Here's how I usually handle this: all I do is listen.,Interpersonal
222,2,21,Conflict Resolution,Toby,"It's like if you write someone a letter, when you're really angry... they say to keep it in a drawer for a couple days. Then you just never end up sending it.",Opinions
223,2,21,Conflict Resolution,Toby,That was the right decision for me and my marriage.,Personal
224,2,21,Conflict Resolution,Angela,"I got this poster for Christmas, and I feel I want to see it everyday. It makes me feel like the babies are the true artists, and God has a really cute sense of humor.",Personal
225,2,21,Conflict Resolution,Oscar,"I don't like looking at it. It's creepy, and in bad taste, and it's just offensive to me. It makes me think of the horrible, frigid stage mothers who force the babies into it. It's kitsch. It's the opposite of art. It destroys art. It destroys souls. This is so much more offensive to me than hardcore porno. I'm talking about the...",Opinions
226,2,21,Conflict Resolution,Toby,"Every Friday at 4, I have a standing appointment with Dwight for him to file a grievance against Jim. I tell him that I'm sending them to a special file in New York. That box is the special file in New York.",HR
227,2,21,Conflict Resolution,Toby,"Actually, I have a separate folder for complaints against Michael. This is January through March of this year. ",HR
228,2,21,Conflict Resolution,Toby,"Yeah, it just means whoever complained came to me later and withdrew it, so I took their name off.",HR
229,2,22,Casino Night,Jan," Yeah, but... Well, the fact of the matter is that your branch is currently number four of the five branches that I oversee.",Logistics
230,2,22,Casino Night,Jan,I thought that you were their fearless leader.,Logistics
231,2,22,Casino Night,Oscar,It'd be nice to do something for people who are actually suffering.,Opinions
232,2,22,Casino Night,Angela,"You have to pick an approved, non-profit organization.",Logistics
233,2,22,Casino Night,Angela,"We are giving money that has been gambled. Why don't we just deal drugs or prostitute ourselves, and donate that money to charity?",Opinions
234,2,22,Casino Night,Toby,"Actually, I didn't think it was appropriate to invite children since it's... You know, there's gambling and alcohol, and it's in our dangerous warehouse and it's a school night... And, you know, Hooters is catering. You know, is that enough? Should I keep going?",Logistics
235,2,22,Casino Night,Jan,"I could use a little fun. So, I am going to drive up for your Casino Night.",Logistics
236,2,22,Casino Night,Jan,"Incidentally, what is the charity?",Logistics
237,2,22,Casino Night,Jan,"Okay, then. I will see you tonight.",Logistics
238,2,22,Casino Night,Toby,I have good cards.,Opinions
239,2,22,Casino Night,Toby,"I don't really play cards, but I'm not gonna lie to you. It felt really good to take money from Michael. Gonna chase that feeling.",Humour
240,2,22,Casino Night,Jan,"Left work early, drove down here. And I am completely underdressed",Logistics
241,2,22,Casino Night,Jan,Why did I hook up with Michael?,Personal
242,2,22,Casino Night,Jan,"It was very late, Jim. Very... Very late and... Have you given any more thought to the transfer?",Logistics
243,2,22,Casino Night,Jan,"So, I just wanted to congratulate you on a fantastic evening. You did the company proud.",Logistics
244,2,22,Casino Night,Jan,"And thanks for inviting me. You were right, I needed it. So, thanks.",Interpersonal
245,3,1,Gay Witch Hunt,Toby,"OK I think Oscar would just like if you used ""lame"" or something like that.",Interpersonal
246,3,1,Gay Witch Hunt,Toby,"Apparently you called Oscar ""faggie"" for liking the movie Shakespeare in Love more than an action movie.",Interpersonal
247,3,1,Gay Witch Hunt,Toby,"All right Michael, but Oscar's really gay.",Personal
248,3,1,Gay Witch Hunt,Toby,"No, I mean he's attracted to other men.",Personal
249,3,1,Gay Witch Hunt,Toby,"OK, I am telling you, Oscar is an actual homosexual. Yeah, he told me this morning. And, obviously he hopes he can count on your discretion.",Personal
250,3,1,Gay Witch Hunt,Oscar,"No, I'm not gay. And I don't understand why anyone would think, that I'm gay... if...  Uh... yeah I'm gay.",Personal
251,3,1,Gay Witch Hunt,Oscar,"Yes I'm super cool. I am an accountant at a failing paper supply company, Scranton. Much like, um, sir Ian McClellan.",Humour
252,3,1,Gay Witch Hunt,Angela,"Sure, sometimes I watch Will and Grace... and I want to throw up. It's terribly loud. I do like it sometimes when Harry Connick Jr. is on. He's so talented.",Opinions
253,3,1,Gay Witch Hunt,Jan,"You know, it's amazing to me that in this day and age, you could be so obtuse about sexual orientation.",Interpersonal
254,3,1,Gay Witch Hunt,Toby,"OK, Michael, are you aware that you ousted Oscar today?",Interpersonal
255,3,1,Gay Witch Hunt,Jan,"Coming out, is a significant moment for a gay person, and they should be allowed to select the timing and manner of announcing it.",Personal
256,3,1,Gay Witch Hunt,Toby,"All right, now Oscar's feeling discriminated against by his co-workers, primarily Angela, and um, that's your fault.",HR
257,3,1,Gay Witch Hunt,Jan,"No, it's not possible.",Interpersonal
258,3,1,Gay Witch Hunt,Jan,"You know, imagine... you were gay.",Personal
259,3,1,Gay Witch Hunt,Jan,"Michael, your immaturity is extremely disappointing and may even lead to a lawsuit which is the absolute last thing this company needs right now. Do you understand?",HR
260,3,1,Gay Witch Hunt,Oscar,Am I the first gay man you ever knew?,Personal
261,3,1,Gay Witch Hunt,Angela,Watching some of your friends.,Personal
262,3,1,Gay Witch Hunt,Oscar,"Yes I'm gay. And I didn't plan on sharing that part of my life with you today, so, whatever. Can I sit down now?",Personal
263,3,1,Gay Witch Hunt,Oscar,No one else in this office is gay.,Personal
264,3,1,Gay Witch Hunt,Oscar,You sound pretty defensive Michael.,Interpersonal
265,3,1,Gay Witch Hunt,Oscar,"I don't think I can work here any longer. This has been the worst, most backwards day of my life.",Logistics
266,3,1,Gay Witch Hunt,Oscar,"No, NO! I don't want to touch you, ever consider that? You're ignorant, and insulting, and small!",Interpersonal
267,3,1,Gay Witch Hunt,Oscar,"Michael... I'm sorry. That was a good idea. Come on, come on. ",Interpersonal
268,3,1,Gay Witch Hunt,Oscar,"I was going to quit. But Jan offered me a three month paid vacation and a company car. All I had to do was sign something saying I won't sue. Gill and I are going to Europe. Kids, sometimes it pays to be gay.",Logistics
269,3,2,The Convention,Angela,I know! It... I was just really hoping we could spend some time together.  Are you still there?,Interpersonal
270,3,2,The Convention,Angela,"Don't ""Monkey"" me! You can't wait to get out of here, A. R. M.",Interpersonal
271,3,2,The Convention,Angela,"In the Martin family, we like to say, ""Looks like someone took the slow train from Philly."" That's code for ""check out the slut."" What is... why are there flies in here?",Personal
272,3,2,The Convention,Angela,"That was for per diem, for Philadelphia.",Logistics
273,3,2,The Convention,Jan,"Great, let's dump our stuff and meet back here in half an hour.",Logistics
274,3,2,The Convention,Jan,"Michael, um... Jim and Josh are in meetings all day. And I am in and out of meetings. I can't stay on top of you 24/7.",Logistics
275,3,3,The Coup,Jan,How would a movie increase productivity Michael? How on earth would it do that?,Logistics
276,3,3,The Coup,Angela,"Michael is going to get us all fired. You sat back and let him play that dumb movie, and now Jan is peeved off and we're all going to lose our jobs.",HR
277,3,3,The Coup,Angela,"It's not up to Michael, it's Jan's call. Talk to her.",HR
278,3,3,The Coup,Angela,Fine! Sit back and do nothing and let us all get fired!,HR
279,3,3,The Coup,Angela,"I know that patience and loyalty are good, and virtuous traits. But sometimes I just think you need to grow a pair.",Opinions
280,3,3,The Coup,Jan,"You should talk to Michael, and he'll talk to me, and that way we don't have to speak to each other.",Interpersonal
281,3,3,The Coup,Jan,It's not about a surprise party is it?,Humour
282,3,3,The Coup,Jan,What would you do differently?,Opinions
283,3,3,The Coup,Jan,"Dwight, you must feel strongly, to speak with me this way, behind Michael's back, and turn on so many of your co-workers.",Interpersonal
284,3,3,The Coup,Jan,I just had a very interesting conversation with one of your employees.,Logistics
285,3,3,The Coup,Jan,"No, it wasn't. Dwight just told me that he thinks he can run the branch better than you.",Logistics
286,3,3,The Coup,Jan,You can't have people undermining you. Get control of your branch immediately.,Logistics
287,3,4,Grief Counseling,Jan," So, I wanted to let you know that we lost Ed Truck.",Logistics
288,3,4,Grief Counseling,Jan,"Michael, Ed died over the weekend.",Logistics
289,3,4,Grief Counseling,Jan," I understand how you feel, Michael. I really do. So, would it be helpful to give everyone the day off?",Logistics
290,3,4,Grief Counseling,Jan, I'm not sure that's realistic.,Logistics
291,3,4,Grief Counseling,Jan,What the hell are you two talking about?,Interpersonal
292,3,4,Grief Counseling,Jan,"You know what, Michael? I've really tried with you today...",Interpersonal
293,3,4,Grief Counseling,Jan,So call me when you feel like having a real conversation.,Interpersonal
294,3,4,Grief Counseling,Toby,"Michael, look. I know this is hard for you, but death's just a part of life. I mean, just this morning I saw a little bird fly into the glass doors downstairs and die. And I had to keep going.",Personal
295,3,5,Initiation,Jan,"I'm great. So, Pam I would like you to keep a log of everything Michael does hour by hour so we can analyze it at corporate. Ok?",Logistics
296,3,5,Initiation,Angela,"He's not weird, he's just individualistic.",Opinions
297,3,6,Diwali,Angela,I find this incredibly offensive.,Opinions
298,3,6,Diwali,Angela,"Well, whatever Kelly wants to do in her own house is fine but we shouldn't all be subjected to it.",Opinions
299,3,6,Diwali,Toby,"Actually, she's right. This isn't appropriate. Why don't I take these.",Logistics
300,3,6,Diwali,Angela,I'm a vegetarian. What can I eat?,Personal
301,3,7,Branch Closing,Jan,I am here to tell you that we are closing the Scranton branch.,Logistics
302,3,7,Branch Closing,Jan,The board voted last night to close your branch.,Logistics
303,3,7,Branch Closing,Jan,"I'm very sorry. I don't relish telling you this. You've been a big part of this company, and the board asked me to thank you for your years of service.",Logistics
304,3,7,Branch Closing,Jan,"A small number of people will be transferred to the Stamford branch, and the rest will be getting severance packages.",HR
305,3,7,Branch Closing,Jan,"Well, we haven't made final decisions about personnel yet. But you're a severance package person.",HR
306,3,7,Branch Closing,Jan,"Well, it's not all about numbers, Michael.",Logistics
307,3,7,Branch Closing,Jan,Our CFO believes that Josh is going to play an important role in our company's future.,Logistics
308,3,7,Branch Closing,Toby,"Michael, uh... we shouldn't be talking about this until all the decisions have been made.",Logistics
309,3,7,Branch Closing,Toby,Jan told me just a few minutes before she told you.,Logistics
310,3,7,Branch Closing,Angela,"What about us, Michael? Do we still have jobs?",HR
311,3,7,Branch Closing,Angela,I don't want to blame anyone in particular. I think everyone's to blame.,Opinions
312,3,7,Branch Closing,Jan,"Oh, good. You're both here. Ready to talk logistics?",Logistics
313,3,7,Branch Closing,Jan,"So, Josh will be running what is now called Dunder-Mifflin ,Northeast, which is all the offices north of Stamford. And Jim, fi you want the job, you'll be his number two.",Logistics
314,3,7,Branch Closing,Jan,You leveraged your new position with us into another offer?,HR
315,3,7,Branch Closing,Jan,"Damn it, Josh. This whole restructuring thing was based around keeping you. I...",HR
316,3,7,Branch Closing,Jan,"So... we are still scrambling here. But uh, it looks like Scranton is going to absorb Stamford.",HR
317,3,7,Branch Closing,Jan,"And I know that you just left there a couple of months ago, but we would like to offer you the number two position at that branch.",HR
318,3,7,Branch Closing,Jan,"Ah. Well, please think about it. And call me. We will do whatever we can to get you to stay.",HR
319,3,7,Branch Closing,Jan,"Ah, god. Okay. You know what everybody? I'm sure there is a better way to do this but I've drive something like 400 miles today and I'm completely exhausted so I'm just gonna tell you. Your branch is not closing; Stamford is closing. Um, for the time being, it seems that all your jobs are safe.",Logistics
320,3,7,Branch Closing,Jan,"Well, reasons are not important. Would you just call him, please? Wherever he is... and tell him.",Logistics
321,3,7,Branch Closing,Toby,"Well for a minute there, I saw myself selling my house, moving to Costa Rica, learning how to surf. But, Costa Rica will still be there. When I'm 65.",Personal
322,3,8,The Merger,Toby,"Hey, this came with the Stamford book.  Can you take care of it?",Logistics
323,3,8,The Merger,Angela,Maybe that's because some people treat it like their own private Hooters strip club.,Opinions
324,3,8,The Merger,Jan,Did you fire Tony Gardner when he was trying to quit?,HR
325,3,8,The Merger,Jan,"Do you realize, Michael, that we now have to pay him severance?",HR
326,3,8,The Merger,Jan,He's the only one who has worked with both groups. I sent you a memo about this.,Logistics
327,3,9,The Convict,Angela,"Look, we have a rebate from... the Federal Work Opportunity Program and no one knows what that means.",HR
328,3,9,The Convict,Jan,We get that money for hiring an ex-convict.,HR
329,3,9,The Convict,Jan,"Okay, that's when the branches merged, so Josh must have been taking advantage of this program. Smart move.",Logistics
330,3,9,The Convict,Angela,One of the Stamford people is a criminal?,Interpersonal
331,3,9,The Convict,Angela,"Jan, which one of the new employees is a criminal?",Logistics
332,3,9,The Convict,Jan,"Uh, reformed convict, and, uh, I'm not sure. Though hang on, let me email our HR, stay on the line.",Logistics
333,3,9,The Convict,Jan,...Okay it's someone named Martin Nash.,Logistics
334,3,9,The Convict,Angela,"Sure. Let's protect the convicts. At the expense of the general feeling of safety in the workplace. As a 90-pound female that sits in an ill-lit, rarely-visited corner of the office, naturally I agree with that.",Opinions
335,3,9,The Convict,Toby,"Well, you're going to have to let 'em out. Or... or I will.",Interpersonal
336,3,9,The Convict,Toby,"You know they're teasing you. I mean... obviously, this is... a much nicer place than an actual prison. We get paid to be here. We go home afterwards and have social lives. We have... we have parties here. They're teasing you. To be funny.",Interpersonal
337,3,10,A Benihana Christmas (Parts 1&2),Angela,"These are all terrible ideas and none of them are on the theme of ""A Nutcracker Christmas."" I think you should leave.",Interpersonal
338,3,10,A Benihana Christmas (Parts 1&2),Angela,"You tried this out, and it's clearly not for you. It's time to go. Come on.  Please.  Thank you. OK, thank you very much. ",Interpersonal
339,3,10,A Benihana Christmas (Parts 1&2),Angela," What is that?  The ""Committee to Plan Parties invites you to a margarita-karaoke Christmas?"" There's no such thing as the ""Committee to Plan Parties.""",Logistics
340,3,10,A Benihana Christmas (Parts 1&2),Angela,"No, that is not a party. There's only one party and it's hosted by the Party PLANNING Committee and it starts at three o'clock.",Logistics
341,3,10,A Benihana Christmas (Parts 1&2),Angela,"Pam, don't tell her what to do! Phyllis.",Interpersonal
342,3,10,A Benihana Christmas (Parts 1&2),Angela,I have a very important announcement to make... about... your paychecks. Umm... Your paychecks will be arriving as scheduled on Friday. And they will be in the correct amount that they are normally in... Please stand by for a very important announcement... refer.. for further regarding your paycheck! ,Logistics
343,3,10,A Benihana Christmas (Parts 1&2),Angela," Also, I would like to inform you that, um, as a special treat, my party will be starting early. In fact, it will be starting right now ",Logistics
344,3,10,A Benihana Christmas (Parts 1&2),Angela,"I don't back down. My sister and I used to be best friends, and we haven't talked in 16 years. Over some disagreement, I don't even remember. So... yeah. I'm pretty good.",Personal
345,3,10,A Benihana Christmas (Parts 1&2),Angela,I'm not sure. Does your karaoke machine have Christmas songs?,Logistics
346,3,10,A Benihana Christmas (Parts 1&2),Angela," Little baby, parum pum pum pum. I am a poor boy too, parum pum pum pum. I have no gift to bring, parum pum pum pum. That's fit to give our King, parum pum pum pum..",Humour
347,3,12,Back from Vacation,Toby,"Wish it were true, but it, it uh, seems from that photo that you took, you've entered into an intimate relationship.",HR
348,3,12,Back from Vacation,Toby,"Michael, nine different people emailed me that photo, including my ex-wife... we don't talk now.",Personal
349,3,12,Back from Vacation,Toby,"You know, for your own protection, you should disclose the relationship to HR.",HR
350,3,12,Back from Vacation,Toby,"All right, if you're having a relationship with your superior, you must disclose it.",HR
351,3,12,Back from Vacation,Angela,"OK, we only have three hours people to plan a whole luau, and you're not helping.",Logistics
352,3,12,Back from Vacation,Jan,I was in Scottsdale visiting my sister.,Personal
353,3,12,Back from Vacation,Jan,"Very sunny. Family's important. Michael, I would like to speak with you, in your office.",Logistics
354,3,12,Back from Vacation,Jan,"In the last year, I've gone through a divorce, an identity theft, a husband who would not... communicate. This is nether here or there. My psychiatrist thinks that I have some self-destructive tendencies and that for once, I should indulge them. You following me?",Personal
355,3,12,Back from Vacation,Jan,"I think I owe it to myself to find some kind of happiness, you know? I mean, even, even if it means... lowering my expectations or, or redefining the word, itself.",Personal
356,3,12,Back from Vacation,Jan,"This is the kind of thing, you know? I am... attracted to you. I, I don't know why, I... but, I am. And, I need to follow my instincts. At least that's what Dr. Perry thinks.",Personal
357,3,12,Back from Vacation,Jan,"This is the point, OK? You're wrong for me. In... In... every way. But I still find myself wanting to... be with you.",Personal
358,3,12,Back from Vacation,Jan,"Wait 15 minutes, find an excuse, and meet me at your condo.",Personal
359,3,13,Traveling Salesmen,Angela,This friend of mine - let's call her Noelle - she missed this deadline turning something in to Corporate in New York. But then this gallant gentleman - we'll call him Kurt - he drove all the way to New York and handed it in for her. That's... I don't know. I guess he really just likes her a lot.,Personal
360,3,13,Traveling Salesmen,Angela,That's great Pam. I like having these little moments with you. You know what? Sprinkles recently had kittens.,Personal
361,3,13,Traveling Salesmen,Angela,I would like to offer you the dominant male. His name is Ash.,Personal
362,3,13,Traveling Salesmen,Jan,"Dwight's name is on the security sign-in sheet, but I don't know who he met with. And where it asks to state your business, he wrote ""Beeswax. Not yours, Inc.""",Logistics
363,3,13,Traveling Salesmen,Angela,"How is going to be ok, Dwight? Everyone will know our business.",Interpersonal
364,3,13,Traveling Salesmen,Angela,I hate those two people more than anything in the entire world.,Opinions
365,3,13,Traveling Salesmen,Angela,"Dwight, from sales, was one of the most honorable and efficient employees this company has ever had.",Opinions
366,3,14,The Return,Angela,Oscar? I have a question. Would you like to join the party planning committee?,Logistics
367,3,14,The Return,Angela,No. No. Certain events have transpired. And I've thought about certain things. And I'm sorry for the way those certain events transpired.  And I would just like to make some changes about certain things and certain situations.,Interpersonal
368,3,14,The Return,Oscar,I really have no preference. We don't even have to have a party.,Opinions
369,3,14,The Return,Oscar,Why don't you have me riding in on a donkey into the office like Pepe.,Humour
370,3,14,The Return,Angela,"I wanted to let you know that Dwight was late that morning because he was driving to New York to drop off the correlated documents that I forgot to send. Though to be fair, Kevin never reminded me.",Logistics
371,3,15,Ben Franklin,Angela,Under no circumstance should a man strip off his clothes in this office.,HR
372,3,15,Ben Franklin,Angela,Sparkling cider is very good.,Opinions
373,3,15,Ben Franklin,Jan," Michael, I left a meeting. What is so urgent? Are you, are you okay?",Logistics
374,3,15,Ben Franklin,Jan,You went to a bachelor party at work?,Logistics
375,3,16,Phyllis' Wedding,Angela,"Congratulations, Phyllis. You look lovely. Your dress is very white. So white, my eyes are burning.",Humour
376,3,17,Business School,Toby,The simple solution would be to open a window... if we had... windows that could open.,Opinions
377,3,17,Business School,Toby,"Oh, this looks great. I'd, I'd love to be there, but my daughter's play is tonight. ... Damnit! You know, one of the other parents will probably videotape it.",Personal
378,3,17,Business School,Toby,"Well, it's important to support local art, you know. And what they do is not art.",Opinions
379,3,17,Business School,Oscar,"Well, those aren't Pam's strong points.",Interpersonal
380,3,18,Cocktails,Jan,"Hi, Dwight. Ok, Michael, take me off speaker phone.",Logistics
381,3,18,Cocktails,Jan,...and just like rip into each other like we did on that black sand beach in Jamaica.,Personal
382,3,18,Cocktails,Jan,"I'm sure that it's catered. I need you to sign these, Michael. It's a waver of some of your rights. You should read it carefully. It releases the company in the event that our relationship, in your opinion or in reality, interferes with work. You get a copy, I get a copy, and a third copy goes to HR.",Logistics
383,3,18,Cocktails,Jan,You realize this is a legal document that says you can't sue the company.,HR
384,3,18,Cocktails,Jan,"I am taking a calculated risk. What's the upside? I overcome my nausea, fall deeply in love, babies, normalcy, no more self loathing. Downside? I, uh, date Michael Scott publicly and collapse in on myself like a dying star.",Personal
385,3,18,Cocktails,Jan,"What's this over the ""i""?",Humour
386,3,18,Cocktails,Jan,Why is this so hard? That's what she said. Oh my God. What am I saying?,Humour
387,3,18,Cocktails,Jan,"Of course, of course, David. Do you remember Michael Scott?",Logistics
388,3,18,Cocktails,Jan,"David, can I, um, speak to you privately for just a moment, please.",Logistics
389,3,18,Cocktails,Jan,"We're good.  Michael, stop. Please stop that, ok?",Interpersonal
390,3,18,Cocktails,Jan,"I, Michael, I think David probably wants to spend Christmas here with his family.",Personal
391,3,18,Cocktails,Jan,I'm sorry. You're just going to have to excuse us for just a couple minutes.,Interpersonal
392,3,18,Cocktails,Jan,Don't you know what I'm doing?,Interpersonal
393,3,18,Cocktails,Jan,Just let me loosen my dress.,Personal
394,3,18,Cocktails,Jan,"Slam me up against the wall, right here.",Personal
395,3,18,Cocktails,Jan,"Oh, I'm acting inappropriate? Get out.",Interpersonal
396,3,18,Cocktails,Jan,I feel sick.,Personal
397,3,18,Cocktails,Jan,"No, we were good when we were just running around, you know, in secret. It was wrong and it was exciting. Maybe it was a mistake to take it public.",Personal
398,3,18,Cocktails,Jan,"It was never a love contract, Michael and besides, I have already given a copy to David and it would be just as embarrassing to get it back as I was handing it to him.",Logistics
399,3,18,Cocktails,Jan,"Tired. I'm tired. And I didn't eat enough. And, and, that's all. That was it.",Personal
400,3,18,Cocktails,Jan,That's all. I didn't mean it. That's all. I'm just saying I didn't mean it.,Interpersonal
401,3,19,The Negotiation,Jan,"Michael, last Friday one of your employees attacked another employee in your office!",HR
402,3,19,The Negotiation,Jan,"Ok, what... what is the situation Toby?",HR
403,3,19,The Negotiation,Toby,"Well, we fired Roy, obviously. And Jim won't press charges against Roy or the company.",HR
404,3,19,The Negotiation,Toby,"Yeah, um, but now apparently Darryl has some issue with his...",HR
405,3,19,The Negotiation,Jan,"All right, well are you gonna take care of this?",HR
406,3,19,The Negotiation,Jan,"What did I tell you about ""yeppers?""",Interpersonal
407,3,19,The Negotiation,Jan,I told you not to say it. Do you remember that?,Interpersonal
408,3,19,The Negotiation,Oscar,"Well, I heard some shouting. And I look over and Roy's by reception and you could just tell he's gonna punch somebody. Jim says something. Roy stomps over there. All of the sudden, BAM. Roy goes down, and Dwight's standing there like an action hero.",Logistics
409,3,19,The Negotiation,Toby,"There's a bunch of people back here, maybe...",Logistics
410,3,19,The Negotiation,Toby,"I don't think Michael intended to punish me, by putting Ryan back here with Kelly. But, if he did intend that? Wow. Genius.",Interpersonal
411,3,19,The Negotiation,Angela,"What happened, exactly? I wasn't here, so I haven't really heard the whole story.",Logistics
412,3,19,The Negotiation,Jan,"Why don't we talk next month, after the quarter ends?",Logistics
413,3,19,The Negotiation,Jan,"Today. All right, well, uh, if you want to do it today, we should meet in person, and uh, can you get here by five?",Logistics
414,3,19,The Negotiation,Jan,"Great. Uh, and listen. Because of our, uh, our... you know, situation, we're gonna need to have a third party present.",Logistics
415,3,19,The Negotiation,Jan,"No, Michael. We, we need an HR rep. So, uh, I think you should just bring Toby.",HR
416,3,19,The Negotiation,Jan,"...and we need someone else, in the room, because of our relationship. You know this. Michael, either Toby comes with you, or we don't do it.",HR
417,3,19,The Negotiation,Jan,I have to call you the second I get a new assistant?,Logistics
418,3,19,The Negotiation,Jan,"Hi, Toby.  First---  First off, Michael, this is a salary negotiation. All matters regarding our personal relationship have to be set aside. Are we clear?",HR
419,3,19,The Negotiation,Jan,Right now we can offer you a 6% raise.,HR
420,3,19,The Negotiation,Toby,Just preparing for the deposition.,Logistics
421,3,19,The Negotiation,Toby,This may be the first time that a male subordinate has attempted to get a modest scheduled raise by threatening to withhold s*x from a female superior. It will be a groundbreaking case when it inevitably goes to trial.,HR
422,3,19,The Negotiation,Jan,"Okay, Michael. Please, why don't we just take a break. This is really going nowhere.",Interpersonal
423,3,19,The Negotiation,Jan,What's wrong with you?,Interpersonal
424,3,19,The Negotiation,Jan,"Okay, Michael. I can offer you a 12% raise, but you have got to ask for 15.",HR
425,3,19,The Negotiation,Jan,"No, just... I just need you to ask for it, so I can record that you asked for it. Okay?",Logistics
426,3,19,The Negotiation,Jan,No. But we can offer you 12.,HR
427,3,20,Safety Training,Toby,"Ok, um, one thing that you're gonna want to look out for is carpal tunnel syndrome. It's recommended that you take a ten minute break from typing every hour. For your circulation, you're gonna want to get up out of your chairs and uh, and move around about ten minutes every hour.",Logistics
428,3,20,Safety Training,Toby,"Um, yeah. You're computer screen can be a big strain on your eyes, so uh, it's also recommended that you step away for about... about ten minutes every hour.",Logistics
429,3,20,Safety Training,Toby,"No, no. Um, you always want to keep a sweater or cardigan of some sort, in case it gets drafty.",Logistics
430,3,21,Product Recall,Oscar,I wonder how many phone calls you're missing while you're teaching us to answer calls.,Logistics
431,3,21,Product Recall,Angela,Can you just tell us what we need to do so we can go?,Logistics
432,3,21,Product Recall,Angela," Excuse me? Well, I don't see how that's our fault. And I've already told you, the official position of Dunder Mifflin is apologetic, so I don't know what you want from me. ",Logistics
433,3,21,Product Recall,Angela,"...and the company has already apologized, so you can take that apology or not.   I think he had Tourette's or something!",Logistics
434,3,21,Product Recall,Angela,"Yeah, well you didn't know that when you filled out this payroll form.",HR
435,3,22,Women's Appreciation,Toby,I don't think laughing about it is an appropriate response.,HR
436,3,22,Women's Appreciation,Jan,"...come over after work tonight, OK? I miss your body.",Personal
437,3,22,Women's Appreciation,Jan,"I'll give you $200. And if I get up before you, I'll leave it on the dresser.",Personal
438,3,22,Women's Appreciation,Jan,"You know whatever. Just let my assistant know if you're coming over so he can get more vodka, OK? Hunter, are you on?",Logistics
439,3,22,Women's Appreciation,Angela,Malls are just awful and humiliating. They're just store after store of these horrible salespeople making a big fuss out of an adult shopping in a junior's section. There are petite adults who are sort of... smaller who need to wear... maybe a kids' size 10.,Opinions
440,3,22,Women's Appreciation,Angela,"Meredith, slow down! We're not gonna get there any faster if we're dead.",Humour
441,3,22,Women's Appreciation,Angela,"Sometimes, the clothes at GapKids are just too flashy. So I'm forced to go to the American Girl store and order clothes for large colonial dolls.",Personal
442,3,22,Women's Appreciation,Jan,"Michael...  I was, um... I was really unhappy with our conversation earlier. And I... I just - I couldn't stop thinking about it. So I decided that I would drive down here and apologize to you in person. So...  I'm sorry.",Interpersonal
443,3,22,Women's Appreciation,Jan," Oh. Hold on, I'm sorry.",Interpersonal
444,3,22,Women's Appreciation,Jan,"One second. Oh! It's from you. Uh, you wanna grab some dinner?",Personal
445,3,22,Women's Appreciation,Jan,"OK.  ""It's me, Michael. I'm just calling to say that I think we need a little break, permanently. And, uh, I know everybody says this, but I want...""",Interpersonal
446,3,23,Beach Games,Angela,I knew you were saying sabotage. I was giving you an example of it. I will misunderstand everything that Andy says until he goes insane.,Interpersonal
447,3,23,Beach Games,Oscar,If either of these guys are put in charge of the office I will transfer to Albany. Gil can come if he wants. I'm kinda looking for a way out of that relationship anyway. I think I might try girls for a while. Angela thinks I can cross over. We'll see.,Personal
448,3,23,Beach Games,Angela,I'm not going to talk through the fire after your disgusting feet have gone through.,Humour
449,3,23,Beach Games,Angela,"Or Mrs. ""Outside Hire.""",Humour
450,3,24,The Job (Parts 1&2),Oscar,"Hey, Pam I've been meaning to say something to you. I really miss our friendship. ",Interpersonal
451,3,24,The Job (Parts 1&2),Angela,"No Dwight, I don't care if that is how they consolidated power in ancient Rome.",Humour
452,3,24,The Job (Parts 1&2),Jan,"I'm great. Uh, can we, can we talk... privately... for a minute?",Interpersonal
453,3,24,The Job (Parts 1&2),Jan,"I just,  I uh... I don't uh... I, I don't, I don't like the way that we left things.",Interpersonal
454,3,24,The Job (Parts 1&2),Jan,"Sorry to drop by unexpectedly. I uh, I tried calling, but I kept getting voice mail.",Interpersonal
455,3,24,The Job (Parts 1&2),Jan,"After you ended... everything with us, I went on a vacation.",Personal
456,3,24,The Job (Parts 1&2),Jan,"It was. Yeah, it was good.  I think I'll just get right to the point, you know? Um, I, I feel good about myself for the first time in a really long time.",Personal
457,3,24,The Job (Parts 1&2),Jan,I've made some big changes in my life and... I miss you. I want us to get back together.,Personal
458,3,24,The Job (Parts 1&2),Jan,So...  there are a lot of things that I would like to do differently.,Interpersonal
459,3,24,The Job (Parts 1&2),Jan,"I feel like, when we first got together, that I had a problem with my priorities.",Interpersonal
460,3,24,The Job (Parts 1&2),Jan,And if we could talk about a way to approach a possible reconciliation...,Interpersonal
461,3,24,The Job (Parts 1&2),Oscar,Do you really think he's qualified for that job?,Logistics
462,3,24,The Job (Parts 1&2),Jan,How was your interview?,Logistics
463,3,24,The Job (Parts 1&2),Jan,What's... what's the matter? What... what happened in there?,Interpersonal
464,3,24,The Job (Parts 1&2),Jan,Tell me what?,Interpersonal
465,3,24,The Job (Parts 1&2),Jan,You son of a bitch!,Interpersonal
466,3,24,The Job (Parts 1&2),Jan,"No, I wanna know. I wanna know! Because if it is, then, then, then I will see you in court!",HR
467,3,24,The Job (Parts 1&2),Jan,"'Cause he likes them.  Okay? He likes them. And, and that is, that is all I care about.",Interpersonal
468,3,24,The Job (Parts 1&2),Jan,"Okay, you know what? I'm just not leaving. I'm not leaving. Not leaving.",Interpersonal
469,3,24,The Job (Parts 1&2),Jan,"Don't let them change you, okay?  So long, .",Interpersonal
470,3,24,The Job (Parts 1&2),Jan,"Oh, just... No, actually I think it's good, you know? It's fine, actually, I do. I really think it's great that it happened. Because, you know, my work has always been the thing that has gotten in the way of my happiness, so... ",Personal
471,3,24,The Job (Parts 1&2),Jan," Oh, I know, I know. It's just... I'm sorry. It's just these painkillers that I started taking since the surgery. Ohhh! They make my moods totally unpredictable! Wow! What am I gonna do?",Personal
472,3,24,The Job (Parts 1&2),Jan,"Live together. Actually, wait a minute! This could be great! This could be perfect! You know, my full-time job could be our relationship. I could wear stretch pants and wait for you to come home at 5:15.  It could work. This could work, really!",Personal
473,4,1,Fun Run (Parts 1&2),Oscar,"I don't know, there is no evidence of intimacy. They've been in remarkably good moods. It could be other things.",Interpersonal
474,4,1,Fun Run (Parts 1&2),Angela,"She's been sick for some time. Thank you for asking, no one asks... about Sprinkles.",Personal
475,4,1,Fun Run (Parts 1&2),Angela,"I have to give her her meds, I have to pet her, and who will she eat lunch with?",Personal
476,4,1,Fun Run (Parts 1&2),Angela,"There's bad blood, jealousies, cliques.",Interpersonal
477,4,1,Fun Run (Parts 1&2),Angela,Can you do me a little favor? Go to my place at lunch and give Sprinkles her medicine.,Personal
478,4,1,Fun Run (Parts 1&2),Angela,"There's a diabetes shot, roll the insulin in your hand, don't shake it. She gets an ace inhibitor with her meal, but you have to put her right in front of the dish or she won't see it because of the cataracts. Mix one capsule of omega fatty acid in with her kidney medicine, um... and you want to give that to her 15 minutes after she's eaten. And, oh and there's a fungal cream because she has this infection under her tail, so you're gonna have to lift her tail and put the cream right at the base of her tail.",Personal
479,4,1,Fun Run (Parts 1&2),Toby,"No, I did not violate an Indian burial ground. In fact I had some good luck recently, Alfredo's Pizza, picked my business card out of the basket, so... uh, I got a week of free pies.",Humour
480,4,1,Fun Run (Parts 1&2),Angela,Sprinkles never hurt a soul. God in your infinite wisdom how could you do this? She wasn't ready. She had so much left to accomplish.,Personal
481,4,1,Fun Run (Parts 1&2),Angela,"This is Sprinkles.  She was my best friend. I kept her going through countless ailments. I asked Dwight Schrute to feed her once, and she is now deceased. This is Halloween last year,  just a couple of kittens  out on the town.",Personal
482,4,1,Fun Run (Parts 1&2),Angela,"Pssst. I'm having relationship problems. And since you're always having relationship problems, I thought you'd be able to give me some advice.",Personal
483,4,1,Fun Run (Parts 1&2),Angela,"I have this crazy thought, that I know is crazy. That maybe Dwight killed my cat.",Personal
484,4,1,Fun Run (Parts 1&2),Angela,"When I got home, Sprinkles' body was in the freezer where Dwight said he left her, but all my bags of frozen french fries had been clawed to shreds.",Personal
485,4,1,Fun Run (Parts 1&2),Jan,There's no prize money.,Logistics
486,4,1,Fun Run (Parts 1&2),Jan,So I heard that you were peeping on Michael.,Interpersonal
487,4,1,Fun Run (Parts 1&2),Jan,"I don't know what your deal is, but he's mine, OK? So hands off.",Interpersonal
488,4,1,Fun Run (Parts 1&2),Oscar,"You're doing great Michael, look at you go!",Interpersonal
489,4,1,Fun Run (Parts 1&2),Jan,Michael that's irrational.,Opinions
490,4,1,Fun Run (Parts 1&2),Toby,"I'm makin' great time. Usually I have to take a bathroom break half way through a race like this, but not today.",Humour
491,4,1,Fun Run (Parts 1&2),Angela,The vet is removing all of Sprinkles organs right now and sending them to the lab.,Personal
492,4,1,Fun Run (Parts 1&2),Angela,Well then she barfed them up in the freezer and tried to get out.,Personal
493,4,1,Fun Run (Parts 1&2),Angela,"Cat Heaven is a beautiful place, but you don't get there if you're euthanized.",Personal
494,4,3,Dunder Mifflin Infinity (Parts 1&2),Toby,"...about some other people engaging in PDA and, you know  I just wanted to remind it's not appropriate to, to do that.",HR
495,4,3,Dunder Mifflin Infinity (Parts 1&2),Angela," For the record, I have never been involved with anyone at work, in any capacity.",HR
496,4,3,Dunder Mifflin Infinity (Parts 1&2),Angela,I can't believe you just thought you could replace Sprinkles. Before she's even in the ground.,Personal
497,4,3,Dunder Mifflin Infinity (Parts 1&2),Toby,"Oh well, you know, those were only for, you know  relationships, so... if, if this is just a casual thing, there's no need, really.",Personal
498,4,3,Dunder Mifflin Infinity (Parts 1&2),Angela,"Hello, Dwight. I've been thinking about things and I wanted to know if you would have dinner with me tonight?",Interpersonal
499,4,3,Dunder Mifflin Infinity (Parts 1&2),Angela,I would prefer a public place. See you after work.,Interpersonal
500,4,3,Dunder Mifflin Infinity (Parts 1&2),Jan,"Well, not exactly my job... I had a different title.",Logistics
501,4,3,Dunder Mifflin Infinity (Parts 1&2),Jan,"Different salary.  You'll get there, don't worry.",Logistics
502,4,3,Dunder Mifflin Infinity (Parts 1&2),Jan,Best decision I ever made.,Opinions
503,4,3,Dunder Mifflin Infinity (Parts 1&2),Jan,You know what? I love the beard. Keep it forever. ,Opinions
504,4,3,Dunder Mifflin Infinity (Parts 1&2),Jan,"So, what's Ryan doing here?",Interpersonal
505,4,3,Dunder Mifflin Infinity (Parts 1&2),Jan,He's such a snake.,Opinions
506,4,3,Dunder Mifflin Infinity (Parts 1&2),Jan,I hope he's gets hit with an ageism suit.,Logistics
507,4,3,Dunder Mifflin Infinity (Parts 1&2),Jan,"Ageism? Companies they can't discriminate against people due to old age. Like a couple years ago we tried to force out some of the older branch managers with a mandatory retirement age and then Ed Truck, your old boss, threatened us with a lawsuit, so we had to back off.",HR
508,4,3,Dunder Mifflin Infinity (Parts 1&2),Angela,I can't do this. I can't be with you. Every time I look in your eyes I see Sprinkles' stiff lifeless body.,Personal
509,4,3,Dunder Mifflin Infinity (Parts 1&2),Angela,I will leave your toothbrush on top of your tire tomorrow morning. ,Personal
510,4,3,Dunder Mifflin Infinity (Parts 1&2),Toby, This is everybody else... okay... This is the place... so thanks for the lift.,Logistics
511,4,5,Launch Party (Parts 1&2),Angela,I feel angry. Angry at you. Angry at you for doing something stupid. Angry at me for believing you could do something not stupid.,Opinions
512,4,5,Launch Party (Parts 1&2),Angela,"Then it would say lanch party, Kevin. Would it really be better if it said lanch party?",Logistics
513,4,5,Launch Party (Parts 1&2),Angela,"Plan a party, Angela. Oh! And the entire world will see it. Oh! And here's $65.00 for your budget. Oh and here are four idiots who'll do nothing but weigh you down. Oh. And your cat's still dead.",Logistics
514,4,5,Launch Party (Parts 1&2),Jan," My friends? Michael, I was terminated.",HR
515,4,5,Launch Party (Parts 1&2),Jan,Is it really that important to you?,Interpersonal
516,4,5,Launch Party (Parts 1&2),Angela,I asked for assorted cutlery and I got back spoons. These are worthless.,Logistics
517,4,5,Launch Party (Parts 1&2),Angela,"Phyllis. These are spoooons. Spoons have rounded tops, and are used to scoop things. What we need are forks, which have prongs, or tiny spears on top. And we need knives, which have blades. Do you understand me now?",Humour
518,4,5,Launch Party (Parts 1&2),Angela,Because there's a party! A party for the website I've been planning for two weeks.,Logistics
519,4,5,Launch Party (Parts 1&2),Angela,"How do you tell someone it's over? You send them a notarized letter, right? Well, what if the recipient is your notary?",Logistics
520,4,5,Launch Party (Parts 1&2),Angela,Hey. Do you have any men that you can fix me up with? I would like to have a relationship with a man.,Personal
521,4,5,Launch Party (Parts 1&2),Oscar,"Michael, there's a very big difference between these two pizza places. Both in quality of ingredients, and overall taste. Which one did you order from?",Opinions
522,4,5,Launch Party (Parts 1&2),Angela,It should take no time at all if you put the care into it that you normally do.,Personal
523,4,5,Launch Party (Parts 1&2),Angela,"I have been working on a party for three weeks that just got thrown out the window. So now I've got to pull together a whole new party, and my useless number two quit, so now there's no one in charge of orchids, chocolates, or the thing that's made of ice. And my upper back itches, and it's itched all day, and I can't reach it, and Kevin had Greek food for lunch again.",Logistics
524,4,5,Launch Party (Parts 1&2),Angela,"I needed another hour, it could have been done in another hour.",Logistics
525,4,5,Launch Party (Parts 1&2),Angela,That's why you're not in charge Meredith.,Logistics
526,4,7,Money (Parts 1&2),Jan,"Well, they both go with the carpet I've ordered, and if you go with the brown leather on the sofas, then they go with that too.",Opinions
527,4,7,Money (Parts 1&2),Jan,A futon's not a sofa.,Opinions
528,4,7,Money (Parts 1&2),Jan,Conniving little runt. Put him through.,Interpersonal
529,4,7,Money (Parts 1&2),Jan,"So, um, I forgot to tell you that I need the car tonight.",Logistics
530,4,7,Money (Parts 1&2),Jan,"Why? Improv? Why don't you just pretend you have a car? Good practice, incase you ever do a scene where you need to pretend you have a car?",Humour
531,4,7,Money (Parts 1&2),Angela,What about my cherub figurine?,Personal
532,4,7,Money (Parts 1&2),Angela,"No I left it on my night table--- your night table, by the lamp.",Personal
533,4,7,Money (Parts 1&2),Jan,"You drive, I had too much wine.",Personal
534,4,7,Money (Parts 1&2),Toby,"It was Ryan wanted Michael, the subject, to explain the computer system, the object.",Logistics
535,4,7,Money (Parts 1&2),Toby,"To whomever, meaning us, the indirect object. Which is the correct usage of the word.",Opinions
536,4,7,Money (Parts 1&2),Oscar,"Hey, I just wanted you to know that you can't just say the word bankruptcy and expect anything to happen.",Logistics
537,4,7,Money (Parts 1&2),Oscar,"Okay, the green bar is what you spend every month on stuff you need, like a car and a house.",Logistics
538,4,7,Money (Parts 1&2),Oscar,"The red bar is what you spend on non-essentials, like magazines, entertainment, things like that.",Logistics
539,4,7,Money (Parts 1&2),Oscar,"This scary black bar is what you spend on things that no one ever, ever needs, like multiple magic sets, professional bass fishing equipment.",Humour
540,4,7,Money (Parts 1&2),Oscar,"So due to Michael's clever financial maneuvering, he finds himself tremendously in debt.",Logistics
541,4,7,Money (Parts 1&2),Jan," Michael, how did this happen? Where did all your money go? I don't, I don't get this. I really don't. I don't know how you could be so irresponsible. I mean, this is, it is astounding to me, really. I don't know what more to say.",Interpersonal
542,4,7,Money (Parts 1&2),Jan," Well, is he coming right back?",Logistics
543,4,7,Money (Parts 1&2),Angela," You may ask me out to dinner. Nothing fancy or foreign, no bars, no patios, no vegetables, and no seafood.",Personal
544,4,7,Money (Parts 1&2),Jan,"Well, why are you sitting on a train? Where are you going?",Personal
545,4,7,Money (Parts 1&2),Jan,What does that mean?,Opinions
546,4,7,Money (Parts 1&2),Jan,"Michael, come on. Running away from your problems won't solve anything. You know that.",Interpersonal
547,4,7,Money (Parts 1&2),Jan,"Your creditors can follow you anywhere with ease. Your debt follows you around the world, electronically.",Logistics
548,4,7,Money (Parts 1&2),Jan,"Uh, Michael, come on, come on, you can deal with this. It's not that bad.",Interpersonal
549,4,7,Money (Parts 1&2),Jan,"Well, when my life fell apart and they, and they screwed me in New York, and I felt like my whole world was collapsing around me, I didn't have anyone. I mean, my whole family still won't even talk to me, on the advice of counsel, and my friends were just waiting for this to happen.",Personal
550,4,7,Money (Parts 1&2),Jan,"Michael, no, what I want to say is you were there for me. By my side. Without even a thought. That's just who you are. I mean, no matter how badly I treat you, or what I'm going through, you just, you are there for me. And that is a guy worth staying beside. So, where's this train taking us?",Personal
551,4,7,Money (Parts 1&2),Jan,I'm keeping them. I know you like them. They're kind of uncomfortable though.,Personal
552,4,7,Money (Parts 1&2),Jan,It's kind of painful and my nipples are over-sensitive now.,Personal
553,4,9,Local Ad,Oscar,When I was younger I always wanted to be an actor in commercials. Then I realized I had a brain.,Personal
554,4,10,Branch Wars,Oscar,"Besides having s*x with men, I would say that the Finer Things Club is the gayest thing about me.",Personal
555,4,10,Branch Wars,Oscar,Can you imagine a life where all you have to do is summer in the Italian countryside?,Personal
556,4,10,Branch Wars,Toby,"Alright, just know that you're not in the Finer Things Club.",Interpersonal
557,4,10,Branch Wars,Oscar,"And George, his- his youthfulness. His, um, freedom.  Evokes, um, um, feeling, um, to the, um... What are you microwaving!?",Humour
558,4,10,Branch Wars,Toby,What was fun about it for you? Was it the death of the twins?,Humour
559,4,11,Survivor Man,Toby,"I really didn't think I was going to have a good time, but I did. Totally did.",Opinions
560,4,11,Survivor Man,Toby,"Under the stars. It was really beautiful, you should come.",Personal
561,4,11,Survivor Man,Toby,"Me, Dan from Buffalo, Mark Chisholm, Jeff from Albany and Ryan, obviously. Made so many s'mores, that I finally had to say, ""No more s'mores, no more s'mores."" ",Personal
562,4,11,Survivor Man,Toby,"Ryan invited me to go on his wilderness adventure retreat. It was this amazing, beautiful experience ",Personal
563,4,11,Survivor Man,Angela,It's birthday month. Creed's is today. Oscar's is week after next. Meredith's is at the end of the month.  Michael usually goes with red and white streamers...,Logistics
564,4,11,Survivor Man,Oscar," ""Let's be honest, as fun as birthdays are we could all use a break from the constant cake, so let's celebrate birthday month in style today."" This is really cool.",Opinions
565,4,11,Survivor Man,Oscar,"No, totally, totally. This way we get it all out of the way at once and it could actually be fun.",Opinions
566,4,11,Survivor Man,Toby,"Hey, I just got the word on the communal birthdays. Great idea.",Logistics
567,4,11,Survivor Man,Toby,"Well, it... there was. But Michael scheduled it for 4:58 on a Friday. You know, people sang in the parking lot.",Logistics
568,4,11,Survivor Man,Toby,"I don't know, I just thought you could include me.",Interpersonal
569,4,11,Survivor Man,Toby,I just though you could add me. I don't see the harm in that.,Interpersonal
570,4,11,Survivor Man,Angela,"No. No way. I am not a machine, Jim. You can't just change plans willy nilly and expect these little magic party elves to do your bidding. We already have devils food, peach cobbler, Fudgie the Whale, mushroom caps.",Humour
571,4,11,Survivor Man,Toby,I'm allergic to mushrooms.,Personal
572,4,12,The Deposition,Jan,"I don't know, it's just, ugh, I never felt welcomed there, you know? It's such a...boys club.",Interpersonal
573,4,12,The Deposition,Jan,And they displayed a pattern of disrespect and inappropriate behavior.,HR
574,4,12,The Deposition,Jan,"Um, no, I want it up. My hair.",Personal
575,4,12,The Deposition,Jan,"Remember, it isn't just a pattern, It's a pattern of disrespect, and inappropriate behavior.",HR
576,4,12,The Deposition,Jan,"Uh, come on Micheal, that's tacky.",Opinions
577,4,12,The Deposition,Jan,"Stop saying ridiculous things. He's just gonna tell the truth, the truth is-is very...you know, complicated, so we went over it carefully, and-and just so we wouldn't leave anything up to chance or Michael's judgment.",HR
578,4,12,The Deposition,Jan,"Michael, I told you, I am not putting the top down.",Interpersonal
579,4,12,The Deposition,Toby,"Michael, I'm your HR Rep. I'm on your side.",HR
580,4,12,The Deposition,Jan,"Michael, just relax, okay?",Interpersonal
581,4,12,The Deposition,Jan,People underestimate Michael. There are plenty of things that he is well above average at. Like ice skating. He is a very good ice skater.,Opinions
582,4,12,The Deposition,Jan,"Okay, if I may, he was just telling a joke before, so can we move on to another question?",HR
583,4,12,The Deposition,Toby," ...You know, I, uh, I know a little about what you're going through in a way. Um, when I was a kid, my parents got divorced. They both wanted custody, and they both asked me to testify against the other one in court. So, I don't know, I didn't want them getting divorced in the first place you know? I loved them both so much. I just wanted... ",Personal
584,4,12,The Deposition,Jan,"I had to, I'm sorry but I need to win this. We need to win this.",Opinions
585,4,12,The Deposition,Jan,You keep it under my side of the mattress.,Personal
586,4,12,The Deposition,Jan,"Alright, I stole your diary and gave it to my lawyer. You emailed a topless photo of me to everyone in our company. Let's call it even.",HR
587,4,12,The Deposition,Jan,"Michael, I am not the enemy, OK? Dunder Mifflin is the enemy.",Interpersonal
588,4,12,The Deposition,Jan,"Alright, wait. Before you go any further, let me show you what kind of loyalty they have, OK? Lester, please read that part of Wallace's deposition.",HR
589,4,12,The Deposition,Jan,That was my cheap suggestion. Chinese was my cheap suggestion.,Logistics
590,4,13,Dinner Party,Jan,Chilly huh? So glad we finally got to do this with you guys. You wanna take their coats babe?,Personal
591,4,13,Dinner Party,Jan,"Oh well Pam, thank you, this will be great to cook with.",Personal
592,4,13,Dinner Party,Jan,"So what do you guys think, should we do the tour first or the appetizers first?",Personal
593,4,13,Dinner Party,Jan,Do you have a preference babe? Upstairs first?,Personal
594,4,13,Dinner Party,Jan,"Alright, well, let's go then, I say upstairs.",Personal
595,4,13,Dinner Party,Jan,"Yeah, so sorry about this God-awful carpet, we're still a work in progress here.",Personal
596,4,13,Dinner Party,Jan,"I do, I cannot create in the same space I conduct business, I'm sure that you're the same with your doodles.  Smell.",Personal
597,4,13,Dinner Party,Jan,"When I get frustrated, or irritated or... angry, I come up here and I just smell all my candles and it just -poof- goes away.",Personal
598,4,13,Dinner Party,Jan,"So this is the master bedroom, and these walls used to like white, like an asylum. So I wanted it to be softer, So I had it painted in eggshell white.",Personal
599,4,13,Dinner Party,Jan, Babe I thought you said you were going to tidy things up.,Interpersonal
600,4,13,Dinner Party,Jan,"It was between the neon beer sign and the Dundies so I said ""Honey keep the trophies.""",Personal
601,4,13,Dinner Party,Jan,How 'bout we do the short tour and then I'll start dinner?,Personal
602,4,13,Dinner Party,Jan,"Oh no no no, it's just the osso buco needs to braise for about three hours, everything else is done.",Personal
603,4,13,Dinner Party,Jan,"You know Pam, in Spain they often don't start eating until midnight.",Opinions
604,4,13,Dinner Party,Jan,"Do you have a preference, upstairs first?",Personal
605,4,13,Dinner Party,Jan,"So music, should we turn some music?",Personal
606,4,13,Dinner Party,Jan,Do you guys remember my old assistant Hunter? He is an excellent songwriter.,Personal
607,4,13,Dinner Party,Jan,Well I think he's probably just about as reliable as Pam being that it usually takes you an afternoon to get back to me.,Interpersonal
608,4,13,Dinner Party,Angela,Sometimes I think she holds on to faxes.,Logistics
609,4,13,Dinner Party,Jan,"Babe can you just like really, woah, could you just simmer down?",Interpersonal
610,4,13,Dinner Party,Jan,I was watching Jim.,Interpersonal
611,4,13,Dinner Party,Jan,"No no no, no names, no names, no rhyming, no soundalikes.",Humour
612,4,13,Dinner Party,Jan," I'm so, so sorry for the temperature in here. The um, sliding glass door shattered. It's actually a really cute story. Do you wanna tell it babe or should I tell it?",Personal
613,4,13,Dinner Party,Jan,"Come on, it's a cute story, Michael ran through the sliding glass doors because he thought he heard the ice cream truck!",Personal
614,4,13,Dinner Party,Jan,"You are so right, you're so right because before I lived here, the glass was always covered in smudges, and then I moved in and I cleaned it so I guess that makes me the Devil.",Interpersonal
615,4,13,Dinner Party,Jan,"I will get it, I will get it, what kind of hostess would I be if I didn't get. It's okay, I don't mind. In fact you know what, girl's trip, Angela come on. Girl's trip.",Personal
616,4,13,Dinner Party,Jan,"You should see our bathroom after Michael takes a bath, whew. But I don't have to tell you Pam.",Interpersonal
617,4,13,Dinner Party,Jan,Oh well don't tell me that he's really changed since you guys dated.,Interpersonal
618,4,13,Dinner Party,Jan,"Well, Michael told me a little bit about it, but I see the way you look at him.",Interpersonal
619,4,13,Dinner Party,Jan,"Fine, whatever you want, just like always, whatever you want.",Personal
620,4,13,Dinner Party,Jan,We saw Wicked.,Personal
621,4,13,Dinner Party,Jan,"I am so sorry that I don't want to bring kids into this screwed-up world, okay? But look if you want to have kids, then fine you win. Let's have a ing kid.",Personal
622,4,13,Dinner Party,Jan,I hate my life.,Personal
623,4,13,Dinner Party,Angela,The thought of popping one of your beets into my mouth makes me want to vomit.,Opinions
624,4,13,Dinner Party,Jan, Can you not do that? It's disgusting.,Interpersonal
625,4,13,Dinner Party,Jan,How about we take the beer sign down until our guests leave and then we can discuss it.,Personal
626,4,13,Dinner Party,Jan,At least he's an artist.,Opinions
627,4,13,Dinner Party,Jan, AND I'M A CANDLEMAKER BUT YOU DON'T HEAR ME BRAGGING ABOUT IT!,Personal
628,4,13,Dinner Party,Jan,FOR AN INVESTMENT OPPORTUNITY!,Personal
629,4,13,Dinner Party,Jan,YOU BURN IT. YOU BUY IT!,Opinions
630,4,13,Dinner Party,Jan,AND YOU'RE HARDLY MY FIRST!,Personal
631,4,14,Chair Model,Oscar,Been here nine years. Now all of a sudden I'm supposed to park half a mile away.,Logistics
632,4,15,Night Out,Toby,"When I put it in I thought it would be a waste of time, but I guess it was worth it.",Opinions
633,4,15,Night Out,Oscar,We should all make sure to give him a big tip this Christmas.,Logistics
634,4,15,Night Out,Toby,"Sorry guys, but I don't think I tipped him for last year's.",Logistics
635,4,15,Night Out,Toby,"Hey, look what I found in the back.  Wanna play? Teach you to throw.",Humour
636,4,15,Night Out,Toby,"More like ""Everyone let's get your boss laid Saturday.""   I have an announcement uh, to make. I am moving to Costa Rica. Thought about it for a long time now. And I'm finally gonna do it. So, I'm just gonna hop the fence and jog home now. ",Personal
637,4,15,Night Out,Oscar,Why are you assuming they only speak Spanish?,Opinions
638,4,15,Night Out,Oscar," Good evening, we locked ourselves in.  Nosotros trabajamos aqui, nos trancamos, OK?",Humour
639,4,16,Did I Stutter?,Toby,"Uh, I really think that you need to address what happened with Stanley this morning...",Logistics
640,4,16,Did I Stutter?,Toby,"Well, you know, Stanley was openly insubordinate.",Logistics
641,4,16,Did I Stutter?,Toby,He didn't seem like he was joking.,Logistics
642,4,16,Did I Stutter?,Toby,"Alright... Well, um, if you really believe that Stanley was joking...",Logistics
643,4,16,Did I Stutter?,Toby,"You know, Michael, sometimes my daughter's stomach hurts when there's a mean girl at school...",Personal
644,4,16,Did I Stutter?,Toby,"I'd say all the goofing around at Pam's desk, and, and hanging out with Pam, has finally caught up to him... w-with Pam",Interpersonal
645,4,16,Did I Stutter?,Toby,"Well, you can actually fire him.",HR
646,4,18,"Goodbye, Toby (Parts 1&2)",Angela,We have a buttercream cake and a slideshow of Toby.,Logistics
647,4,18,"Goodbye, Toby (Parts 1&2)",Angela,"You always do this! We have a nice, modest party planned, and then you come in and demand the world. Let me be clear. There is simply no money for anything other than a cake and to develop a few more slides... although Toby won't be in them.",Logistics
648,4,18,"Goodbye, Toby (Parts 1&2)",Angela,"No! No! You know what? This is not a party-planning committee anymore! And I don't want your foot money, and I feel uncomfortable participating.",Logistics
649,4,18,"Goodbye, Toby (Parts 1&2)",Toby,"As part of my last day I'm training the new Human Resources rep in the ways of the company. Again, the company has allotted for this training-one day.",HR
650,4,18,"Goodbye, Toby (Parts 1&2)",Toby,So this is H.R. This is your desk.,HR
651,4,18,"Goodbye, Toby (Parts 1&2)",Toby,I'd like to introduce you to my replacement.,HR
652,4,18,"Goodbye, Toby (Parts 1&2)",Toby,"I love it. I love it... I would love a picture of the two of us, to also take to Costa Rica.",Personal
653,4,18,"Goodbye, Toby (Parts 1&2)",Toby,"No, uh...  Does anyone have a camera here?  No one has a camera here. Uh...",Logistics
654,4,18,"Goodbye, Toby (Parts 1&2)",Toby,"Well, we still have to do the exit interview.",HR
655,4,18,"Goodbye, Toby (Parts 1&2)",Toby,"I made it this far, right? What's the point?",Opinions
656,4,18,"Goodbye, Toby (Parts 1&2)",Toby," ""Suck on this.""",Humour
657,4,18,"Goodbye, Toby (Parts 1&2)",Toby,"Thanks, I'm gonna set it to Costa Rica time.",Humour
658,4,18,"Goodbye, Toby (Parts 1&2)",Oscar,"Well this is what happened: uh, Ryan's big project was the website... which wasn't doing so well. So Ryan, to give the impression of sales, recorded them twice: once as office sales, once as website sales. Which is what we refer to in the business as ""misleading the shareholders."" Another good term is ""fraud."" The real crime, I think, was the beard.",Logistics
659,4,18,"Goodbye, Toby (Parts 1&2)",Toby,"I normally do nothing, I guess. No, you shouldn't- ",Logistics
660,4,18,"Goodbye, Toby (Parts 1&2)",Jan,"... we were together. That's true. And-but, you... are not... uh, you're not the dad.",Personal
661,4,18,"Goodbye, Toby (Parts 1&2)",Jan,"...Not to. No, I did not. I did not cheat on you. I did not.",Personal
662,4,18,"Goodbye, Toby (Parts 1&2)",Jan,I went to a sperm bank.,Personal
663,4,18,"Goodbye, Toby (Parts 1&2)",Jan,"No, no no... it's not just any sperm bank. I mean, it's really... this is a really, really great place. It's amazing, actually. I'm gonna bring you the catalogue. You should look through it. It's... and it's-in fact, it's right next to that little breakfast place that you like in the city where you can draw on the tables.",Personal
664,4,18,"Goodbye, Toby (Parts 1&2)",Jan,"If I was 22, and I had lots of time to have lots of children, then sure, let's let Michael have a shot at one of 'em. But, honestly, I need to make this one count.",Personal
665,4,18,"Goodbye, Toby (Parts 1&2)",Jan,"Oh, that's really good. I feel so much better. I just needed to get all that out onto the table.",Personal
666,4,18,"Goodbye, Toby (Parts 1&2)",Jan,"Look, I don't know what you're gonna be doing tomorrow, but I have my Lamaze class in Allentown, and um... you could come. I usually, you know, use a foam noodle instead of a partner...",Personal
667,4,18,"Goodbye, Toby (Parts 1&2)",Toby,"Hey. Hey, you know, I just realized uh, I don't have a picture of the two of us.",Personal
668,5,1,Weight Loss (Parts 1&2),Jan,I need you to make me 100 copies of this on canary yellow.,Logistics
669,5,1,Weight Loss (Parts 1&2),Jan,"Oh, great. Yeah, Serenity by Jan is kicking ass and taking names. You remember last week when that girl went missing? Guess whose candles they used for the vigil?",Personal
670,5,1,Weight Loss (Parts 1&2),Angela,"Listen, dummy! It's not that hard. All you have to do is take the numbers from the sales report and type them into a master spreadsheet. A G.D. monkey could do it. I do not understand why you can't do it.",Logistics
671,5,1,Weight Loss (Parts 1&2),Angela,"I have a nice comforter and several cozy pillows. I usually read a chapter of a book, and it's lights out by 8:30. That's how I sleep at night!",Personal
672,5,1,Weight Loss (Parts 1&2),Angela,No. My doctor wants me to gain weight.,Personal
673,5,1,Weight Loss (Parts 1&2),Oscar,Because it's your making-fun-of-fat-people character.,Interpersonal
674,5,1,Weight Loss (Parts 1&2),Oscar,"I think of him as more like... a monster? What about, ""I say, I say, I say, I'll sit on you!""",Humour
675,5,1,Weight Loss (Parts 1&2),Angela,I hate to even ask because you have been so accommodating about all the wedding stuff.,Personal
676,5,1,Weight Loss (Parts 1&2),Angela,"Is there any way our first dance can be to my favorite song, The Little Drummer Boy?",Personal
677,5,1,Weight Loss (Parts 1&2),Toby," Oh, I went zip lining my third day in Costa Rica. I guess the harness wasn't strapped in exactly right. I broke my neck. And, I've been in the hospital five weeks now. I still haven't seen the beach. It's nice to have visitors.",Personal
678,5,3,Business Ethics,Oscar,That isn't ethics. Ethics is a real discussion of the competing conceptions of the good. This is just the corporate anti-shoplifting rules.,Logistics
679,5,3,Business Ethics,Oscar,"Ok, once in a while I'll take a long lunch.",Logistics
680,5,3,Business Ethics,Angela,"I once reported Oscar to the INS. Turns out he's clean, but I'm glad I did it.",Logistics
681,5,4,Baby Shower,Angela,"Per your instructions, we have the personalized M&Ms with the baby names. This is your boy bowl, with the name ""Chevy."" And this is the girl bowl, with M&Ms with the name ""Astird.""",Logistics
682,5,4,Baby Shower,Angela,"Michael wrote down ""Astird.""",Personal
683,5,4,Baby Shower,Oscar,Why do we have to pay money to get a gift for his ex-girlfriend's unborn sperm bank baby?,Personal
684,5,4,Baby Shower,Jan,This is my baby.,Personal
685,5,4,Baby Shower,Jan,"Well, um, you know, labor just kind of started very suddenly and-",Personal
686,5,4,Baby Shower,Jan,"And the birth instructor thought it wasn't a good idea for you to be there, so...",Personal
687,5,4,Baby Shower,Jan,"OK, you don't have any idea what I've been through, so, let's...",Personal
688,5,4,Baby Shower,Jan,"I'm sorry, I thought today at the baby shower would be a good time for the two of you to meet.",Personal
689,5,4,Baby Shower,Jan,"Yes, yes you can. You know, I think, just leave her in the car seat. Yeah.",Personal
690,5,4,Baby Shower,Jan,"Michael, Michael, Michael, that's... yeah... that's too high. I'll take that.",Interpersonal
691,5,4,Baby Shower,Jan, Being good isn't always easy / No matter how hard I try / When he started sweet-talking to me / He'd come and tell me everything is all right / He'd kiss and tell me everything is all right / Can I get away again tonight / The only one...,Personal
692,5,4,Baby Shower,Jan, How well I remember / The look that was in his eyes / Stealing kisses from me on the sly / Taking time to make time / Telling me that he's all mine / Learning from each other's knowing / Looking to see how much we've grown / And the only one...,Personal
693,5,4,Baby Shower,Jan,"Well, actually, I, uh, I had a tub birth. And it was really, really quite amazing.",Personal
694,5,4,Baby Shower,Jan,"Yeah, it's a really nice transition from womb to world, you know, kind of like a big womb.",Personal
695,5,4,Baby Shower,Jan,"Oh, yeah, the afterbirth floats, yeah.",Personal
696,5,4,Baby Shower,Jan,"Oh no, it's actually really hygienic, Creed.",Personal
697,5,4,Baby Shower,Jan,And after the birth you get out and deliver the afterbirth. ,Personal
698,5,4,Baby Shower,Jan,"You're sad about this. I know that, and I wish that I... but... would it help if you held Astrid for just a, a little bit?",Personal
699,5,4,Baby Shower,Jan,"All right. Um, I'm just going to lie down for a couple of minutes. I'm exhausted, so um. Remind me to talk to you about Astrid's 529. Wake me in twenty.",Personal
700,5,4,Baby Shower,Angela," That's good. Now, I need you to - I need it to look up here. Get the baby to look up here, ready?",Personal
701,5,4,Baby Shower,Jan,What are you doing? What's going on? Excuse me.,Interpersonal
702,5,4,Baby Shower,Jan,You don't flash around a newborn baby. Don't you know that?,Interpersonal
703,5,4,Baby Shower,Jan,"Michael, I need your help.",Interpersonal
704,5,4,Baby Shower,Jan,"Oh, no, Michael, you know what? I really have to go.",Logistics
705,5,4,Baby Shower,Jan,"You know what, where is the stroller that I came in with?",Interpersonal
706,5,4,Baby Shower,Jan,"Ah. Thanks, Dwight.",Interpersonal
707,5,4,Baby Shower,Jan,"OK. You know what? There is, uh, there is one more thing that you can do for me.",Interpersonal
708,5,4,Baby Shower,Jan,Don't date Holly.,Interpersonal
709,5,4,Baby Shower,Jan,Thanks for the baby shower. It was great. And I'll see you... soon.,Personal
710,5,5,Crime Aid,Angela,"Yes, that's correct. I need to cancel checks from 10,001 to 90,000.",Logistics
711,5,5,Crime Aid,Oscar,"So, in order to recoup the value of items we liked, we have to spend more money on things we don't want. Who would ever come to this?",Opinions
712,5,7,Customer Survey,Angela,"OK fine you can have your tent, but only if it's in a field, a hand-plowed field",Opinions
713,5,7,Customer Survey,Angela,There has to be a barn that's old enough that you can see the stars through the roof slats when you lay on your back. And antique tools to look at when you roll over.,Opinions
714,5,7,Customer Survey,Angela,No. But anything within a five- to eight-mile radius is acceptable.,Logistics
715,5,8,Business Trip,Oscar,What do you see in her? Wh -- what do you see in Angela?,Interpersonal
716,5,8,Business Trip,Oscar,I'd like to know. You should call her and ask her. I'd like to know what's wrong with her.,Interpersonal
717,5,8,Business Trip,Oscar,"Do it! It's a--- Call her!  Oh my God, don't call her! Don't call her, Andy.  Andy, don't call her!",Interpersonal
718,5,9,Frame Toby,Angela,"Are you swallowing them whole? You're eating them so fast, are they even touching your tongue?",Humour
719,5,9,Frame Toby,Oscar," ""To whoever made the microwave mess: the microwave is a shared kitchen appliance. By not cleaning it up you are basically telling whoever follows that their time is less valuable, as they will have to scrub out your disgusting splatter. Sincerely, disappointed.""",Logistics
720,5,9,Frame Toby,Oscar,"The note. So ""holier than thou"".",Opinions
721,5,9,Frame Toby,Toby,"Well that's sweet, I missed you guys too.",Interpersonal
722,5,9,Frame Toby,Toby,"Well, um, it was amazing. It really was, thanks for asking. Um the beaches were pristine...",Personal
723,5,9,Frame Toby,Toby,"...and, yeah, the whole thing was incredibly cathartic.",Personal
724,5,9,Frame Toby,Toby,It was actually kind of hard to meet people I found.,Personal
725,5,9,Frame Toby,Toby,"And uh, yeah, plus it was hot.",Opinions
726,5,9,Frame Toby,Toby,"Are you all right, Michael?",Interpersonal
727,5,9,Frame Toby,Toby,Hey guys that's really inappropriate.,HR
728,5,9,Frame Toby,Toby,"I'm not going to punch you, Michael.",Interpersonal
729,5,9,Frame Toby,Toby,"No, why would I punch you?",Interpersonal
730,5,9,Frame Toby,Toby,"Hey, what's going on? You don't have my permission to do this.",HR
731,5,9,Frame Toby,Toby,"Hey, hey what are- why are you doing this?",Interpersonal
732,5,9,Frame Toby,Toby,Don't search my stuff.,HR
733,5,9,Frame Toby,Toby,I have a reasonable right to privacy.,HR
734,5,9,Frame Toby,Toby,That was... I went to Costa Rica for a few months. What is going on?,Personal
735,5,9,Frame Toby,Toby,That is not mine. I have never seen that before.,Interpersonal
736,5,9,Frame Toby,Toby,What is going on here?,Interpersonal
737,5,9,Frame Toby,Toby,"I didn't put caprese salad in my drawer, Michael.",Humour
738,5,9,Frame Toby,Toby,"You know but the police could have been out there you know, catching real criminals instead of here searching my stuff.",Opinions
739,5,9,Frame Toby,Toby,"Well, I don't see it that way.",Interpersonal
740,5,10,The Surplus,Oscar,"Alright, well this is the overall budget for this fiscal year along the x-axis...",Logistics
741,5,10,The Surplus,Oscar,You can see clearly on this page that we have a surplus of $4300.,Logistics
742,5,10,The Surplus,Oscar,But we have to spend that by the end of the day or it will be deducted from next year's budget.,Logistics
743,5,10,The Surplus,Oscar,Your mommy and daddy give you ten dollars to open up a lemonade stand. So you go out and you buy cups and you buy lemons and you buy sugar. And now you find out that it only costs you nine dollars.,Humour
744,5,10,The Surplus,Oscar,"So you can give that dollar back to mommy and daddy, but guess what? Next summer...",Humour
745,5,10,The Surplus,Oscar,"And you ask them for money, they're gonna give you nine dollars. 'Cause that's what they think it costs to run the stand. So what you want to do is spend that dollar on something now, so that your parents think it costs ten dollars to run the lemonade stand.",Humour
746,5,10,The Surplus,Oscar,We have to spend that $4300 by the end of the day or it'll be deducted from next year's budget.,Logistics
747,5,10,The Surplus,Oscar,"Now listen, we are a paper company. How can we take pride in our jobs if we have to put our fine paper in this wretched machine?",Opinions
748,5,10,The Surplus,Toby,"We should really have the office's air quality tested. We have radon coming from below, we have asbestos in the ceilings. These are silent killers.",Logistics
749,5,10,The Surplus,Angela,"Dwight, I thought I knew what I wanted. And then, being here with you and the German Mennonite minister... it just all felt right. I made a mistake picking Andy.",Personal
750,5,10,The Surplus,Oscar,"What's 15% of 200?  Thank you. Everyone, Michael is returning the surplus so he can keep 15% as a bonus.",Logistics
751,5,11,Moroccan Christmas,Angela,I am not going to judge Phyllis for desecrating Christmas. There is one person who will though and Phyllis just stuffed him into a drawer.,Opinions
752,5,11,Moroccan Christmas,Angela,Really Andy? It's Christmas and your singing about nudity and France.,Interpersonal
753,5,11,Moroccan Christmas,Toby,"Michael, we are only allowed to talk about Meredith's work performance. We can not ask her to stop drinking.",Logistics
754,5,11,Moroccan Christmas,Toby,"Michael, We should contact some experts. You don't know what your doing.",Logistics
755,5,11,Moroccan Christmas,Toby," Hey Sasha, it's daddy. Have you ever heard of this doll , Princess Unicorn?",Personal
756,5,11,Moroccan Christmas,Toby,"No, No, No. No, I'm just curious if you've heard of it.",Personal
757,5,11,Moroccan Christmas,Toby,This is great. My ex-wife's going to be so pissed.  For once daddy's gonna be a hero.,Personal
758,5,11,Moroccan Christmas,Toby,"Hey, I'd like to buy one of your dolls.",Personal
759,5,11,Moroccan Christmas,Toby,"But I-- I promised my daughter. Darryl, look-- I-- I need the doll, I need the doll. I-- I'm-- I'm begging you. I just-- I need it more than anything in this world. I need this doll. Darryl, man I need this doll.",Personal
760,5,11,Moroccan Christmas,Toby,I only have $200.,Personal
761,5,11,Moroccan Christmas,Toby,No. It's even-- it's even better than the one I wanted.,Opinions
762,5,11,Moroccan Christmas,Angela,"I'm not moving the tree. Face it. The only power you have over me is this big secret that I know you're not going to tell. And you want to know how I know that? Because then you won't be able to plan your stupid, tacky parties anymore. So you move the tree.",Opinions
763,5,12,The Duel,Oscar,"That was good... It's just, at the end you weren't saying something that could also apply to the form.",Logistics
764,5,12,The Duel,Angela,"Andy, I'm engaged to you. I mean, we just signed off on our wedding flowers. Would I have said yes to formal chrysanthemums if I didn't want to get married? And, we went through all that stuff with our wedding cake...",Personal
765,5,12,The Duel,Angela,"I don't know. I mean, we were together, and then he killed sprinkles, and then we stopped, and... I don't know exactly when we started up again.",Personal
766,5,12,The Duel,Angela,"Andy, we are at a crossroads here. And we can either give in to what people are saying that we're not good together.",Personal
767,5,12,The Duel,Oscar,The Prius is silent if he keeps it under five miles per hour. He deserves the win.,Opinions
768,5,13,Prince Family Paper,Angela,"Ok, I wasn't going to dignify this discussion by getting involved, but I don't even get the discussion, hot is a temperature people. But Kevin deserves to lose for what he said, so, yes, she's hot, she's hot as heck, she's a female Boris Becker.",Opinions
769,5,13,Prince Family Paper,Oscar,"See that, the obvious symmetry of the face? That's a natural appeal of the scientific standard of coin aphelia, features that are a composite average of many features. Yes, she is attractive, but is not hot.",Opinions
770,5,13,Prince Family Paper,Oscar,"That's the thing about debating, you're just going to get people more entrenched in the view they had in the first place. ",Opinions
771,5,14,Stress Relief (Parts 1&2),Angela,I only weigh 82 pounds! Uh-- save Bandit!  Oh!,Humour
772,5,14,Stress Relief (Parts 1&2),Oscar,Michael are you serious? You really want us to roast you?,Interpersonal
773,5,14,Stress Relief (Parts 1&2),Oscar,I consider myself a good person. But I'm gonna try to make him cry.,Interpersonal
774,5,14,Stress Relief (Parts 1&2),Angela,"If you ever wondered if you were Michael Scott, here's a quiz to help. If you ever put sunblock on a window, you might be Michael Scott. ",Humour
775,5,14,Stress Relief (Parts 1&2),Angela,I normally don't enjoy making people laugh. ,Humour
776,5,14,Stress Relief (Parts 1&2),Angela,If you ever called the fire department 'cause your head was stuck in your chair you might be...,Humour
777,5,14,Stress Relief (Parts 1&2),Oscar,Alright Kevin. Enough with the Michael jokes. I think he got it bad enough yesterday.,Interpersonal
778,5,17,Lecture Circuit (Part 2),Angela,"I am proud to announce that there is a new addition to the Martin family.  She's hypoallergenic. She doesn't struggle when you try to dress her. She's a third-generation show cat. Her father was in 'Meet the Parents.' Needless to say, she was very, very expensive.",Personal
779,5,17,Lecture Circuit (Part 2),Angela,He wouldn't have wanted that. Her name is Princess Lady!,Personal
780,5,17,Lecture Circuit (Part 2),Oscar,You have your cats on Nanny-Cam?,Personal
781,5,17,Lecture Circuit (Part 2),Angela,"Yeah.  I mean, I usually try to take leave when I get a new cat, but I'm out of vacation days. And this company still doesn't recognize cat maternity. I mean, when somebody has a kid, oh sure, take off a year.",Personal
782,5,17,Lecture Circuit (Part 2),Angela,Right. Anyways... I just want to make sure Princess Lady is acclimating well. She means more to me than anyone.,Personal
783,5,17,Lecture Circuit (Part 2),Angela,"Stop it, Mr. Ash! Bad cat! That is very bad! You stop it right now! I swear, he is fixed.",Personal
784,5,17,Lecture Circuit (Part 2),Angela,"No, now listen. You can't let what you see here, sully your image of them. They are good, decent cats.  I gotta go. I'll be back in an hour. Oh, stop that! Oh!",Personal
785,5,17,Lecture Circuit (Part 2),Angela," Where is that bad cat? Oh, you know who you are. Excuse me, Petals, I'm looking for Mr. Ash. He's a bad cat. Bad, bad cat. Do you hear me? Bad. Yeah, you were bad. No, you look at me when I talk to you. Do you hear me, Mr. Ash? You look at me. 'Cause I'm talking to you right now.",Personal
786,5,17,Lecture Circuit (Part 2),Oscar,"I want to get that image out of my head. The psychological issues that go behind licking a cat, are not things I want to go into. Also, I'm pretty sure she coughed up a hairball.",Personal
787,5,18,Blood Drive,Oscar,Do you risk telling him how you feel? Do you say something that you can barely admit to yourself?,Interpersonal
788,5,18,Blood Drive,Angela,"Oh God, what did you do? I mean, not that I approve of any of it but...",Interpersonal
789,5,18,Blood Drive,Angela,My worst breakup was actually two breakups. Two different men. I was in love with both of them and when things went bad they had a duel over me.,Personal
790,5,18,Blood Drive,Angela,"No, this was years ago when I was living in Ohio. John Mark and John David.",Personal
791,5,18,Blood Drive,Oscar,"Angela, you had two sets of different men actually duel over you?",Personal
792,5,18,Blood Drive,Oscar,"He made non-refundable deposits on his honeymoons, so he's just knocking them off one at a time. I think today he's hot air ballooning and later he's got a couple's massage.",Personal
793,5,18,Blood Drive,Oscar,Why do you always go to that? Has anyone ever been after anyone in this office?,Logistics
794,5,19,Golden Ticket,Oscar,They're our largest client.,Logistics
795,5,19,Golden Ticket,Oscar,"Michael, what do you think shutting down a branch is?",Logistics
796,5,19,Golden Ticket,Oscar,These aren't announcements.,Logistics
797,5,20,New Boss,Angela,"Really? I don't see it. I mean, he's ok, he's not unattractive, it's. . .",Interpersonal
798,5,20,New Boss,Angela," Charles and Kelly? Absolutely not. He is a sophisticated man. He does not need to go dumpster-diving for companionship, ok?",Humour
799,5,21,Two Weeks,Angela,"Well, wouldn't it feel good to tell him that he was incompetent?",Interpersonal
800,5,21,Two Weeks,Oscar,I love a good quitting story. It makes me feel like I have control over my own life. Gives me hope. Maybe I will have one of own someday.  But I dream... so...,Logistics
801,5,21,Two Weeks,Angela,"I'm sorry, I didn't realize you were with anyone. I just wanted to bring you the brochure on that accounting seminar that I was telling you about. Earlier.",Logistics
802,5,21,Two Weeks,Angela,"Okay, um, actually you know it was so much fun last year. There was a Sunday-bar. I mean I didn't have any, you know, to stay trim.",Logistics
803,5,21,Two Weeks,Oscar,"Do you have a business plan? A funding request? Market research, financials?",Logistics
804,5,21,Two Weeks,Oscar,"You need those things. Most new businesses, they don't make a profit till at least two years. And then your margins will be razor thin. Best case scenario, you don't cut yourself a salary for at least 5 years. Can you go 5 years without a salary, Michael?",Logistics
805,5,21,Two Weeks,Oscar,"And just like that. As mysteriously as he arrived, he was gone. ",Humour
806,5,21,Two Weeks,Toby,"Michael is like a movie on a plane. You know, it's not great, but it's something to watch. And when it's over you're like... how much time is left on this flight? Now what?",Humour
807,5,23,The Michael Scott Paper Company,Toby,"Not much? What's up with you?  Nah it's okay. I'm in the bathroom. Hey you been watching Damages this year? It's so good. No, you gotta tune in, it's as good as anything on HBO.  Hey does blue go with tan?",Humour
808,5,23,The Michael Scott Paper Company,Toby,"I have like, like a blue shirt? I don't wear a lot of colors, I have a lot of tan. Uh huh.",Personal
809,5,23,The Michael Scott Paper Company,Oscar,I don't know but it sounds like the rundown is really important.,Logistics
810,5,25,Broke,Angela,"Charles, I got your memo. Thank you. I want you to know I'm putting my foot down when it comes to expense reports. Waste not, want not.",Logistics
811,5,26,Casual Friday,Angela,The man is wearing sandals. I don't need to see Oscar's toes at work. Gross! I mean he looks like he just got off the boat.,Interpersonal
812,5,26,Casual Friday,Toby,Can't you just not look at his feet?,Interpersonal
813,5,26,Casual Friday,Angela,"Excuse me? Oh. You're so educated, aren't you Toby? So trained to deal with a hysterical woman. I don't want to look at his feet.  Do your job!",Interpersonal
814,5,26,Casual Friday,Toby,"Well, I was in the Seminary for a year and dropped out 'cause I wanted to have s*x with this girl, Cathy. Followed her to Scranton. Took the first job I could find in H.R. Later she divorced me. So no, I wouldn't say I have a passion for H.R.",HR
815,5,26,Casual Friday,Oscar,"I'm sorry you're offended by my shoes, but I am not going to drive home to change.",Interpersonal
816,5,26,Casual Friday,Toby,I could loan you a pair of socks.,Interpersonal
817,5,26,Casual Friday,Toby,"No, they're clean. I was going to wear them to volleyball practice later.",Interpersonal
818,5,26,Casual Friday,Oscar,I don't think so.,Opinions
819,5,26,Casual Friday,Toby,"Hey, Meredith. Can I talk to you privately for a second?",Logistics
820,5,26,Casual Friday,Toby,You--you might consider pulling it down a touch. It's ri--it's riding up a little high.,HR
821,5,26,Casual Friday,Oscar,"Meredith, your boob is out.",Interpersonal
822,5,26,Casual Friday,Angela,"Meredith, too far!",Interpersonal
823,5,26,Casual Friday,Toby,"All right, look, what you gotta understand is that when you come to work, you give up certain rights.",HR
824,5,26,Casual Friday,Toby,"All right, come. Sit down, Dwight.",HR
825,5,26,Casual Friday,Toby,I'm running this meeting.,HR
826,5,26,Casual Friday,Toby,It's not. It's not. Sit down or I am writing you up.,HR
827,5,26,Casual Friday,Toby,Casual Fridays are cancelled.  Let's just not do it anymore.,HR
828,5,26,Casual Friday,Toby,"There's not a single appropriate outfit in this whole--except mine, quite honestly.",HR
829,5,27,Cafe Disco,Angela,No. I don't want to stay late to have a two hour lunch.,Logistics
830,5,27,Cafe Disco,Oscar,Please don't refer to yourself as our daddy.,Humour
831,5,27,Cafe Disco,Oscar,Is this our punishment for not wanting to have lunch with you?,Interpersonal
832,5,27,Cafe Disco,Angela,"Oh, my God, Kevin. I am still on hold. You were supposed to get the answer from Michael and come back up.",Logistics
833,5,27,Cafe Disco,Angela,"Oh, for goodness sakes, Kevin. There's no cookie. There's no cookie. Come on. Come.",Logistics
834,5,27,Cafe Disco,Angela,Can you please go back to work instead of masterminding these situations were in we hurt ourselves?,Logistics
835,5,27,Cafe Disco,Angela,"Look, I hate to be ""that"" person but I just don't like the general spirit of music.",Opinions
836,5,27,Cafe Disco,Angela,You are forcing me to be down here. Am I not allowed to have some fun?,Logistics
837,5,28,Company Picnic,Toby,"Ah, this reminds me of the HR convention last fall.",HR
838,5,28,Company Picnic,Oscar,Dwight's right. Corporate deserves to get its ass kicked.,Opinions
839,5,28,Company Picnic,Angela,"Kevin! Now it's seven-six, or is that too much accounting for you?",Logistics
840,6,1,Gossip,Oscar,"I bet there's something there. I was with them in the kitchen yesterday, and they were all too happy to be cleaning the freezer.",Interpersonal
841,6,1,Gossip,Oscar,Are you attracted to other men?,Personal
842,6,1,Gossip,Oscar,"If you resisted Brad Pitt a little bit, he would still... need to get to you?",Personal
843,6,1,Gossip,Oscar,Wow. I wish... I wish I could help you. I don't... you might be gay. You might be gay.,Personal
844,6,1,Gossip,Oscar,What exactly is my responsibility here? To comfort insecure heterosexual men? That can't possibly fall to me.,Personal
845,6,1,Gossip,Angela, Did you know a baby conceived out of wedlock is still a b*st*rd?,Personal
846,6,1,Gossip,Oscar, What? You think I'm the voice of the Taco Bell dog?,Humour
847,6,1,Gossip,Toby, What are you guys talking about? I have a daughter. How can I be a virgin?,Personal
848,6,1,Gossip,Oscar,"Michael, why? Why say all these things? Why make up an eating disorder, Stanley's affair, me being a spokesdog...",Interpersonal
849,6,2,The Meeting,Oscar,"I'm sure everything will be fine.  What do you? What's the procedure, if you don't mind my asking?",Logistics
850,6,2,The Meeting,Toby,And that's how you broke your ankle?,Personal
851,6,2,The Meeting,Toby,I will send this off to corporate. Make sure you hold on to your medical bills. Feel better.,Logistics
852,6,2,The Meeting,Toby,A guy on my street fell off a ladder painting his house. It was on the news.,Personal
853,6,2,The Meeting,Toby,That's not a very good Darryl.,Personal
854,6,2,The Meeting,Toby,"Well, we did a little investigation and Dwight had a good point. The ladder didn't reach the top shelf. I don't know if I believe it, but I am a fan of the hardboiled detective novel.  I'll punch you in da mush, see.",Humour
855,6,2,The Meeting,Toby,"Wow, I'd love to take a look at that.",Humour
856,6,2,The Meeting,Toby,"Well, you know, 'cause of the trains.",Humour
857,6,2,The Meeting,Toby,Get over there! Get over there!,Humour
858,6,2,The Meeting,Toby,"I can't believe this.  Hey you, ass****!",Interpersonal
859,6,2,The Meeting,Toby,You gonna eat all that dog food yourself?,Interpersonal
860,6,2,The Meeting,Toby,"Hey Darryl, look ahhh, we're here to apologize ahh...",Interpersonal
861,6,2,The Meeting,Toby,"Well, I don't think there's any reason to check 'em but I suppose if we wanted to be really certain...",Interpersonal
862,6,2,The Meeting,Toby,"Ahhh, kay. Look, we could all file complaints against each other and just drown in a sea of paperwork, but you know, we can just move on with our... with our lives.",Logistics
863,6,2,The Meeting,Toby,So Dwight and Darryl came to an agreement that both would file complaints with corporate and now I get to do all this paperwork. We worked it out.,Logistics
864,6,3,The Promotion,Oscar,"Look, it doesn't take a genius to know that any organization thrives when it has two leaders. Go ahead, name a country that doesn't have two presidents. A boat that sets sail without two captains. Where would Catholicism be without the popes?",Logistics
865,6,3,The Promotion,Angela,"But, I do not understand. If we're such smart adults, then why don't we get raises?",HR
866,6,3,The Promotion,Oscar,"Excellent question, genius. It's because Jim wants to give the raises to his friends and the people he sleeps with.",Interpersonal
867,6,3,The Promotion,Oscar,"Hold on, Kelly. Would it help you to know that Jim thinks you're smart?",Interpersonal
868,6,3,The Promotion,Oscar,"We would just like to know what's happening. Are we getting a raise, yes or no?",HR
869,6,4,Niagara (Parts 1&2),Angela,Decent people everywhere will get offended.,Opinions
870,6,4,Niagara (Parts 1&2),Angela,"Well, you're lucky you have a grandmother. Some of us have to be our own grandmothers.",Humour
871,6,4,Niagara (Parts 1&2),Toby,"Michael, I have one extra twin bed, if you want.",Opinions
872,6,4,Niagara (Parts 1&2),Oscar,You thought I was dating this? What the hell is wrong with you?,Interpersonal
873,6,4,Niagara (Parts 1&2),Angela,And where do you think you're going?,Interpersonal
874,6,4,Niagara (Parts 1&2),Angela,"Well, why don't I just save you some time and kick you in the stomach instead?",Humour
875,6,4,Niagara (Parts 1&2),Oscar,It's not a good idea. There's no such thing as a good hairpiece.,Interpersonal
876,6,4,Niagara (Parts 1&2),Angela,Relax. You'll get your shot at Jim. Those two treat the whole office like a 1970's key party.,Logistics
877,6,4,Niagara (Parts 1&2),Oscar,"Guys, maybe we should wait a little more time before we start grabbing boxes.",Logistics
878,6,4,Niagara (Parts 1&2),Toby,Well I guess this weddings not going to happen. I wonder if this is it for them. ,Personal
879,6,6,Mafia,Toby,"Well the ""fun"" is in it. ",Opinions
880,6,6,Mafia,Oscar,"Hey guys, I drive a SUV, does that mean I'm in the mob?",Humour
881,6,6,Mafia,Oscar,"For the record, not all Italian-Americans are in the Mafia.",Humour
882,6,6,Mafia,Oscar,"Pam and Jim are on their honeymoon. So there's not the usual balance between ""sane and others."" Toby has mentally checked out since June. It's a very dangerous time. The ""coalition for reason"" is extremely weak.",Personal
883,6,6,Mafia,Oscar,"No, what are you talking about, what mobster would change his name from Gotti to Grotti. It weakens it.",Humour
884,6,6,Mafia,Oscar,Jim? It's Oscar. I'm so sorry to be calling you on your honeymoon.,Interpersonal
885,6,6,Mafia,Oscar,"It's Michael, he thinks he's being shaken down by the mob. I don't know how you usually handle this.",Interpersonal
886,6,6,Mafia,Oscar,"Accounting-wise, no. But phone-wise, just call up and cancel it.",Logistics
887,6,6,Mafia,Oscar,"Just to be clear, he backed down an insurance agent from Mutual of Harrisburg.",Logistics
888,6,7,The Lover,Angela,Thank you. Sure well first of all I think that we could totally...,Logistics
889,6,7,The Lover,Angela,"I'm sorry, I was told I had the floor.",Logistics
890,6,7,The Lover,Oscar,"Hold on, hold on, what's going on?",Interpersonal
891,6,7,The Lover,Oscar,You have no sense of boundaries Michael.,Interpersonal
892,6,7,The Lover,Oscar,"Maybe you're right, who are we to...",Opinions
893,6,7,The Lover,Oscar,"Pam, just for the record, I think you're overreacting a little bit, your mom's old enough to make her own decisions.",Interpersonal
894,6,7,The Lover,Toby,"Yeah, er... pull up a chair or sit on the shredder.",Logistics
895,6,7,The Lover,Toby,"Ah, you should probably deal with that outside of the work place.",Logistics
896,6,7,The Lover,Toby,Yeah... that's why they pay me the big bucks. ,Logistics
897,6,7,The Lover,Toby,"You know, I always knew if Michael just took the time to get to know me, we'd become friends.",Interpersonal
898,6,7,The Lover,Toby,"Well, I was hoping that maybe in light of everything that's happened today, it would be a good idea if today, you, me, and Michael could head into the conference room for some conflict resolution.",Logistics
899,6,7,The Lover,Toby,Maybe you could just take the rest of the day off... you know...,Logistics
900,6,8,Koi Pond,Angela,"This sounds ridiculous, I know, but some people say that I eat like a squirrel.",Personal
901,6,9,Double Date,Angela,"Pam, aren't you going to introduce us to Michael's girlfriend?",Interpersonal
902,6,9,Double Date,Toby,"Pam, can I talk to you for a second?",Logistics
903,6,9,Double Date,Toby,"I heard about the hit. Just-- make sure it's off company property, right?",HR
904,6,9,Double Date,Toby,"Okay, I think we should probably be okay.",Opinions
905,6,9,Double Date,Toby,Okay. And-- the-the power-- comes from the back foot. So its-- its all one motion through the-- body. So you stay a little low and there's a twist. You keep your shoulder down and you kind of throw out the arm.  Pow!,Humour
906,6,9,Double Date,Oscar,It's not a fight. What other outcome could there be?,Opinions
907,6,10,Murder,Oscar,"I found the article.  ""On a day marked by panicked corporate board meetings, one that is relatively not surprising is Dunder Mifflin's. It is rumored that they will recommend... "" and the article cuts off.",Logistics
908,6,10,Murder,Oscar,"Not necessarily, bankruptcy could mean a lot of things. Maybe they're just restructuring to get out of debt.",Logistics
909,6,10,Murder,Oscar,Or it could mean the end of Dunder Mifflin.,Logistics
910,6,10,Murder,Angela,"Michael, I don't like this game. It's scary.",Interpersonal
911,6,10,Murder,Angela,"Voodoo Mama Juju, the witch doctor of the Savannah swamps. I'm not comfortable with this. ",Interpersonal
912,6,10,Murder,Oscar,"It's my blackberry Michael, I am trying to get updates on the company.",Logistics
913,6,10,Murder,Angela,"It's not my fault, I was exposed to Harry Potter.",Humour
914,6,10,Murder,Oscar,"I just got an email from corporate, specifically for Accounting to stop all payments to our vendors.",Logistics
915,6,10,Murder,Oscar,"Well, maybe nothing but it could mean a problem with liquidity-",Logistics
916,6,10,Murder,Oscar," This plantation, we're running low on greenbacks. We're having problems paying the people who give us the seeds and the dirt. We can't pay...  - Michael, I can't - Basically it could mean a lot of things, but it is unprecedented, so it's cause for concern.",Logistics
917,6,10,Murder,Angela,"Hey everyone, Kevin's going to give us his take on the situation. Let's listen up.",Logistics
918,6,11,Shareholder Meeting,Oscar,The long term problem is bad investments that they need to dump. The short term problem is the company has no cash and there's no where to get it.,Logistics
919,6,11,Shareholder Meeting,Oscar,This is so typical of management to spend money on this. Ugh. Bunch of boobs.,Logistics
920,6,11,Shareholder Meeting,Oscar,"The Dunder Mifflin stock symbol is DMI. Do you know what that stands for? Dummies, morons and idiots. Because that's what you'd have to be to own it. And, as one of those idiots, I believe the board owes me answers.",Logistics
921,6,11,Shareholder Meeting,Oscar,"Can you believe this? The money they spent on this convention hall.  Excuse me, miss. I just want to take the stupid board of directors by their necks. This is so simple.",Logistics
922,6,11,Shareholder Meeting,Oscar,"Oh, what a great idea and lose my job. No thank you.",HR
923,6,11,Shareholder Meeting,Oscar,These questions are bush league.,Opinions
924,6,11,Shareholder Meeting,Oscar,"I feel, as does Mr. Scott, that we are in the best of hands. Capable hands.",Logistics
925,6,11,Shareholder Meeting,Oscar,I think this has gone very well and I thank you.,Logistics
926,6,11,Shareholder Meeting,Oscar,"Michael, I didn't ask to come up here.",Interpersonal
927,6,12,Scott's Tots,Angela,"To my tally, you just won back your own parking spot, a vacation day, and a nice, tidy quarter of $1,000 from all of us.",Logistics
928,6,13,Secret Santa,Toby,"Wow Michael, like this must be obvious how wrong this is.",Logistics
929,6,13,Secret Santa,Toby,"You can't,  Ow. Look, you cannot push religion.",Humour
930,6,13,Secret Santa,Angela,It's fabric! I really wanted this.,Personal
931,6,13,Secret Santa,Angela,Are you serious? This is so offensive.,Interpersonal
932,6,14,The Banker,Toby,"What are, are you doing at my desk?",Logistics
933,6,14,The Banker,Toby,"Come on, Dwight. Get out of here.",Logistics
934,6,14,The Banker,Toby,"Sorry. Hey, Toby Flenderson. Nice to meet you. How can I help?",Logistics
935,6,14,The Banker,Toby,"You know, uh, what does it mean to be happy.  Keep philosophers busy for awhile.",Humour
936,6,14,The Banker,Toby,I don't know how I'm going to get through this. I don't want to lie and I DON'T want to tell the truth.,HR
937,6,14,The Banker,Toby,"Well, Eric's just going over some stuff.",HR
938,6,14,The Banker,Toby,"Look, you know, in any company there's going to be certain degrees -",HR
939,6,14,The Banker,Toby,"Michael, this is really inappropriate to talk about.",HR
940,6,15,Sabre,Toby,Looks like we kicked it. ,Logistics
941,6,16,The Manager and the Salesman,Oscar,Sabre has no caps on commissions. He can make a lot more money in sales.,Logistics
942,6,17,The Delivery (Parts 1&2),Angela,Hey. Uh-uh. I cannot control that. You can't put that in here.,Interpersonal
943,6,17,The Delivery (Parts 1&2),Oscar,That's fancy feast. Ultra feast is something they made up so they can pig out together in the name of ceremony.,Humour
944,6,17,The Delivery (Parts 1&2),Oscar,"The hospital provides dictionaries, bring a thesaurus!",Logistics
945,6,17,The Delivery (Parts 1&2),Angela,Have you had a chance to look over the revisions on the contract I've prepared for you?,Logistics
946,6,17,The Delivery (Parts 1&2),Angela,"And now you, two forms of ID, please... Alright, all is in order. I just need your signature... What is it?",Logistics
947,6,19,St. Patrick's Day,Oscar,"In the training manual it says, that there is a minority executive training program in Tallahassee?",Logistics
948,6,19,St. Patrick's Day,Angela,"Yes, I'm anxious to get off work. But let me be clear. It's not to celebrate St Patrick's Day. It's so I can protest St. Patrick's Day.",Personal
949,6,20,New Leads,Angela,"Oh, how the tables have turned. I see you got my e-mail.",Logistics
950,6,20,New Leads,Angela,I'll give you the leads. But you know what? It's going to cost you some clerical work ,Logistics
951,6,20,New Leads,Angela,"It doesn't matter. Fill them out. All of them. Then when you're done, you can watch me shred them.",Logistics
952,6,20,New Leads,Toby,"If we don't patronise the only Syrian restaurant in town, there'll be nothing left but pan pizzas and make-your-own salads.",Opinions
953,6,20,New Leads,Toby,"Does it have to be pizza? Could go for a, falafel?",Opinions
954,6,22,Secretary's Day,Angela,You think I want people remembering I had sensual relations with Andy? It's the kind of thing you wish you could have annulled. I want to throw up just thinking about it.,Personal
955,6,22,Secretary's Day,Angela,You are throwing up for the wrong reasons!,Interpersonal
956,6,22,Secretary's Day,Toby," I don't think this fax is going through. Is there a different... I can just put it through again, you know.",Logistics
957,6,22,Secretary's Day,Toby,"I called Tallahassee. He can ask you not to come in, but he can't dock your pay. That's not legal.",HR
958,6,22,Secretary's Day,Toby,"Yeah, I also learned some interesting things about how they structure...",Logistics
959,6,22,Secretary's Day,Oscar,Sounds like they just got to go home with pay.,Logistics
960,6,22,Secretary's Day,Oscar,Why didn't you do Oscar the Grouch?,Humour
961,6,23,Body Language,Oscar,"Michael's having a hard time with the gender part of Spanish. So I told him to mark everything with the international symbol for gender. And, um...  I should have been more specific.",Personal
962,6,23,Body Language,Oscar,Your office is full of genitalia.,Logistics
963,6,23,Body Language,Oscar,"""That's what he says?""",Humour
964,6,23,Body Language,Angela,I knew it. You should see their baby.,Personal
965,6,23,Body Language,Oscar,I don't see how we could possibly sell these for that little without losing money. Delivery alone will cost...,Logistics
966,6,23,Body Language,Oscar,"Actually, ran the numbers on this, and in this case, it makes more financial sense to gain money.",Logistics
967,6,23,Body Language,Oscar,"Michael, he's right. You are turning into a stalker.",Interpersonal
968,6,23,Body Language,Oscar,"Dwight, we know Kelly applied. We're not gonna cross her. No matter how good the program is.",Logistics
969,6,23,Body Language,Oscar,"It's not a signal. It's just a coincidence. No, it's not even a coincidence. It's just something that happened.",Opinions
970,6,24,The Cover-Up,Oscar,That seems... quick. Even for lesbians.,Humour
971,6,25,The Chump,Toby,This here is a radon test kit.  Okay I will be putting 'em everywhere. And... please don't throw these out.  This is a radon test kit.  Please don't throw these out.  See them all over the office.,Logistics
972,6,25,The Chump,Toby,"Come on, Michael. You're interrupting.",Logistics
973,6,25,The Chump,Oscar,All that does is help you shoot around things. What does Bin Laden...,Humour
974,6,25,The Chump,Angela,Is this the thing where they use an icicle so there's no evidence?,Humour
975,6,25,The Chump,Toby,I don't wanna do this.,Opinions
976,6,25,The Chump,Angela,"Rather than spend all day in court, we've decided to settle our dispute using a mediator. It was an option spelled out in our childrearing contract.",Logistics
977,6,25,The Chump,Angela,Alleged? I'm going to own your farm by the time this is over.,Personal
978,6,25,The Chump,Angela,I'm doing it. You know I am. It's disgusting.,Opinions
979,6,25,The Chump,Angela,He has a 60-acre beet farm that is worth a small fortune.,Personal
980,6,25,The Chump,Angela,"Those lumps are cats, and those cats have names, and those names are Ember, Milky Way, Diane, and Lumpy.",Personal
981,6,26,Whistleblower,Angela,"Oh, did you see this report that the zoo got a baby otter? It's on the same site!",Opinions
982,6,26,Whistleblower,Oscar,"The lawyers are searching our hard drives for information on the leak. Thanks a lot, Big Brother.",Logistics
983,6,26,Whistleblower,Angela,"Everybody knows it was Andy, and it is not fair for us all to take the fall for his big stupid mouth!",Logistics
984,6,26,Whistleblower,Toby,"Oh, wow, this is, uh, just a mystery novel that I've been working on.",Personal
985,6,26,Whistleblower,Toby,Write your own damn novel.,Interpersonal
986,6,26,Whistleblower,Angela,"Okay, well, Nick, we're in a meeting.",Logistics
987,7,1,Nepotism,Angela, I said I didn't want to be on the internet!,Logistics
988,7,1,Nepotism,Toby,"Guys, I think Michael and Luke are related.",Personal
989,7,1,Nepotism,Oscar,"Michael, that's nepotism. Luke is getting special treatment because he's your nephew.",Interpersonal
990,7,1,Nepotism,Oscar,This is hypothetical. We're talking about Luke who happens to be terrible.,Interpersonal
991,7,1,Nepotism,Oscar,"If there's nothing wrong with this, Michael, why have you been keeping it a secret?",Interpersonal
992,7,1,Nepotism,Oscar,"Ah, my favorite part of an ice cream party. The bagel chips.",Humour
993,7,1,Nepotism,Angela,I came down here to feed the feral cats like I usually do and I found something unsavory in the back of your nephew's car.,Humour
994,7,1,Nepotism,Oscar,"Oh sure, those are the expense reports that corporate was waiting for yesterday.",Logistics
995,7,2,Counseling,Toby,"Michael has been assigned six hours of mandatory counseling with a trained professional. I actually have a degree in social work. I mean, I know a lot of people would ask a few standard questions, and check off a few boxes, but I've got a chance to do some good here.",Personal
996,7,2,Counseling,Toby,We can do this with more privacy.,Opinions
997,7,2,Counseling,Toby,"I'd like you to imagine a place where you feel very peaceful. For me, it's the walk from the yogurt shop to my car after I drop my daughter off on Sunday afternoons.",Personal
998,7,2,Counseling,Toby,Uh... what was your favorite flavor of...,Opinions
999,7,2,Counseling,Toby,"Ok, I can't count the hour if you don't talk.",Interpersonal
1000,7,2,Counseling,Toby,"Michael, it's up to me to check off the boxes, and I can't do that unless I honestly...",Interpersonal
1001,7,2,Counseling,Toby,I think we might be about to maybe really get somewhere.,Opinions
1002,7,2,Counseling,Oscar,Office Administrator. So when did this happen?,Logistics
1003,7,2,Counseling,Oscar,Maybe something not so monochromatic. Not so matching.,Interpersonal
1004,7,2,Counseling,Toby,Come on Michael. Those are all fake stories.,Interpersonal
1005,7,2,Counseling,Toby,"You know what Michael? You're right. You win. This is pointless. We're not getting anywhere. I got a bunch of fun stuff, in case my daughter ever comes over. Why don't we just run out the clock by playing games, drawing some pictures, talking?",Personal
1006,7,2,Counseling,Toby,We can play something more complicated if you like.,Logistics
1007,7,2,Counseling,Toby,So you have played it before?,Personal
1008,7,2,Counseling,Toby,"So, her husband, your stepdad?",Personal
1009,7,2,Counseling,Toby,Did you guys do much stuff together?,Personal
1010,7,2,Counseling,Toby,Its really sad that your dog ran away. Why did it keep you from going to the park?,Personal
1011,7,2,Counseling,Toby,"It's very important for you to be liked, isn't it?",Interpersonal
1012,7,2,Counseling,Toby,I'm just trying to help you Michael.,Interpersonal
1013,7,2,Counseling,Toby, Just fill them out any way you want.,Logistics
1014,7,2,Counseling,Toby,I'll have Erin fax them back to corporate.,Logistics
1015,7,2,Counseling,Toby,You filled them in and faxed them yourself!,Logistics
1016,7,2,Counseling,Toby,Unless part of you made that mistake on purpose.,Logistics
1017,7,3,Andy's Play,Angela,"Listen, I would like you to take me to Andy's play tonight.",Interpersonal
1018,7,3,Andy's Play,Angela,"No. If you want to punch the punch card, you have to take me to the show.",Interpersonal
1019,7,3,Andy's Play,Angela,"Well, there's a lot of gray area in that clause. Do you want to re-mediate?",Interpersonal
1020,7,3,Andy's Play,Angela,"Dwight and I have a contractual agreement to procreate five times, plain and simple. And should he develop feelings for me, well, that would be permissible under item 7C, clause 2, so I would not object. ",Interpersonal
1021,7,3,Andy's Play,Angela, Ugh! There's gum on the seat and now it's on my work skirt. I have to go change.,Opinions
1022,7,3,Andy's Play,Angela,These are just my dirty old gardening clothes. They were all that I had in my car.,Personal
1023,7,4,s*x Ed,Oscar,"Andy, the reason it seems more recent is because many of us here have never stood up and asked for everyone's attention, and it seems like you've done it on several occasions.",Interpersonal
1024,7,4,s*x Ed,Jan," ...to accommodate the, uh, suppliers.  Gentlemen! Nice to see you, it'll be just a moment. If you could show them into Conference Room B.  The pharmaceutical aspects should be able to...",Logistics
1025,7,4,s*x Ed,Jan,"How do I do it? Raise my daughter, work as director of office purchasing for this hospital and release an album of Dorris Day covers on my own label? If I knew I'd tell you.",Personal
1026,7,4,s*x Ed,Jan,"Yeah I'm really happy. Me and Astrid against the world.  We're loving it, yeah. I'm kind of a supermom.",Personal
1027,7,4,s*x Ed,Jan,Yeah.  Fry it up in a pan. Never never never let you forget...  I love that commercial.,Humour
1028,7,4,s*x Ed,Jan,"Well, Michael, it was nice to get your call.",Interpersonal
1029,7,4,s*x Ed,Jan,Are you gonna keep me in suspense? ,Interpersonal
1030,7,4,s*x Ed,Jan,"No, so what couldn't wait?",Interpersonal
1031,7,4,s*x Ed,Jan,"Michael Scott, you are here for a post mortem.",Interpersonal
1032,7,4,s*x Ed,Jan,"You wanna dig into our relationship, go over it, see what killed it. Ok, I'm in.",Interpersonal
1033,7,4,s*x Ed,Jan,No! In the beginning we were not good.,Interpersonal
1034,7,4,s*x Ed,Jan,Well if there's anything exciting about it it's because we both knew it was wrong!,Interpersonal
1035,7,4,s*x Ed,Jan,"No, ok. Imagine there's a princess, who falls for a guy beneath her station, and the queen doesn't like this at all. And the princess knows that the queen doesn't like it so it just makes her wanna do it all the more just to get at the queen!",Humour
1036,7,4,s*x Ed,Jan,"No I'm the princess, and the queen.",Humour
1037,7,4,s*x Ed,Jan,"You might have learned shapes, or blocks, or clocks, or colors. Or you might have learned that we're all, sisters and brothers.",Humour
1038,7,5,The Sting,Oscar,"I love cycling. Andy, I feel like a tourist in my own city. I literally can't wait to wake up every morning.",Personal
1039,7,5,The Sting,Oscar,"No, Meredith, that's not his actual bicycle, but it is the same exact model he uses.",Humour
1040,7,5,The Sting,Oscar,"It's hard to judge ourselves accurately, isn't it.",Opinions
1041,7,6,Costume Contest,Oscar,"So what kind of statement are you making with that costume, Kevin?",Interpersonal
1042,7,6,Costume Contest,Oscar,"Everyone realizes that this coupon book isn't actually worth fifteen thousand dollars, right? You'd have to spend two hundred thousand dollars on crap you don't actually need to get fifteen thousand dollars worth of benefits. I'm not the only one who sees this, right?",Interpersonal
1043,7,6,Costume Contest,Angela,"KELLY! You cannot change costumes in the middle of the day! Pam, she's out.",Interpersonal
1044,7,6,Costume Contest,Oscar,Guys? You're arguing over a one in sixteen chance. Over a prize worth... forty bucks.,Interpersonal
1045,7,6,Costume Contest,Angela,"This is an amazing prize. I mean, I don't even want to give Pam a compliment, because she's so blegh, but she did a good job. I really want that coupon book.",Interpersonal
1046,7,6,Costume Contest,Oscar,I guess you could say I'm still in costume. I'm a rational consumer.,Humour
1047,7,6,Costume Contest,Oscar,Stupid coupon booklet. Have you seen my costume? I'm a rational consumer.,Humour
1048,7,6,Costume Contest,Angela,"I don't like your tone! Look, they were sold out of all the other costumes, okay? I think we all live in the real world, here. Let's not pretend to be unaware of what sells in this office.",Interpersonal
1049,7,7,Christening,Angela,Jim. Pam.  And the precious bundle of God's gift to everything.  I wish you both a pleasant day.  And you too. Yes. Praise God. Ok.,Humour
1050,7,7,Christening,Toby,"Sunday church service... it's been a few years. The Big Guy and I, we got some catching up to do.",Personal
1051,7,7,Christening,Toby," Okay, this is, all right, this is silly.   Nope, nope, nope, nope, nope, nope, nope, nope, nope, nope, nope...",Opinions
1052,7,7,Christening,Angela,Jesus is not your caterer.  But he should be your caterer 'cause you're a little angel. Why didn't your parents get you a caterer?  They don't think.,Humour
1053,7,7,Christening,Oscar,Why do we have to do something together? I volunteer at a clinic on my own time.,Logistics
1054,7,8,Viewing Party,Angela,"Just say copies, why do you have to drag cats into this.",Interpersonal
1055,7,8,Viewing Party,Oscar, That one! She's been in a couple episodes of Friday Night...,Opinions
1056,7,8,Viewing Party,Oscar,"You know what? I didn't read the rules, I didn't know the rules. There, it's on. I didn't read the rule book.",Logistics
1057,7,8,Viewing Party,Oscar,This is why Erin! We're living it! Start recording now!,Interpersonal
1058,7,8,Viewing Party,Angela,Are you authorized to do this?,Logistics
1059,7,8,Viewing Party,Angela,"Ok, uhm, then tell him that we'll do this tomorrow night instead.",Logistics
1060,7,8,Viewing Party,Angela,"Wait Pam! How did he seem? Like, you know, did he seem disappointed?",Interpersonal
1061,7,9,WUPHF.com,Angela,"You met your commission cap last week. So from here until the end of the fiscal year, your commission will be zero.",Logistics
1062,7,9,WUPHF.com,Angela,It's a new corporate policy.,HR
1063,7,9,WUPHF.com,Oscar,"Did you ever think of WUPHF as an emergency notification system, like, for college campuses with shooters or gas leaks?",Logistics
1064,7,9,WUPHF.com,Oscar,"Sure, how long can you sustain this without a cash infusion?",Logistics
1065,7,9,WUPHF.com,Angela,"Yeah, instead of Hay Place, it should be pay place.  Don't laugh at me.",Humour
1066,7,9,WUPHF.com,Angela,"Mm. Yeah, so we can celebrate Thanksgiving-Me-Your-Money Day. ",Humour
1067,7,9,WUPHF.com,Angela,"You would. And if I were to call your house and ask for your wife, would I get through to you?",Personal
1068,7,10,China,Oscar,"Actually, that's not true. I know the figure you're referring to, and it's a projection of fifteen years from now.",Opinions
1069,7,10,China,Oscar,"Michael, China's agrarian. Urbanizing fast? You bet 'cha, but still agrarian.",Opinions
1070,7,10,China,Oscar,Guys its not worth it really. Guys this is not worth our time.,Interpersonal
1071,7,10,China,Oscar,Great. I was wrong. I'm wrong. Is everyone happy?,Interpersonal
1072,7,10,China,Oscar,"He's... he's not smarter than me, he was just right about one thing.",Interpersonal
1073,7,10,China,Oscar,I was thinking about some of the stuff you said earlier about China.,Opinions
1074,7,10,China,Oscar,"Michael, the reason I asked you down here for this chat is that I've been thinking that your fears about China are a bit exaggerated.",Interpersonal
1075,7,10,China,Oscar,"Actually, we're in a mild recession right now. I'll give you that, but people use China as the boogie man for all their problems. In the nineteen eighties, it was Japan.",Opinions
1076,7,10,China,Oscar,Do you really think that manufacturing is a relevant indicator of where the world economy's heading in 2011? Do you know the comparative expansion of say the information sector? I'd say that's far more relevant. Wouldn't you?,Logistics
1077,7,10,China,Oscar,"Michael, I am so happy that we were able to have this little chat.",Logistics
1078,7,11,Classy Christmas (Parts 1&2),Oscar,Here's a question nobody's asking: Is this worth it?,Opinions
1079,7,11,Classy Christmas (Parts 1&2),Angela,I wouldn't subject Robert to that. He's a very busy senator.,Personal
1080,7,11,Classy Christmas (Parts 1&2),Angela,I would not expect you to know what it's like to date someone in the public arena.,Personal
1081,7,11,Classy Christmas (Parts 1&2),Angela,We went to a picnic thrown by the Comptroller's wife.,Personal
1082,7,11,Classy Christmas (Parts 1&2),Angela,"Do you have any idea how many photographers there are at a ribbon-cutting ceremony. I do. Two. ""Angela...""  ""over here, Angela...""  ""here. Look here!""",Personal
1083,7,11,Classy Christmas (Parts 1&2),Toby,"Uh, I just wanted to let you know that, uh, I'll be taking a leave of absence starting next week.",Logistics
1084,7,11,Classy Christmas (Parts 1&2),Toby,"Uh, no, the opposite. I was actually selected to be a juror on a very high-profile case.",Personal
1085,7,11,Classy Christmas (Parts 1&2),Toby,"Okay, that's hurtful talk. We've talked about that. You know, I don't interrupt your announcements.",Logistics
1086,7,11,Classy Christmas (Parts 1&2),Toby,"Well, I really can't talk about it, but it's a very high profile case.",Personal
1087,7,11,Classy Christmas (Parts 1&2),Toby,I can neither confirm nor deny this. Let's just say I'll be up to my neck in jury duty. ,Personal
1088,7,11,Classy Christmas (Parts 1&2),Toby,Corporate will be sending someone else to take my place for a while.,Logistics
1089,7,11,Classy Christmas (Parts 1&2),Toby,"Uh, Holly Flax, she comes from the Nashua branch.",Logistics
1090,7,11,Classy Christmas (Parts 1&2),Toby,"Yeah, uh, she'll be starting next week. If you have any questions about the transition, just let me know.",Logistics
1091,7,11,Classy Christmas (Parts 1&2),Angela,Just stop moving your calves so much while you're talking.,Interpersonal
1092,7,11,Classy Christmas (Parts 1&2),Angela,Maybe I'll bring my boyfriend. I'll invite him.,Personal
1093,7,11,Classy Christmas (Parts 1&2),Angela,"I mean, unless there's any chance there could be press at this party.",Interpersonal
1094,7,11,Classy Christmas (Parts 1&2),Angela,"Well, I only ask because he's a senator.",Interpersonal
1095,7,11,Classy Christmas (Parts 1&2),Toby,"Uh, we're on recess. I came for the party. Hey, everyone.",Logistics
1096,7,11,Classy Christmas (Parts 1&2),Toby,I can't talk about it or I'll get removed from the jury.,Personal
1097,7,11,Classy Christmas (Parts 1&2),Toby,"I know people are only this excited to talk to me because of the trial. But, they talk to me for a while, and maybe people realize I have something to say. And then one day, we're just talking.",Personal
1098,7,11,Classy Christmas (Parts 1&2),Toby,"There's this female uh, uh, stenographer at the courthouse...",Personal
1099,7,11,Classy Christmas (Parts 1&2),Angela,It's so cold. Even with my coat on.,Personal
1100,7,11,Classy Christmas (Parts 1&2),Toby,"No, I would never ever do anything like that. But it does seem like something you would do.",Interpersonal
1101,7,11,Classy Christmas (Parts 1&2),Angela,"No, it really seems like something Michael would do.",Interpersonal
1102,7,11,Classy Christmas (Parts 1&2),Toby,"No, they bring it in.",Logistics
1103,7,11,Classy Christmas (Parts 1&2),Angela,"Hey everybody, this is my boyfriend, Senator Robert Lipton.",Personal
1104,7,11,Classy Christmas (Parts 1&2),Oscar,"Senator, it's an honor. I'm Angela's friend Oscar.",Personal
1105,7,11,Classy Christmas (Parts 1&2),Oscar,"Robert seems great. He's very handsome, firm handshake, he's gay, good sense of humor.",Opinions
1106,7,11,Classy Christmas (Parts 1&2),Angela,"I don't know if you guys have had a chance to use the new parking meters that accept credit cards, but Robert was instrumental in that legislation.",Opinions
1107,7,11,Classy Christmas (Parts 1&2),Angela,"And you know those annoying geese at the park? Well, he's helping eradicate them as well. I mean, I think they've really become a pest.",Opinions
1108,7,13,Ultimatum,Oscar,"Oh, you mean the state senator. I'm sorry, I was confused, because you accidentally wrote 'the senator'.",Interpersonal
1109,7,14,The Seminar,Oscar,"It means you're playing someone who's going to destroy you. Why did you play ""moo""?",Interpersonal
1110,7,14,The Seminar,Oscar,"Okay, but look, you could have hit ""mood"". Would have played a...",Opinions
1111,7,14,The Seminar,Oscar,"A little treat for our old friend Gabe. Put that ""q"" right there.",Opinions
1112,7,14,The Seminar,Oscar," Ah. No!  . Although I must say, I will have ""apoplexy"" if you lose. Do you understand? ""Apoplexy"" is what I will have.",Humour
1113,7,15,The Search,Oscar,"You know what Ryan, I talked to the other gay guys, and we're ok with it. We agree it's fine if you got married.",Personal
1114,7,15,The Search,Oscar,"""I'm suppose to be wearing red gloves but my color cartridge portal, got jammed again.""",Humour
1115,7,15,The Search,Angela,Please. It was easy once I decided I wanted the dog to piss on Gabe.,Humour
1116,7,16,PDA,Angela,"I don't know if anyone else feels this way and don't get me wrong, I love Michael and Holly, and maybe I'm being overly sensitive, but... the PDA.",Personal
1117,7,17,Threat Level Midnight,Jan,"He finished his movie?  No kidding. Wow, that's great. Yeah that's good for him.",Interpersonal
1118,7,17,Threat Level Midnight,Jan, The hostages are under the stadium. ,Humour
1119,7,18,Todd Packer,Oscar,"Michael how's this supposed to work? Packer's gonna keep saying terrible things, and then he's just gonna make half-assed apologies. And we're back to square one.",Interpersonal
1120,7,19,Garage Sale,Oscar,No. Everybody assumes I am. I always get them as gifts.,Personal
1121,7,19,Garage Sale,Oscar,"Wanna know how to do it? Here's how you do it. Take her out to dinner. Go down on one knee. If you are in costume, you did something wrong. If at any point you find yourself tying a ring to a dogs collar, stop, and look at yourself.",Personal
1122,7,20,Training Day,Oscar,Michael is leaving. And apparently they've already hired a new manager. And we're meeting him today. It's a lot to process. Paperwork wise.,Logistics
1123,7,20,Training Day,Angela,"Deangelo, I forget, did you mention you like politics?",Interpersonal
1124,7,20,Training Day,Angela,"Cause I was thinking that you should meet my boyfriend, he's a state senator. I really think the two of you would hit it off. He's a great person to know.",Personal
1125,7,20,Training Day,Oscar,"Well, Deangelo, I'd say communication could be improved. People stopped reading memos, so everyone marks them urgent.",Logistics
1126,7,21,Michael's Last Dundies,Oscar,"The analytical part of me wants to examine it, but I know it has no content.",Logistics
1127,7,21,Michael's Last Dundies,Toby,"I really disagree with this. I think it's kind of hateful. Though I am a little happy right now to have a platform to talk about the outcome of a case I was recently a juror on. The Scranton Strangler. That man's being put to death. I was part of the verdict, and I'm not so sure he's guilty any more. : Ohhhh yeah! Chica chicaaa]",Opinions
1128,7,22,"Goodbye, Michael",Angela,You wanna see some pictures? I just got these.,Interpersonal
1129,7,22,"Goodbye, Michael",Angela,"Uhm, these are, okay this is us at the theater. And antiquing! Oh, rollerblading.",Personal
1130,7,22,"Goodbye, Michael",Toby,"Well you know Michael, I have a brother in Boulder. Rory Flenderson. You should look him up.",Personal
1131,7,22,"Goodbye, Michael",Angela,See? This is what happens. You can't let a stray dog into the house.,Interpersonal
1132,7,22,"Goodbye, Michael",Angela,"No! I'm not cleaning up a bunch of uneaten cupcake bottoms! You know, we don't really care about your opinion. You're just a tie-breaker.",Interpersonal
1133,7,22,"Goodbye, Michael",Toby," Here's the thing Rory, I knew you guys would hit it off in an odd way.",Personal
1134,7,22,"Goodbye, Michael",Toby,Do- Well you should give him a little time to settle in. But-,Opinions
1135,7,23,The Inner Circle,Oscar,"These sound like good ideas, why wouldn't we like them?",Opinions
1136,7,23,The Inner Circle,Angela,"Of course you do, Jim. You're a man. Deangelo is a huge sexist.",Opinions
1137,7,23,The Inner Circle,Angela,"Okay. Then how about I'm the head of the Accounting Department, but he only ever talks to Kevin? What about Pam and Kelly? Also department heads. But has he ever met with you or even asked you to do anything?",Logistics
1138,7,24,"Dwight K. Schrute, (Acting) Manager",Oscar,My God. There is a hardwood floor underneath this carpeting. Why would they do that?,Opinions
1139,7,24,"Dwight K. Schrute, (Acting) Manager",Oscar,I'll look on WebMD. What are your symptoms?,Interpersonal
1140,7,24,"Dwight K. Schrute, (Acting) Manager",Angela,"Oh, everybody. Oscar found a reason to look on WebMD.",Interpersonal
1141,7,24,"Dwight K. Schrute, (Acting) Manager",Toby," Oh, I should get the accident report binder. I've never used the gun violence forms before.",Logistics
1142,7,24,"Dwight K. Schrute, (Acting) Manager",Toby,I am supposed to collect eyewitness accounts. Who saw Dwight do this? ,HR
1143,7,24,"Dwight K. Schrute, (Acting) Manager",Toby,Would you consider this a terrorist incident?,HR
1144,7,24,"Dwight K. Schrute, (Acting) Manager",Toby,"Oh, there's a whole 'nother terrorism booklet for that.",HR
1145,7,24,"Dwight K. Schrute, (Acting) Manager",Toby,"Uh, well, we probably don't want to go just on seniority.",Logistics
1146,7,25,Search Committee (Parts 1&2),Angela," Okay.  How odd, a very unusual phone call from the Senator's office. The Senator wants me to have lunch with him at The Botanical Gardens.",Logistics
1147,7,25,Search Committee (Parts 1&2),Toby,How will your experience selling refinery equipment translate to our smaller scale here?,Logistics
1148,7,25,Search Committee (Parts 1&2),Toby,"So, how would you go about settling interpersonal conflicts within the office?",Logistics
1149,7,25,Search Committee (Parts 1&2),Toby,"Well, it's one of my strengths, but it's the manager's job.",Logistics
1150,7,25,Search Committee (Parts 1&2),Toby,"Well, why would you need relocation, if you already live in Scranton?",Logistics
1151,7,25,Search Committee (Parts 1&2),Toby,"I'm sorry, if we did something to upset you, I'm sure it was inadvertent.",Logistics
1152,7,25,Search Committee (Parts 1&2),Angela,"It's a little flashy. I mean, what am I? Naomi Judd?",Opinions
1153,7,25,Search Committee (Parts 1&2),Angela,"Okay. He took me to the replica of Monet's Japanese bridge, and then he put this flower behind my ear, which normally, I would hate, 'cause it's so civil rightsy. Then he got down on one knee, and he said, will you be a Senator's wife?",Personal
1154,7,25,Search Committee (Parts 1&2),Angela,"Yes, Pam. Not everyone is as informal as you and Jim.  Oh, hey Pam, dude, whatever, wanna marry me? ",Interpersonal
1155,7,25,Search Committee (Parts 1&2),Angela,"Then I saw flashes. Reporters were there. They always find us. And everyone was crying, even his aide. ",Personal
1156,7,25,Search Committee (Parts 1&2),Oscar,"Angela's engaged to a gay man. As a gay man, I'm horrified. As a friend of Angela's, horrified. As a lover of elegant weddings,  I'm a little excited.  But overall, horrified.",Personal
1157,7,25,Search Committee (Parts 1&2),Oscar,My friend at the Scranton Blade is totally plugged into these matters.,Logistics
1158,7,25,Search Committee (Parts 1&2),Oscar,"You're thinking of another group. Much wealthier, much older.  You sound ignorant.",Interpersonal
1159,7,25,Search Committee (Parts 1&2),Oscar,No. Why would we be talking about the Senator?,Interpersonal
1160,7,25,Search Committee (Parts 1&2),Oscar,"Well, there must be someone who stands out.",Opinions
1161,7,25,Search Committee (Parts 1&2),Oscar,"You have met a lesbian in real life, right?",Personal
1162,7,25,Search Committee (Parts 1&2),Oscar,You're right. You're right. She seems happy. We don't tell her.,Interpersonal
1163,7,25,Search Committee (Parts 1&2),Angela," Stanley, I won't be able to invite everyone to the wedding, because we want to keep it to 350.",Personal
1164,7,25,Search Committee (Parts 1&2),Angela,"I mean, we just have to see how many Senators and members of Congress want to attend, before we can open it up to regular people. Pam, you know how you and Jim did your ironic wedding?  Do you still have the plans for the dream wedding that you couldn't afford?",Personal
1165,7,25,Search Committee (Parts 1&2),Angela,Niagara Falls? Pregnant? That was your dream? Pork medallions?,Opinions
1166,7,25,Search Committee (Parts 1&2),Toby,"Well, we could try him out for a little while...  and if it doesn't work out, you know, maybe one of us could, you know, step in...",Logistics
1167,7,25,Search Committee (Parts 1&2),Oscar,I think it should be Darryl.,Logistics
1168,7,25,Search Committee (Parts 1&2),Oscar,Kelly's on your side.,Logistics
1169,7,25,Search Committee (Parts 1&2),Angela,"Well, let me be clear. I only speak for myself, and not myself and the Senator. I think we have some wonderful candidates, and there's a great, lively debate here, but let's think about-",Logistics
1170,7,25,Search Committee (Parts 1&2),Toby,"No, no,... no. Sorry. We cut Kevin off for the same thing. You have to have something to say, if you talk. ",Interpersonal
1171,8,1,The List,Oscar,"Planking is a very stupid and dangerous trend. Basically, you lie like a plank in weird places. That's it. Sometimes you get run over. Welcome to the Internet.",Humour
1172,8,1,The List,Angela,"Isn't it amazing, the difference in our sizes?",Humour
1173,8,1,The List,Angela,"I am having a child with my husband, the Senator. And Pam is having a child with Jim... the great salesman.",Personal
1174,8,1,The List,Toby,"I should not be here. I'm in the- I was in the wrong- I'm- I'm sorry. Uh, just picture me back there. I- I was never here.",Personal
1175,8,2,The Incentive,Angela,"I mean, he's gotten worse over the years....",Opinions
1176,8,2,The Incentive,Oscar,He's making a statement. It's an ironic comment on our expectations of him. A funhouse image of our model of Kevin.,Opinions
1177,8,2,The Incentive,Angela,Have you read it? Has an adult member of your family read this particular issue?,Opinions
1178,8,2,The Incentive,Angela,So you saw the article on the importance of taking frequent walks while you're pregnant?,Personal
1179,8,2,The Incentive,Angela,I will be taking a morning walk and an afternoon walk. Would you like to join me?,Interpersonal
1180,8,2,The Incentive,Angela,"Well, we could talk about an ethical dilemma I'm having.",Personal
1181,8,2,The Incentive,Angela,"A coworker of mine is drinking caffeine while pregnant, and I don't know if I should call social services about it.",Personal
1182,8,2,The Incentive,Angela,In mugs with trace amounts of coffee!,Humour
1183,8,3,Lotto,Oscar,"You can't leave a dog in a parked car.  Snowboarder, it figures.",Opinions
1184,8,3,Lotto,Oscar,I bet this guy didn't leave his weed in the car. OK we have to do something because this is incredibly dangerous.,Opinions
1185,8,3,Lotto,Oscar,This guy's been gone long enough. He's lost his right to a window. ,Opinions
1186,8,3,Lotto,Oscar,What really interests me is the group dynamic of six people winning the lottery. This will not end well. Right?,Opinions
1187,8,3,Lotto,Oscar,"Really, nobody's gonna help her? Is chivalry dead?",Opinions
1188,8,3,Lotto,Oscar,Of course. I would. But my hip....I would kill to be at a hundred percent. ,Opinions
1189,8,3,Lotto,Angela,"Oh, sorry. I thought it was a guess your baby's birth weight pool.",Opinions
1190,8,3,Lotto,Oscar,"It used to be Reggie Winters out at Gold's Gym. But he moved away. And then it was between Bruce and this guy Dean. Um, but Dean got fixated on his calves and uh, and his triceps went to hell.",Opinions
1191,8,3,Lotto,Toby,"I would spend a lot of time launching my true crime podcast, The Flenderson Files. Dum bum buh.  Flenderson files.",Personal
1192,8,4,Garden Party,Oscar,"Andy, we understand basic table manners, we're not children.",Humour
1193,8,4,Garden Party,Angela,Is there anything you wish you had done differently to avoid cankles?,Interpersonal
1194,8,4,Garden Party,Angela,I've already gone up another cup size. The senator is grossed out. When do you start feeling it kick?,Personal
1195,8,4,Garden Party,Angela,Phillip is the name that we're using. It's after my favorite cat.,Personal
1196,8,4,Garden Party,Toby,"Uh, you know what, I can go park it myself.",Logistics
1197,8,4,Garden Party,Toby,It's probably okay...,Opinions
1198,8,4,Garden Party,Toby,I think it's better that I...,Opinions
1199,8,4,Garden Party,Toby,It's a finicky car...,Opinions
1200,8,4,Garden Party,Toby,"It's a little tricky, you might have to... take... ",Opinions
1201,8,4,Garden Party,Oscar,"Andy, stop hovering, you're being really annoying.",Interpersonal
1202,8,4,Garden Party,Oscar,Technically FOR Robert California. He's our CEO.,Logistics
1203,8,4,Garden Party,Angela,"I would like to toast someone who isn't here but who will be in just four short months. Welcome to the world, Phillip Lipton!",Personal
1204,8,4,Garden Party,Angela,She just always has to copy anything I do! It's the Ford Taurus situation all over again!,Interpersonal
1205,8,4,Garden Party,Oscar,It's a reference to Citizen Kane. Something that explains why a person became the way they are.,Opinions
1206,8,4,Garden Party,Oscar,Different school of thought. Let's just agree to disagree.,Opinions
1207,8,5,Spooked,Toby,"Every Halloween I tell him the same thing - You can't bring weapons into the office, and every year he says the same thing - As soon as I get my weapons back I'm gonna kill you. But there I am at Thanksgiving, alive, you know. I'm a lucky turkey.",HR
1208,8,5,Spooked,Toby,If you turn out the lights we'll do a little dance.,Humour
1209,8,5,Spooked,Angela,"So, can we speak our minds now, or are we still sparing feelings, because I hate all of this.",Interpersonal
1210,8,5,Spooked,Oscar,Mummies are real. There are mummies at museums.,Opinions
1211,8,5,Spooked,Angela,Pam do you think anyone's going to notice I've worn this costume before? When I wasn't pregnant. You know I bet nobody would believe it still fits.,Personal
1212,8,5,Spooked,Oscar,Where is this from? That is so upsetting!,Interpersonal
1213,8,5,Spooked,Toby,"Oh, hey, Bert. Wanna see the dance? Dem bones, dem bones, dem dry...",Humour
1214,8,6,Doomsday,Toby,You know I don't have to do the paperwork unless you're actually dating.,HR
1215,8,6,Doomsday,Toby,But I mean...uh have you talked to her? Is sh...,Interpersonal
1216,8,6,Doomsday,Toby,"Do you know her last name, yet?",Personal
1217,8,6,Doomsday,Toby,She's going to be screaming her own last name?,Humour
1218,8,6,Doomsday,Oscar,There's an easy way to tell if this device is a sham. We just make a mistake. I'll send an order down to shipping before we've received payment.,Logistics
1219,8,6,Doomsday,Angela,"Kevin, maybe I should handle that. We really need you to focus on your project.",Logistics
1220,8,6,Doomsday,Angela,"Oscar, use a calculator. ",Logistics
1221,8,6,Doomsday,Oscar,"When the stakes are this high, there is only one computer that I trust. And it's powered by thai food and spanish reds. ",Logistics
1222,8,6,Doomsday,Angela,You sent the late notice to Ryan Heart & Wolf. Right?,Logistics
1223,8,6,Doomsday,Oscar,Five eighty-eight plus fifteen percent- Oh no.,Logistics
1224,8,6,Doomsday,Oscar,Dwight be human for once. Shut down the machine.,Logistics
1225,8,6,Doomsday,Oscar,Why haven't we heard anything? It's 4:45. There's only 15 minutes left.,Logistics
1226,8,6,Doomsday,Angela,"Oh, now you can do math? Where were you 2 hours ago 'A Beautiful Mind'-",Logistics
1227,8,6,Doomsday,Oscar,I made a mistake. I'm sorry.,Logistics
1228,8,6,Doomsday,Oscar,It's not that funny.,Opinions
1229,8,6,Doomsday,Oscar, He stopped it!,Interpersonal
1230,8,7,Pam's Replacement,Toby,"It's going to be nice to have just a healthy, young, fit presence in the middle of the office.",Opinions
1231,8,7,Pam's Replacement,Oscar,Yeah aesthetically speaking she adds a nice presence.,Humour
1232,8,7,Pam's Replacement,Oscar,"No, no. Not even.",Opinions
1233,8,7,Pam's Replacement,Oscar,Pam you look more beautiful now than ever.,Opinions
1234,8,7,Pam's Replacement,Toby,You know it's not just pregnant women who don't get their due. You know who's gorgeous? Helen Mirren.,Opinions
1235,8,7,Pam's Replacement,Toby,You know what would be the hottest thing ever? It's a pregnant Helen Mirren.,Opinions
1236,8,7,Pam's Replacement,Oscar,In this case yes.,Opinions
1237,8,8,Gettysburg,Oscar,"It's not fair, you guys.",Interpersonal
1238,8,8,Gettysburg,Angela,"Okay, Andy, we get it. It's a trip to Gettysburg.",Logistics
1239,8,8,Gettysburg,Oscar,Actually it is the northernmost.,Opinions
1240,8,8,Gettysburg,Oscar,"Dwight, what are you telling this girl?",Interpersonal
1241,8,8,Gettysburg,Oscar,"Stop filling her head with nonsense, okay? She doesn't know any better.",Interpersonal
1242,8,8,Gettysburg,Oscar,"Really? Why don't you tell us the real history, Gore Vidal?",Interpersonal
1243,8,8,Gettysburg,Oscar,he's a historian.,Opinions
1244,8,8,Gettysburg,Oscar,I apologize for my friend and for the Republicans who are cutting your funding.,Interpersonal
1245,8,8,Gettysburg,Oscar,Wow. This is so much better than the story you made up.,Opinions
1246,8,8,Gettysburg,Oscar,You're right. There should be a monument to this.,Opinions
1247,8,9,Mrs. California,Oscar,Are you really comfortable standing there? I tried one of those and I just never hit the sweet spot.,Logistics
1248,8,9,Mrs. California,Oscar,All I need is another gym. As if I don't have enough drama.,Personal
1249,8,9,Mrs. California,Oscar,Who's spotting who? Don't use the bike in the corner. That's Bruce's. Jeremy says...,Personal
1250,8,9,Mrs. California,Toby,Did you bring your passport with you?,Logistics
1251,8,9,Mrs. California,Toby,"Well, I do. Always ready for adventure.",Personal
1252,8,9,Mrs. California,Oscar,"Andy, if he didn't want her working here then why did you hire her?",Logistics
1253,8,9,Mrs. California,Oscar," Ah, just the battery on these things. I'm sorry, I've got to recharge this.",Logistics
1254,8,10,Christmas Wishes,Toby,You know this sounds a lot like the premise of my latest Chad Flendermen novel. A murder for framing.,Humour
1255,8,10,Christmas Wishes,Toby,"Chad Flendermen. Just an easy going black guy, he knows the streets, yet he also went to Oxford. So. Just as comfortable on a motorcycle as he is on Air Force One. Oh and he's also the world's leading Egyptologist.",Humour
1256,8,10,Christmas Wishes,Angela,Toby! Nobody cares about your sex-crazed black detective.,Humour
1257,8,10,Christmas Wishes,Toby,"No, no, no, no, no. Women chase him. He misses his wife.",Personal
1258,8,10,Christmas Wishes,Toby,Fingerprints can be planted. You know with a severed hand...,Humour
1259,8,10,Christmas Wishes,Angela,No. Porcupines don't have souls. They're like dogs.,Humour
1260,8,10,Christmas Wishes,Oscar,Who did this? Who did this? Do you know who did this?,Logistics
1261,8,10,Christmas Wishes,Oscar,"What? I haven't bar tended in forever. Oh, never considered myself a mixologist, oh this is daunting. Um, I need a mortar, pestle, muddler..does anyone have any chocolate shavings?",Humour
1262,8,11,Trivia,Oscar,"Gosh, Andy, you had a great quarter. Okay? Robert will understand. Eight hundred dollars is a rounding error!",Logistics
1263,8,11,Trivia,Oscar,I'm leaving early today because tonight I have a trivia contest in Philadelphia.,Personal
1264,8,11,Trivia,Oscar,"Any other crunch time, I would love to stay in, cook the books for you so you can save face in front of your CEO, but tonight is Triviocalypse!",Logistics
1265,8,11,Trivia,Oscar,"It's only the biggest night of trivia of the year. There's a thousand dollar prize. I'm committed to my friends, they're committed to me.",Personal
1266,8,11,Trivia,Oscar,"I don't believe this. What are you doing here, Andy?",Interpersonal
1267,8,11,Trivia,Oscar,And you guys thought this was a good idea?,Interpersonal
1268,8,11,Trivia,Oscar,Yes! It's a gay bar! So you guys want to go home now?,Interpersonal
1269,8,11,Trivia,Oscar,What does this say about you? That you followed me here? That you think you're going to win your sales quota? At a gay bar's trivia night? ,Interpersonal
1270,8,11,Trivia,Oscar, Le titre du film est Le Scaphandre et le Papillon.,Humour
1271,8,12,Pool Party,Oscar,How many bottles? Three hundred?,Humour
1272,8,12,Pool Party,Oscar,Toby! Chateau Margaux ninety-five. You know your wine.,Interpersonal
1273,8,12,Pool Party,Toby,"Well, and you have a... yes, a- d- another chateau.",Humour
1274,8,12,Pool Party,Oscar,"Toby, what's compelling about this is the note of persimmon. Right?",Opinions
1275,8,12,Pool Party,Oscar,"Okay, you have to join my wine-tasting club.",Interpersonal
1276,8,12,Pool Party,Toby,I would love that.,Personal
1277,8,12,Pool Party,Toby,"Toby, you are playing a dangerous game. Guess I'm through the gateway now, though, right?",Interpersonal
1278,8,12,Pool Party,Oscar," Toby! I am Bacchus, god of wine!",Humour
1279,8,12,Pool Party,Toby,And I am Bacchus's friend!,Humour
1280,8,13,Jury Duty,Oscar,Well no one won the pool. Angela wasn't due for another month.,Personal
1281,8,13,Jury Duty,Oscar,"Well Kevin and I have to go, Accounting is its own little family.",Logistics
1282,8,13,Jury Duty,Oscar,"We all got the email, some of us are going to go visit.",Logistics
1283,8,13,Jury Duty,Toby,"You know, when I was on j-duty, uh, Strangler case, we used to recreate the various stranglings with empanadas from- at Ernesto's.",Humour
1284,8,13,Jury Duty,Toby,You mean food truck. Ernesto's was a food truck.,Personal
1285,8,13,Jury Duty,Oscar," Guys, I don't know how many of you have seen- Gabe? Bring it in. I don't know how many of you have seen a premature baby before. It's going to be really tiny, so please don't say anything offensive.",Personal
1286,8,13,Jury Duty,Angela,Oh... I don't- I don't want any- what are you guys doing here?,Logistics
1287,8,13,Jury Duty,Oscar,We wanted to say hi to the newest little Dunder Mifflinite.,Logistics
1288,8,13,Jury Duty,Toby,It's the empanada guy.,Humour
1289,8,13,Jury Duty,Angela,"Nine pounds? Really? I thought you said five. You know what? I was under so many drugs, I felt like I was at a James Taylor concert or something, oh. So, what did you bring?",Personal
1290,8,13,Jury Duty,Angela,"No, I think he came early just so he could wear these. Thank you.",Personal
1291,8,13,Jury Duty,Oscar,This baby is clearly not premature. They're lying about the date it was conceived. It's very interesting. And her husband's gay. I don't even know which thread to follow.,Personal
1292,8,13,Jury Duty,Oscar,"Honestly, I can return this for a larger size.",Logistics
1293,8,13,Jury Duty,Angela,"It's fine. Pajamas aren't supposed to be baggy, right? It's not the barrio.",Opinions
1294,8,13,Jury Duty,Oscar,The only premature baby in this room is the baby this baby ate.,Humour
1295,8,13,Jury Duty,Angela,"Fine, God. Philip was conceived nine months ago.",Personal
1296,8,13,Jury Duty,Angela,"The senator and I wanted to wait, but we had just seen Thor and there was way too much wine in my chicken piccata.",Personal
1297,8,13,Jury Duty,Angela,"Right. Um, point is, Philip was conceived out of wedlock.",Personal
1298,8,13,Jury Duty,Angela,"And now you all know, but you can never tell. I'm serious.",Personal
1299,8,13,Jury Duty,Oscar,Angela got pregnant before the wedding.,Personal
1300,8,13,Jury Duty,Oscar,She got pregnant before the wedding.,Personal
1301,8,13,Jury Duty,Angela,"No, you don't have to. I'm going to wear this cover.",Personal
1302,8,13,Jury Duty,Angela,Every baby looks just like you. Your face kind of looks like a baby.,Humour
1303,8,13,Jury Duty,Angela,"And even if it did, it's just a coincidence.",Opinions
1304,8,13,Jury Duty,Angela,"Sure.  Watch the head, watch the head.",Personal
1305,8,14,Special Project,Angela,Hello everyone! Remember little old me. Hi!,Interpersonal
1306,8,14,Special Project,Angela,I wanted to come back to work. Not everybody needs some long luxurious Parisian maternity leave. ,Logistics
1307,8,14,Special Project,Oscar,"Angela, you look amazing.",Opinions
1308,8,14,Special Project,Angela,"Really? I feel like this big rhinoceros. Anyway, I wanted to thank you guys for covering for me so I made some treats. I've got brownies and magic cookie bars.",Humour
1309,8,14,Special Project,Angela,"I don't know what that is, Pam. I made a batch with no nuts, special for you Kevin, right here.",Personal
1310,8,14,Special Project,Angela,"Babies sleep a lot Pam, if you feed them enough. Brownie Pam?",Personal
1311,8,14,Special Project,Angela,"I wouldn't know, I'm watching my weight. Ugh.",Personal
1312,8,14,Special Project,Oscar,It just feels like a slap in the face.,Opinions
1313,8,14,Special Project,Oscar,We're not questioning his reasons. I just wanna know what they are.,Opinions
1314,8,14,Special Project,Angela,"Ok, it's obvious Andy picked the people that are least important to the office.",Logistics
1315,8,14,Special Project,Toby,"It has been a long, lonely winter.",Personal
1316,8,14,Special Project,Toby,"It is real, thank you for saying that.",Interpersonal
1317,8,15,Tallahassee,Oscar,Can we see that? Did you really find it?,Logistics
1318,8,16,After Hours,Oscar,"Hey, you guys want to see a picture of Gerald wearing galoshes? He refused to go out in the rain until I bought these. Now going out in the rain is all he wants to do.",Personal
1319,8,16,After Hours,Angela,"News flash - If you didn't carry it around for nine months, it isn't your kid.",Humour
1320,8,16,After Hours,Oscar,"Hey, are your little dudes crawling yet?",Personal
1321,8,16,After Hours,Angela,My Phillip is crawling.,Personal
1322,8,16,After Hours,Oscar,"Exactly. That's just like crate training. All night long, all night long.",Humour
1323,8,16,After Hours,Angela,"No one said ""you must have two""",Opinions
1324,8,16,After Hours,Oscar,"Like her genes are so important. The world just needs more Pam/Jim DNA. Thank you, no.",Humour
1325,8,16,After Hours,Oscar,"Jamaican, huh? I just read about the elections down there. Crazy stuff.",Opinions
1326,8,17,Test The Store,Oscar,How can we feel safe knowing that there are gangs here? We should call the police right now!,Interpersonal
1327,8,17,Test The Store,Angela,Why would you care what the police think of our neighborhood?,Interpersonal
1328,8,17,Test The Store,Toby,"Yeah, um... I can't believe you remembered. I do self-defense. Um, I'll go put on my cup.",Personal
1329,8,17,Test The Store,Toby,"Self-defense is not some fun boxing match, okay? This is about escaping with your life. So... strike, scream, and run. All right? Let's try it.",Humour
1330,8,17,Test The Store,Toby,That may have been my fault.,Humour
1331,8,17,Test The Store,Toby,"Okay, look, in a real crisis situation, you're not gonna have to time to think, okay? So just remember, I-A-A-T-G. ""It's all about the groin.""",Humour
1332,8,17,Test The Store,Toby,I don't think that's very common.,Opinions
1333,8,17,Test The Store,Oscar,Why are you fixated on this hypothetical transgendered attacker?,Interpersonal
1334,8,17,Test The Store,Toby,"Well, the most common scenario is a larger man attacking a smaller female.",Opinions
1335,8,17,Test The Store,Toby,"It's interesting that you're drawn to the point of view of the attacker. Â You would like the turn of the table. Okay, the latest Chad Flenderman novel...  written from the point of view of his nemesis, Dr. Lucifer Wu.",Humour
1336,8,17,Test The Store,Angela,Can I please leave? I have a rape flute.,Humour
1337,8,17,Test The Store,Toby,"All right, well, let's try one simple technique together. Okay, why doesn't everyone stand? Okay, so... you're being attacked. You've got your hands up. Simple palm strike to the chin. Up to the chin. One, two.",Opinions
1338,8,17,Test The Store,Toby,"Now, if your attacker is willing to defile a corpse, you better stop playing dead right away and just make it known that you're alive.",Opinions
1339,8,17,Test The Store,Toby,There's no shame in getting beaten up by a girl. My ex-wife used to demolish me.,Personal
1340,8,17,Test The Store,Toby,"Okay, this isn't over. Let's stay focused, okay? Â We made fun of Andy earlier for getting beat up by a little girl, but... little things can be dangerous.",Humour
1341,8,17,Test The Store,Angela,Good point? What is a tub of electricity?,Humour
1342,8,17,Test The Store,Oscar,With all due respect we know what we're defending against: a twelve year old female bully.,Humour
1343,8,17,Test The Store,Angela,Great! I think Kelly should attack Toby.,Humour
1344,8,17,Test The Store,Toby,I don't know if this is gonna help...Uh...,Interpersonal
1345,8,17,Test The Store,Toby,We should stay to maybe some more traditional models...,Logistics
1346,8,17,Test The Store,Toby,"Okay, this is what's called pre-violent posturing.",Opinions
1347,8,17,Test The Store,Toby,"Okay, I'm at what's called ""the decision point.""",Opinions
1348,8,18,Last Day In Florida,Angela,"Well, the way you said it made it sound like he was dead.",Humour
1349,8,18,Last Day In Florida,Oscar,"You guys, we've gone over this, there is no treasure. ",Opinions
1350,8,18,Last Day In Florida,Oscar,"When the team left for Tallahassee, Dwight told everyone not to touch his treasure.  Obviously he wants us to obsess about it. There's nothing in there.  Which is obviously what he would want us to think, making it the perfect place to hide a treasure. Oh god, I'm Wallace Shawn in The Princess Bride.",Humour
1351,8,18,Last Day In Florida,Oscar,I am dying to know what's in there.,Logistics
1352,8,18,Last Day In Florida,Toby," Knock, knock. Hey, Sasha's first year in the troops, so I'm selling cookies for her. Anyway, would you like some?",Personal
1353,8,18,Last Day In Florida,Toby,"You can't claim territories. This is the only place I interact with people. Can't you sell at your church or barber shop?  Or chess club, or?",Interpersonal
1354,8,18,Last Day In Florida,Toby,"That's it? Yeah, well, ok. Thanks Darryl.",Interpersonal
1355,8,18,Last Day In Florida,Toby," Hey, you tricked me. You just wanted Kevin.",Interpersonal
1356,8,18,Last Day In Florida,Toby,"No, no, no. It's not fair. What if Kevin wants to buy cookies from me?",Interpersonal
1357,8,18,Last Day In Florida,Toby,"You know, why don't we split the order? It's only fair.",Interpersonal
1358,8,18,Last Day In Florida,Toby,"I'm, I'm not gonna comment on my personal life.",Personal
1359,8,18,Last Day In Florida,Toby,"Yeah, I don't know why you picked names that are also guys' names.",Humour
1360,8,18,Last Day In Florida,Toby,"Don't make me be your pony, Kevin.",Interpersonal
1361,8,18,Last Day In Florida,Toby,Yeah. I have my dignity too. I refuse to be another man's horsey.,Humour
1362,8,19,Get The Girl,Oscar,I remember when that balloon went up there. I was still with Gil. We were so happy.,Personal
1363,8,19,Get The Girl,Toby,Robert did say you'd be joining us. Welcome. I'm Tony.,Interpersonal
1364,8,19,Get The Girl,Toby,"I- I said I'm Tony. Okay I made a mistake. I thought it might go unnoticed. But uh, I'm Toby.",Interpersonal
1365,8,19,Get The Girl,Toby,"It happens, okay? Uh, so let's just find an empty desk for you, and uh, I'm sure Robert will be with you as soon as he gets in.",Logistics
1366,8,19,Get The Girl,Angela,Trust you? The way Pam trusted you to provide for her so she wouldn't have to work?,Interpersonal
1367,8,20,Welcome Party,Oscar,"Pam, hit the brakes. Stanley does not have a moustache. I misspoke. I'm not sure. I think he has one, now that- I think he has a moustache.",Interpersonal
1368,8,20,Welcome Party,Angela,'Cause we come here to do our jobs. We don't stick our noses in other people's business.,Logistics
1369,8,20,Welcome Party,Oscar,"Actually, Nellie, this monologue you're delivering is very offensive.",Interpersonal
1370,8,20,Welcome Party,Angela,We're going to have the fluorescent lights flickering. It's gonna make everyone sick.,Logistics
1371,8,20,Welcome Party,Oscar,"To Nellie Bertram, you are a most welcome and friendly presence at our company.",Logistics
1372,8,20,Welcome Party,Oscar,"Pam, on the other hand, is a most unwelcome, entitled, unfriendly presence in our company.",Logistics
1373,8,20,Welcome Party,Angela,"Nellie is terrific, but to be honest, every day I imagine how happy I'd be if Pam died. ",Personal
1374,8,21,Angry Andy,Oscar,Time's almost up. How many are left?,Logistics
1375,8,21,Angry Andy,Oscar,"Nellie, does the person affected by this want us to help her in any way in particular?",Logistics
1376,8,21,Angry Andy,Angela,"Stop that! Dwight! Stop that, stop it.",Interpersonal
1377,8,21,Angry Andy,Toby,"Erin, HR is a joke. I can't do anything about anything.",HR
1378,8,21,Angry Andy,Oscar,"Ryan, go away! She found herself a beautiful boyfriend!",Humour
1379,8,22,Fundraiser,Oscar,It says here this Smokey Robinson dead thing was a hoax. It's on CNN as of two minutes ago.,Opinions
1380,8,22,Fundraiser,Angela,Robert! The senator was going to wear dark brown tonight... I'm sure it will be fine.,Personal
1381,8,22,Fundraiser,Angela,My husband is sponsoring a fundraiser tonight for local dog shelters! Robert California bought two tables for everyone here! These people were lucky to get seats because it is going to be a who's who of the northern 22nd district!,Personal
1382,8,22,Fundraiser,Angela,We think you might kill Robert.,Interpersonal
1383,8,22,Fundraiser,Angela,"Robert, the senator and I wanted to stop by and say hello.",Personal
1384,8,22,Fundraiser,Oscar,my dog Gerald is my life.,Personal
1385,8,22,Fundraiser,Oscar,"This confirms three things: I'm right about the senator, I still got it, and poor Angela.",Humour
1386,8,22,Fundraiser,Oscar,I stumbled into a very dramatic situation. Angelas husband just hit on me!,Personal
1387,8,22,Fundraiser,Oscar,"We were talking about animals, he gives me his cell phone number. He was just dying for me to have it.",Personal
1388,8,22,Fundraiser,Oscar,"Well, if you would have seen the look he gave me, he wanted to run more than just my vote.",Humour
1389,8,22,Fundraiser,Oscar,He does not think Jim's gay. A gay man would not leave the house wearing those shoes.,Opinions
1390,8,22,Fundraiser,Oscar,sorry about what? There's nothing to be sorry about here.,Interpersonal
1391,8,22,Fundraiser,Oscar,"No. I'm certainly not disappointed that Angelas husband was not hitting on me. I'd have to be a monster to root for that. A lonely, aging monster.",Personal
1392,8,22,Fundraiser,Oscar,"Nice to see you again, it was lovely!",Interpersonal
1393,8,22,Fundraiser,Oscar,why does this always happen to me? Ahh! I just feel so bad for Angela,Personal
1394,8,23,Turf War,Oscar,Why did Binghamton close?,Logistics
1395,8,23,Turf War,Toby,"Now, we're actually a lot closer to Binghamton than you are. Kimosabe.",Logistics
1396,8,23,Turf War,Toby,"I like to think Lloyd Gross is a no-nonsense guy who doesn't back down from anybody. And he calls people ""Kimosabe"".",Opinions
1397,8,23,Turf War,Toby,"That's true. There's no rule. You can check the employee handbook. Oh, can I check the employee handbook Lloyd? Well, does it say anything about me choking a man with my bare hands?",Logistics
1398,8,23,Turf War,Toby,I've seen guys like you. Big guys who like to push the little guys around. Lloyd Gross eats bullies like you for breakfast.,Opinions
1399,8,23,Turf War,Toby,"Hey, text from the old wife. Gonna take that. ",Personal
1400,8,23,Turf War,Angela," Hello! Hello, my clucking hens. Got room for another in the roost? Huh? Don't worry, I won't lay an egg.",Humour
1401,8,23,Turf War,Angela,Robert sent me to take over if Pam fails. If? ,Logistics
1402,8,23,Turf War,Angela,I have been crunching numbers all day. Math is for boys. I need girl talk.,Logistics
1403,8,24,Free Family Portrait Studio,Oscar," Hello. My name's Oscar. I'm an accountant in Scranton, Pennsylvania and I'm gay. And I'm here to tell you that yes- it does get better. When I was younger, um-",Personal
1404,8,24,Free Family Portrait Studio,Oscar,"No, it's just a way to tell young people, no matter how hard it gets for them, there's a brighter future ahead.",Personal
1405,8,24,Free Family Portrait Studio,Oscar,"No matter how hard it gets for you, eh- Kelly, seriously, I-",Personal
1406,8,24,Free Family Portrait Studio,Oscar,"Okay, as you can see, I now have a cool job at a dynamic workplace. Being gay is a celebration of life, it's a simple-",Personal
1407,8,24,Free Family Portrait Studio,Oscar,"In any case, it gets better.  Maybe- maybe not much better... but better.",Opinions
1408,8,24,Free Family Portrait Studio,Angela,No. I am going to hold him because I haven't seen him all day.,Personal
1409,8,24,Free Family Portrait Studio,Angela,"I think that Dwight is doing this whole thing to, um, get a sample of my baby's DNA to prove he's the father. Which... is impossible... because the senator is the only man I've ever been with.",Personal
1410,8,24,Free Family Portrait Studio,Toby,"Andy, we wanted to talk to you. A lot of us are very concerned about you.",Interpersonal
1411,8,24,Free Family Portrait Studio,Toby,I can refer you to someone to talk to.,Logistics
1412,8,24,Free Family Portrait Studio,Oscar,David Wallace hasn't worked here in years.,Logistics
1413,8,24,Free Family Portrait Studio,Toby,"Hey, Andy, Nobody's calling you crazy, Andy. We're your friends, Andy.",Interpersonal
1414,8,24,Free Family Portrait Studio,Toby,Do you see David Wallace in the room right now?,Humour
1415,8,24,Free Family Portrait Studio,Angela,Get out of the car! Get out! Where is he?,Interpersonal
1416,8,24,Free Family Portrait Studio,Angela,"Yes!  Tell me! Tell me where he is! Mose, damn it! Where did he go? Mose! Get back here!",Interpersonal
1417,9,1,The New Guys,Toby,Kelly Kapoor is gone. Her fiancÃ© Ravi was hired as a pediatrics professor at Miami university.,Personal
1418,9,1,The New Guys,Toby,"iami University in Ohio. On her last day, Kelly was still a little confused about it",Personal
1419,9,1,The New Guys,Toby,"Shortly after Kelly left, Ryan quit and also moved to Ohio, for what he claimed were unrelated reasons.",Logistics
1420,9,1,The New Guys,Toby,There's two new guys back there with me now. They're in their 20s. And we really get along.,Personal
1421,9,1,The New Guys,Toby,Just three single guys. Getting into trouble.,Humour
1422,9,1,The New Guys,Angela,"Well, I need to give my cat up for adoption.",Personal
1423,9,1,The New Guys,Angela,"No, the one with the long hair and the denim pants, Comstock! Ok, look . He's such a special kitty. I just want to find him a good home. He loves those pants",Personal
1424,9,1,The New Guys,Angela,"If you pray enough, you can change yourself into a cat person.",Humour
1425,9,1,The New Guys,Oscar,"Those guys always change back, Angela.",Personal
1426,9,1,The New Guys,Toby,Hey you wanted to see me?,Logistics
1427,9,1,The New Guys,Toby,You can only fire Nellie for cause.,HR
1428,9,1,The New Guys,Toby,"Except you just told me you were gonna make it up. Now if she sues, I have to testify against you.",HR
1429,9,1,The New Guys,Toby,Can't. I took a course at the Weintraub Memory Academy. I sat next to this woman named Beverly Brook. She had a Greek salad for lunch. See what I mean?,Logistics
1430,9,1,The New Guys,Angela,Attention everyone. Comstock is still available. Oscar has been flirting with adopting him. But still hasn't given me a definite yes or no.,Personal
1431,9,1,The New Guys,Angela,"Fine. For any interested candidates, I will be conducting 20 minute interviews. My ideal situation would an independently wealthy cute couple with a strong commitment to education. Black or white, I'm fine with either, but not both.  Listen, you're in this, but you need to wow me, ok?",Personal
1432,9,1,The New Guys,Toby,"This is a bloodbath. Alright, I'm calling this.",Interpersonal
1433,9,1,The New Guys,Toby,"It is enough of this. Everyone, let's go back to work.",Logistics
1434,9,1,The New Guys,Angela,How would you support the cat? What are your ambitions?,Personal
1435,9,1,The New Guys,Angela,Have you taken any concrete steps?,Personal
1436,9,1,The New Guys,Angela,"No, the baby. Please, it's my husband's favorite cat. He's broken up about it. It's the only time I've seen him cry other than our wedding night.",Personal
1437,9,1,The New Guys,Angela,"Yay! Oh, poor Robert. He won't get to say goodbye. He has this business dinner tonight",Personal
1438,9,1,The New Guys,Oscar," Yeah. Good news, tonight when you come over for dinner, you can play with your old buddy Comstock.",Personal
1439,9,2,Roy's Wedding,Angela,"Um, you have diabetes, Stanley.  I'm sorry, is the assignment to pick a selfish charity?",Humour
1440,9,2,Roy's Wedding,Angela,The senator and I still have mystery. I'm always waiting to see what he's gonna surprise me with next. ,Personal
1441,9,2,Roy's Wedding,Toby," Sh, uh, um, I was having this separate conversation with Kevin. Uh, Johnny Depp.",Interpersonal
1442,9,2,Roy's Wedding,Angela," Kevin, stop it with that question.",Interpersonal
1443,9,2,Roy's Wedding,Oscar,Then why are we talking about her looks? Why not her credibility? Or her reliability?,Interpersonal
1444,9,2,Roy's Wedding,Oscar,"I'm so sorry, Andy, but for twenty years, the most trusted man in America - Walter Cronkite.",Opinions
1445,9,2,Roy's Wedding,Oscar,"Does Erin have any experience? Has she taken any journalism classes, maybe? Or...",Logistics
1446,9,2,Roy's Wedding,Angela,Has she done the pageant circuit?,Logistics
1447,9,3,Andy's Ancestry,Oscar,"I'm just saying, what does it imply in this country when a white person shares an ancestor with a black person?",Interpersonal
1448,9,3,Andy's Ancestry,Oscar,"Well, if there's another explanation, I don't really see what it could possibly be. Iï¿½",Opinions
1449,9,3,Andy's Ancestry,Oscar,Andy! Andy! No! I would be very polite today.,Humour
1450,9,3,Andy's Ancestry,Oscar,"Your connection. To Michelle Obama has certain... negative connotations. Most likely, your family wereï¿½slave owners.",Interpersonal
1451,9,3,Andy's Ancestry,Angela,Stop it! Stop it! You're frightening me!,Interpersonal
1452,9,3,Andy's Ancestry,Oscar,"The difference is, Andy, that you're the only be here still benefitting from the terrible things that your ancestors did.",Interpersonal
1453,9,3,Andy's Ancestry,Oscar,Your family's rich! I have to believe that a big part of the Bernard fortune was earned on the backs of slaves.,Interpersonal
1454,9,4,Work Bus,Oscar,Is this like a blooper reel?,Humour
1455,9,4,Work Bus,Oscar,What was that? That was just a normal video with you making vulgar noises.,Humour
1456,9,4,Work Bus,Oscar,It stands for electromagnetic field. Generally cause by a concentration of wiring in one area  Especially if they're poorly insulated. Dwight.,Logistics
1457,9,4,Work Bus,Toby,You think I have a machine for measuring bee hives?,Humour
1458,9,4,Work Bus,Angela,"I, I need to get to the paper please. ",Logistics
1459,9,4,Work Bus,Angela,"So wait, when pies are involved you can suddenly do math in your head?",Humour
1460,9,4,Work Bus,Oscar,"Hold on, Kevin, how much is 19,154 pies divided by 61 pies?",Humour
1461,9,4,Work Bus,Oscar,What if it were salads?,Humour
1462,9,4,Work Bus,Oscar,I don't know what you're talking about.,Interpersonal
1463,9,4,Work Bus,Oscar," Kevin, are you trying to get me to hit you? In the face with my pie?",Interpersonal
1464,9,5,Here Comes Treble,Angela,The senator will be joining us later.,Personal
1465,9,5,Here Comes Treble,Angela,"No, it wasn't.",Personal
1466,9,5,Here Comes Treble,Angela,"And I told Phyllis not to put it out, but she insisted. So, anyway... Hi! Oh, Oscar, remember my husband, the senator?",Personal
1467,9,5,Here Comes Treble,Oscar,"Senator Lipton, nice to see you.",Interpersonal
1468,9,5,Here Comes Treble,Angela,"Wait a second, who designed this spread? The sweets and savories are all mixed together. This is mayhem!",Opinions
1469,9,5,Here Comes Treble,Oscar,Actually I'm the electoral college.,Personal
1470,9,5,Here Comes Treble,Angela,"You know what? This is outrageous. I have to find Phyllis. You two talk, okay? Sorry babe.. Phyllis!",Interpersonal
1471,9,5,Here Comes Treble,Toby,"Oh my goodness, look. Look at this.",Humour
1472,9,5,Here Comes Treble,Angela,They lost me when they sang ï¿½Monster Mash'. That song obviously glorifies the occult.,Humour
1473,9,6,The Boat,Oscar, Can you guys come with me for a minute?,Interpersonal
1474,9,6,The Boat,Oscar,"I know you saw me with the Senator. I think I'm in love, possibly for the first time. So yes, Senator Lipton and I are having an affair. I hope that I can count on your sensitivity, maturity and discretion. ...Why?",Personal
1475,9,6,The Boat,Oscar,"Kevin, listen to me. I'm in love with the Senator. And I need time to sort this out in a responsible matter so I need your help in keeping it a secret because this means the world to me. Ok?",Personal
1476,9,6,The Boat,Angela,"Kevin, we're out of 11-38 forms. Did you order more?",Logistics
1477,9,6,The Boat,Angela,I don't know why I'm surprised. Literally nothing you do could surprise me anymore.,Interpersonal
1478,9,6,The Boat,Oscar,"That actually wasn't the worst cover. I'd say at least once a week, Kevin runs out of the room shouting that he has to go to the bathroom.",Humour
1479,9,6,The Boat,Angela,The Senator is exhausted. This campaign is wearing him out.,Personal
1480,9,6,The Boat,Angela,That man he's up against is so dirty. And the senator's just pushing back as hard as he can.,Personal
1481,9,6,The Boat,Angela,"Anyways, last night he was tired and just wanted a little Mexican brought in. ",Personal
1482,9,6,The Boat,Toby,Kevin. His gambling problem must've resurfaced. I'm gonna have to send him home until I can do an investigation.,Logistics
1483,9,6,The Boat,Toby,"Hi, Kevin. Look, I need to talk to you about-",Logistics
1484,9,6,The Boat,Oscar,"Guys? Excuse me. Um, a quick word, please just..",Logistics
1485,9,6,The Boat,Oscar,"Oh, you're right I'm so sorry. Snack machine on me. ",Logistics
1486,9,6,The Boat,Oscar,Those figures I gave you? They're false.,Logistics
1487,9,6,The Boat,Oscar,"I was mad at Kevin, we had a fight and I acted vindictively.",Interpersonal
1488,9,6,The Boat,Toby,I knew it. I knew it from the beginning it was possible.,Personal
1489,9,6,The Boat,Oscar,What are you talking about? I just did this now.,Logistics
1490,9,6,The Boat,Toby,"A few years ago, when I was on the jury of the Scranton Strangler..",Personal
1491,9,6,The Boat,Toby,I always thought he might have been set up but I felt pressured to convict.,Personal
1492,9,6,The Boat,Oscar,That's gotta be tough.,Personal
1493,9,6,The Boat,Toby,Tough? I put an innocent man on death row.,Personal
1494,9,6,The Boat,Oscar,"Well, I am sorry Kevin.",Interpersonal
1495,9,6,The Boat,Angela,Why on earth would you think you were getting a promotion?,HR
1496,9,6,The Boat,Angela,Honey! What are you doing here?,Personal
1497,9,6,The Boat,Angela,Oscar? What is going on? What was that?,Interpersonal
1498,9,6,The Boat,Oscar,You know what? I'm sorry. I overreacted. Because I'm stressed out. Why am I stressed out? Who's not stressed out? Who's not stressed out? Who-,Interpersonal
1499,9,6,The Boat,Oscar,"I have to say I'm impressed with Kevin. Uh, he showed a lot of self-control.",Opinions
1500,9,7,The Whale,Toby,I have very fertile hair glands.,Personal
1501,9,7,The Whale,Toby,I am so glad I got all of the dudes to do Movember. We have the dopest time back in the annex.,Humour
1502,9,7,The Whale,Toby,"We even go to lunch, pick up babes.",Humour
1503,9,7,The Whale,Toby, Smile if you love men's prostates.,Humour
1504,9,7,The Whale,Angela, I think the senator is having an affair.,Personal
1505,9,7,The Whale,Oscar, This doesn't... I'm sorry. Wha... what?,Interpersonal
1506,9,7,The Whale,Angela,I think the senator is having an affair.,Personal
1507,9,7,The Whale,Oscar,I literally have nightmares in which what just happened happens. I wake up in a sweat. And then I make Angela's husband spoon me back to bed.,Personal
1508,9,7,The Whale,Angela,"When he comes home in the morning, he has this secret little smile.",Personal
1509,9,7,The Whale,Oscar,"Oh, I'm sure ...that's nothing.",Interpersonal
1510,9,7,The Whale,Angela,And he's always at the yoga studio. He never misses the noon class - it's Hot Yoga with Blake.,Personal
1511,9,7,The Whale,Oscar,"Angela, Blake's also a guy's name so he... may be spending his afternoons with a guy named Blake. So nothing to worry about. Huh. Blake. Who is Blake?",Humour
1512,9,7,The Whale,Angela,I don't know.,Personal
1513,9,7,The Whale,Oscar,I just never heard about the senator and yoga...,Personal
1514,9,7,The Whale,Oscar,From you. I'm sure it's probably nothing. But what's with the yoga already?,Personal
1515,9,7,The Whale,Oscar,"And Blake! All right Angela, calm down! We need to go check this out.",Personal
1516,9,7,The Whale,Oscar,"Angela, I'll go with you.",Interpersonal
1517,9,7,The Whale,Angela,Which one is the instructor? There all fatties.,Opinions
1518,9,7,The Whale,Oscar," On the stairs. Stay calm. Stay down. Oh, so wait. Blake is a her.",Personal
1519,9,7,The Whale,Angela,"Oh my God! She's so stunningly tiny! She's like a petite double zero, for sure. For sure! Holy cow! Look at what they're doing.",Opinions
1520,9,7,The Whale,Oscar,She's repositioning his hips for downward facing dog.,Opinions
1521,9,7,The Whale,Angela," I've heard of this - dog style. Oh wait. Oh look Oscar, Thumbelina has a boyfriend! And he has a ponytail - ew. I'd like to see that run for office. Oscar, you were right. I had nothing to be worried about. Thank you. Let's go.",Personal
1522,9,7,The Whale,Toby,"This is fun. You know? I mean, this is fun.",Opinions
1523,9,7,The Whale,Jan,You son of a bitch. You're firing me? Where the hell do you get off?,Interpersonal
1524,9,7,The Whale,Jan,"I was under the impression that David Wallace would be coming. He bought back Dunder Mifflin, correct?",Logistics
1525,9,7,The Whale,Jan,Molly! David Wallace is in Vermont.,Logistics
1526,9,7,The Whale,Jan,Molly. I am not Tom. I am Jan.,Interpersonal
1527,9,7,The Whale,Jan,"I thought it would be fun to have a little chat with uh, David Wallace after all these years. Oh, well. What are you doing?",Logistics
1528,9,7,The Whale,Jan,Fine. I will show you one... slide show.,Logistics
1529,9,7,The Whale,Jan," Mommy, you're a princess. Mommy, you're a superstar. Mommy you're the greatest. How can I ever fill your sho-o-o-es?",Personal
1530,9,7,The Whale,Jan," Well, that -- that was -- that was me too.",Humour
1531,9,7,The Whale,Jan,Cece can't spell her name.,Personal
1532,9,7,The Whale,Jan,"Well, it's not really much of a comparison, is it? I mean, ""Cece"" is two letters and ""Astrid"" is... I mean, there's even some adults who -- who -- who can't spell it.",Humour
1533,9,7,The Whale,Jan,"Can you spell it? Try to spell it, Pam.",Interpersonal
1534,9,7,The Whale,Jan,Don't patronize me.,Interpersonal
1535,9,7,The Whale,Angela,Wait. Why are you... Oh. are you getting your jollies right now? Can't get enough of the show? Your jollies are all on fire --,Interpersonal
1536,9,7,The Whale,Oscar, Please. It's Robert who's enjoying it.,Humour
1537,9,7,The Whale,Oscar,"This could be the affair that you're scared of. Politicians are wonderful liars. You never know who they really are.  But uh, he's probably not gay. He's straight. He's straight, so...",Personal
1538,9,7,The Whale,Jan,"I don't recall. And yes, Molly is crap.",Opinions
1539,9,7,The Whale,Jan,"Will you uh,  you. Can you turn around for me, please? Dwight you can go. I will call you in a week or so and let you know whether I want your business.",Interpersonal
1540,9,7,The Whale,Jan, Do you have a valid passport?,Logistics
1541,9,7,The Whale,Angela,"Oscar, what is happening here? Why would you say you think the senator might be gay?",Interpersonal
1542,9,7,The Whale,Oscar,"I don't know, Angela. I'm dehydrated. Maybe... You heard me wrong. We should just go.",Interpersonal
1543,9,7,The Whale,Angela,"Look, look, look. Here he comes. Here he comes. What is he doing?",Personal
1544,9,8,The Target,Oscar,"Yesterday, Angela may or may not have figured out that I'm having an affair with her husband. So I just have to wait and see. When she comes in, if she's cold and awkward and cruel to me, then great, it's business as usual.",Personal
1545,9,8,The Target,Angela,I think the thermostat is acting up again.,Logistics
1546,9,8,The Target,Oscar,"It's the stupid thermostat! That thing is a catastrophe. So I'm gonna, um, on your suggestion, get someone to fix it. I'll just go downstairs.",Logistics
1547,9,8,The Target,Oscar,"She doesn't know. I shouldn't be surprised. This is a woman who married a man who is obviously a homosexual. Basically, she has her head in the sand. In a way I feel sorry for her. I guess the universe rewards true love.",Personal
1548,9,8,The Target,Angela,"Meet me in the old place, five minutes. I need you.",Interpersonal
1549,9,8,The Target,Angela,"Dwight, it's not that kind of meeting. Put your clothes back on.",Interpersonal
1550,9,8,The Target,Angela,Just put them on! Put on your clothes. I need your help. I need someone who can operate outside of the law. Ugh.,Interpersonal
1551,9,8,The Target,Angela,My marriage is in danger. I don't know who I can trust. I need someone to be there for me.,Personal
1552,9,8,The Target,Angela,"Okay, so everything you need to know about the target is in here.",Personal
1553,9,8,The Target,Angela,It's the only thing that will make this right.,Interpersonal
1554,9,8,The Target,Oscar," I just gave her a cookie, and she called me an angel, so... yeah, we're good. Yeah.  We dodged a bullet, yes. Okay. Yeah. Yeah, yeah-- Well, I gotta go now, but-- Okay, bye. Bye.",Interpersonal
1555,9,8,The Target,Angela,"Exactly, a friend. Someone who sits next to you year after year, making chitchat and smiling, and all the while running behind your back and defiling your marriage and seducing your husband.",Interpersonal
1556,9,8,The Target,Angela,"Well, you might be right. But it's too late now.",Interpersonal
1557,9,8,The Target,Oscar,You hired someone to hit me with a pipe!,Interpersonal
1558,9,8,The Target,Angela,You deserved every bit of it! Â You made my husband gay.,Interpersonal
1559,9,8,The Target,Oscar,"What-- what I did was wrong, and I have to live with that every day. But your husband is... gay. He was gay when you married him!",Personal
1560,9,8,The Target,Oscar,"Angela, until you face that, you're gonna be confused and angry for all the wrong reasons. But if you want to blame me for the whole thing, go ahead -- I won't stop you. Hit me. you have my blessing. Hit me.",Interpersonal
1561,9,8,The Target,Angela,Well are you gonna let go of it? Because part of the blame is definitely on you.,Interpersonal
1562,9,8,The Target,Angela,You were supposed to be my friend.,Interpersonal
1563,9,8,The Target,Angela,I feel so stupid. I sit next to him every day.,Personal
1564,9,8,The Target,Angela," Jazz is stupid! Â I mean, just play the right notes!",Humour
1565,9,8,The Target,Angela,I don't like your friend Trevor.,Interpersonal
1566,9,8,The Target,Toby,That is-- that is a loaded question.,Interpersonal
1567,9,8,The Target,Angela,My pastor said it can come from breast feeding.,Personal
1568,9,8,The Target,Angela,"Well, he didn't fight me hard on it.",Personal
1569,9,8,The Target,Toby,"I-- I don't know if there's truth to-- to, uh, to that.",Opinions
1570,9,8,The Target,Angela,What is it called when two men intertwine their penises like the snakes on the medic-alert bracelet?,Humour
1571,9,9,Dwight Christmas,Angela,"Oh, right, like I'm responsible 'cause I'm in charge of the party planning committee.",Logistics
1572,9,9,Dwight Christmas,Angela,Don't blame me for something we all forgot.,Interpersonal
1573,9,9,Dwight Christmas,Oscar,"Yeah, let's not blame her for something we all forgot.",Interpersonal
1574,9,9,Dwight Christmas,Oscar,"I didn't realize how many of Angela's opinions I agreed with, until she tried to have my kneecap shattered for sleeping with her husband. She makes a lot of very sound points.",Humour
1575,9,9,Dwight Christmas,Angela," Party planning cimmittee, emgergency meeting. Now.",Logistics
1576,9,9,Dwight Christmas,Toby,"You know who's not gonna get to work on some exciting new startup this year? George Howard Skub, a.k.a. the alleged Scranton strangler, because he's in prison  for something he may not have done.",Logistics
1577,9,9,Dwight Christmas,Toby,The Scranton strangler. George Howard Skub. Haven't I told you about the jury I was on a couple years ago?,Personal
1578,9,9,Dwight Christmas,Toby,"I could, sure. Have a seat. I would start at the beginning, but I think I need to go farther back.",Personal
1579,9,9,Dwight Christmas,Toby, Here's the thing about moonlight. It's not sunlight.,Humour
1580,9,9,Dwight Christmas,Oscar," This is a real thing. ""Belsnickel is a crotchety, fur-clad gift giver related to other companions of st. Nicholas in the folklore of southwestern Germany.""",Opinions
1581,9,9,Dwight Christmas,Oscar," ""His partner, zwarte piet, or black Peter, a slave boy, often portrayed in colorful pantaloons and blackface.""",Humour
1582,9,9,Dwight Christmas,Toby,"Yeah. So anyway, the entire jury wants me to vote guilty. But then I did a little research of my own, and forget everything you thought you knew about fingerprinting.",Personal
1583,9,9,Dwight Christmas,Toby,"Two dimes, seven nickels--Well, okay, no, that doesn't add up. It was one quarter and--",Humour
1584,9,10,Lice,Angela,"Oh God, Meredith, lice? Did you not sign a pledge to shower?",Humour
1585,9,10,Lice,Angela," Geez Meredith, you know, this is an office not one of your bean bag orgies.",Humour
1586,9,10,Lice,Oscar,"I wash my hands at least six times a day. Toilet seat covers? Yes, thank you, even when I pee. Apparently, none of that is protection enough. Not when it comes to Meredith.",Personal
1587,9,10,Lice,Angela,"Oh, no no no no no. I have not yet begun to shame.",Humour
1588,9,10,Lice,Oscar,"I can appreciate that. I also only eat local, organic produce.",Personal
1589,9,10,Lice,Angela,We don't want it to last longer. It's horrible.,Opinions
1590,9,10,Lice,Angela,"Oscar, do you want to be my partner?",Personal
1591,9,10,Lice,Angela,You don't want bugs. You know? Who knows where those bugs will end up?,Humour
1592,9,10,Lice,Angela,"Well, a lot of good your sorrys are doing her now, Pam. She's a monster.",Interpersonal
1593,9,11,Suit Warehouse,Oscar,"Hey, look who's back, Dwight Junior.",Humour
1594,9,11,Suit Warehouse,Oscar,My friend has one of these. Fool-proof espresso every time.,Personal
1595,9,11,Suit Warehouse,Oscar,"Actually, it's pronounced ""espresso""... Wait. That's what you said. I apologize, I just assumed you would mispronounce it. So...",Humour
1596,9,11,Suit Warehouse,Oscar,"You guys, I kind of think I want to try them all. Is that crazy?",Opinions
1597,9,11,Suit Warehouse,Oscar,"It's a thing. It means ""you only live once"".",Humour
1598,9,11,Suit Warehouse,Oscar,It's insane! They need to have the A.C. on year round! January too!,Logistics
1599,9,11,Suit Warehouse,Angela, I don't get the point of this stupid window!,Opinions
1600,9,11,Suit Warehouse,Oscar,"Everyone! Now that we have all this energy, why don't we move the copier into the annex like we've always wanted to?",Logistics
1601,9,11,Suit Warehouse,Oscar,"Wait!  It's beautiful. Hardwood! I always knew it was down here, I just never dreamed that I would actually see it.",Logistics
1602,9,11,Suit Warehouse,Oscar,"Kevin, move. I can't pull up the rug if you're standing on it with your rhinoceros feet.",Logistics
1603,9,11,Suit Warehouse,Angela,"Oh, my head is killing me. Does anyone have a baby asprin?",Personal
1604,9,12,Customer Loyalty,Oscar,Annex. It must open something in the annex.,Logistics
1605,9,12,Customer Loyalty,Angela,"I have no information. But I'm sure as soon as they know, they'll call you.",Logistics
1606,9,12,Customer Loyalty,Angela,"Well, I think it would be immoral for Erin to cheat on Andy.",Opinions
1607,9,12,Customer Loyalty,Angela,Yes. And he didn't like it.,Interpersonal
1608,9,12,Customer Loyalty,Oscar,"People, it's 2013. Erin is a strong, independent woman. Who says she has to end up with any man?",Opinions
1609,9,12,Customer Loyalty,Toby,"Hey, really nice job in that meeting in there.",Opinions
1610,9,12,Customer Loyalty,Toby," So proud of you, Hon.",Interpersonal
1611,9,12,Customer Loyalty,Toby,"I'm just curious though, what do you have against Pete and Erin?",Interpersonal
1612,9,12,Customer Loyalty,Toby,"Pete's a pretty cool guy, though, and Andy was a terrible lover to Erin. He basically ignored her and left on a boat.",Personal
1613,9,12,Customer Loyalty,Oscar,I'll watch it. Let's get this over with.,Opinions
1614,9,12,Customer Loyalty,Oscar,User error. I've heard of that happening to other people.,Logistics
1615,9,12,Customer Loyalty,Angela,"Oscar, don't rub it in. I'm sure Pam is already kicking herself for choosing a phone call over her child.",Interpersonal
1616,9,12,Customer Loyalty,Toby,Lady...you never stop surprising me.,Interpersonal
1617,9,13,Junior Salesman,Angela,I don't want to sit near any of those people for the next 20 years. Someone say something.,Interpersonal
1618,9,13,Junior Salesman,Oscar,"Yeah, but Jim, Dwight's a weirdo. We can't blame a weirdo for bringing in weirdos. We can blame a normal for creating a situation where a weirdo was allowed to bring in weirdos.",Humour
1619,9,14,Vandalism,Angela,"Excuse me, everyone. Is it OK if I leave early from work today? It's Phillip's first birthday and the senator and I are hosting a party at our house.",Personal
1620,9,14,Vandalism,Angela,"No. No children. Our house is not kid-friendly. Most of our furniture is sharp. Also, ew. It will mostly be campaign donors.",Personal
1621,9,14,Vandalism,Angela,"No, no, please. You know, actually, none of you could even really make the cut for this thing. Which I am so sad about.",Interpersonal
1622,9,14,Vandalism,Oscar," Angela. You're going to find out, so I thought I'd let you know that, uh, Robert invited me too.",Interpersonal
1623,9,14,Vandalism,Oscar,"Angela's husband and I are in love. But, as a politician in this town, you still need the conventional blonde wife on your lawn signs. He is risking everything to have me there today.  Me.",Personal
1624,9,14,Vandalism,Angela," We agreed that you wouldn't be seen with him in public. It's humiliating for me. Well, if you get to bring a stud, maybe I do too.",Interpersonal
1625,9,14,Vandalism,Oscar,I was politely saying nothing can be done. I thought I was clear.,Opinions
1626,9,14,Vandalism,Angela,"Exciting news. There's room for one more at my son's birthday event. And, I want you.",Personal
1627,9,14,Vandalism,Angela,What? Wait. The state transportation secretary will be there. You could sell your beet salt idea to the highway people.,Humour
1628,9,14,Vandalism,Oscar, That painting is just... How can anyone that weighs less than a guinea hen be so terrifying?,Humour
1629,9,14,Vandalism,Angela," Oh, Robert, you're horrible.  Simon, Maxine.  Who let you guys in here?",Interpersonal
1630,9,14,Vandalism,Toby, You sort of deserve an apology here. Frank?,Interpersonal
1631,9,14,Vandalism,Toby,There were two or three 'sorry's in there. ,Interpersonal
1632,9,14,Vandalism,Oscar,One of his tee shots can wipe out a whole owl population.,Humour
1633,9,14,Vandalism,Oscar,"Maybe I should be insulted that he only invited me here to be his token Mexican friend. But, he could of invited any number of Hispanics that he knows. His gardener, Rogelio. Or he could've invited... Rogelio. But, he chose me. Rogelio's Malaysian... The son of a bitch is Malaysian.",Personal
1634,9,15,Couples Discount,Angela,They have a nail salon there where I get my feet detailed.  They use a watch repair kit.,Personal
1635,9,15,Couples Discount,Oscar,"Darryl, everyone seems to be pairing off. Do you want to pretend to be a couple so we get the...",Personal
1636,9,15,Couples Discount,Oscar,"All right, it'll be easy. Don't be nervous, just follow my...",Humour
1637,9,15,Couples Discount,Oscar, Hi. We'd like a couples discount on a pair of foot massages.,Personal
1638,9,15,Couples Discount,Oscar,We are together. Romantically.,Humour
1639,9,15,Couples Discount,Oscar,What happened? We thought you were coming back tomorrow.,Logistics
1640,9,15,Couples Discount,Oscar,"So, you're concerned about peoples' long absence from their place of work?",Logistics
1641,9,15,Couples Discount,Jan,Seriously? You're calling me a few weeks after finalizing our contract to gouge me now for more money? Is that what you're doing?,Logistics
1642,9,15,Couples Discount,Jan,"You know what? You know what, uh, Nard dog? There is an option in the contract that allows me to back out within 30 days of signing. So, I would like to exercise that option.",Logistics
1643,9,15,Couples Discount,Jan,Tell Angela to send me a final invoice.,Logistics
1644,9,15,Couples Discount,Angela,"Yes, well, as you know, we get paid on Fridays. And you haven't been here for 12 Fridays. ",Logistics
1645,9,15,Couples Discount,Angela,It's a bonus check. For you. From Wallace. Because the branch exceeded it's targets over the past quarter.,Logistics
1646,9,15,Couples Discount,Oscar,A quarter's three months. That's how long you've been gone.,Logistics
1647,9,16,Moving On,Angela,"Dwight, that's awful.",Interpersonal
1648,9,16,Moving On,Angela,"What do you mean by ""poisoned""?",Interpersonal
1649,9,16,Moving On,Toby,"You can't fire Pete. You understand why, right?",HR
1650,9,16,Moving On,Toby,"Oh, Andy, we had this exact same conversation when you wanted to get rid of Nellie. You can't just get rid of people over grudges.",HR
1651,9,16,Moving On,Toby,"Alright, well look. While I have you here, this is a relationship disclosure form for Pete & Erin.",Logistics
1652,9,16,Moving On,Toby,"It's just boiler plating, you don't have to read it.",Logistics
1653,9,16,Moving On,Toby,I already signed it. I was just showing you.,Logistics
1654,9,16,Moving On,Toby,"Andy, it's not the original. And destroying it will not stop them from dating. Andy.  It's the original.",Logistics
1655,9,16,Moving On,Angela, I'm gonna give your aunt a proper bath and a haircut like a lady! And you two are gonna shut up about it! Do you have a bathtub?,Personal
1656,9,16,Moving On,Toby,Hey Nellie. Mmm. I am so sick of February. It's the shortest month but it sure doesn't feel that way. We should catch up.,Interpersonal
1657,9,16,Moving On,Toby,Y'know I've been going over my notes from the trial...,Personal
1658,9,16,Moving On,Toby,...feel like I may have glossed over a few...,Personal
1659,9,16,Moving On,Toby,I've been drafting a letter.,Logistics
1660,9,16,Moving On,Angela,Oh hush. Loose braids reflect a loose character. Now stay still.,Humour
1661,9,16,Moving On,Angela,"I think your hair is much too long for your age, by the way.",Interpersonal
1662,9,16,Moving On,Toby,I'm going to the prison. This afternoon. I'm gonna talk to the strangler.,Personal
1663,9,16,Moving On,Toby,Well I just wanted to say I'm doing it. ,Personal
1664,9,16,Moving On,Toby,"Hi, I'm uh, Toby Flenderson. I'm here to see George Howard Scubb.",Personal
1665,9,16,Moving On,Toby,"This is the prison. Uh, I am not going in there with expectations, per say. Uh, I will meet George Howard Scubb. I will tell him that I believe he is innocent. I would understand if he felt motivated to hug me. I would understand if a friendship began. How did, how did Bogart put it?  I think this is a start of my first friendship.",Personal
1666,9,16,Moving On,Oscar,"You could all be doing this, just saying.",Personal
1667,9,16,Moving On,Oscar,"I watch way too many ads online and I don't do enough situps. So I bought these. Now, every time an ad pops up online, I get 30 seconds of ab blasting. I call it Ads for Abs. Ironically, I learned about the boots from an ad online.",Personal
1668,9,16,Moving On,Oscar,"I'll tell you why. Because...the floor...is...disgusting. Yeah, my trainer said everybody fails working out, that's how you win. Alright  Ok. Kevin? A little help buddy?",Humour
1669,9,16,Moving On,Oscar,"Just- People! I'm not going anywhere. Soon, my core will get strong again and when that happens I'll be able to- Head rush! Ah! Can someone please help me?  I- Hey! I'm not going anywhere! I'll be right here! Oh that's not good.  Hey guys! I've got twenty bucks for anyone who will help me. Kevin, would you like a pizza?",Humour
1670,9,17,The Farm,Oscar,"I'm so sorry, Dwight. And if you want me to be there, of course I will go. I just... have a personal training session...",Interpersonal
1671,9,17,The Farm,Oscar,I get red dirt. Nobody is getting red dirt. I should've kept my mouth shut. We're not even that close. I've only known Dwight... 12 years. 12 years. Time is a son of a bitch.,Interpersonal
1672,9,18,Promos,Angela,Can we skip the color commentary and just have Andy go out there and fire her?,HR
1673,9,18,Promos,Toby,He- he can't do that. Turns out she's allowed to have feelings of sexual arousal. It doesn't become a violation until she physically acts on it.,HR
1674,9,18,Promos,Oscar,"Toby, how do you propose that we-",Logistics
1675,9,18,Promos,Angela,"Here you go. And good for you Dwight, I'm so glad you found someone. I bet she's got kind eyes.",Interpersonal
1676,9,18,Promos,Angela,Dwight is dating a brussel sprout farmer named Esther. She's coming here this afternoon with her father. Who knows? Maybe she'll be pulling the horse cart! ,Personal
1677,9,18,Promos,Oscar,There's a promo for the new documentary on the web.,Logistics
1678,9,18,Promos,Angela,Your screen is all black. You just unplugged your computer.,Logistics
1679,9,18,Promos,Angela,I bet she does. I bet she'll eat them right out of your hand with those big strong teeth.,Humour
1680,9,18,Promos,Angela,"I guess men find Esther attractive. I mean if there are chubby chasers, then there are men that like that....thing.",Opinions
1681,9,18,Promos,Toby,"A little ironic that I'm going to be kind of a TV star, because my last Chad Flendermen novel  was based on a murdered TV star. The small screen-",Personal
1682,9,18,Promos,Oscar,"Hey guys, I just found another promo. It's in Danish. I guess it's gonna start airing in Denmark.",Logistics
1683,9,18,Promos,Angela,"What about me? ""Klokken tre pige""",Interpersonal
1684,9,18,Promos,Angela,"What? Why would they...wait a second, wait a second! What was that?  Oh! I didn't know they were filming then!",Logistics
1685,9,18,Promos,Oscar,It looks like the camera man was hiding behind the shelves.,Logistics
1686,9,18,Promos,Angela,"There was much more secret filming than I expected.  But I am fine with it, I mean it. I am.",Opinions
1687,9,18,Promos,Oscar,Are you kidding me? It's like half the show is secret footage.,Opinions
1688,9,18,Promos,Oscar,"Yes, Erin. They film us at night when we're sleeping. Cause that makes great TV!",Humour
1689,9,18,Promos,Oscar,I'm sorry sweetie. This whole thing is just freaking me out.,Personal
1690,9,18,Promos,Oscar,"I have been very honest with you guys. In a way that could seriously impact the political career of a very good friend of mine. You're not going to use any of that, are you?",Interpersonal
1691,9,18,Promos,Angela,I think we need to figure out what's going on. I might just take a little walk.,Personal
1692,9,18,Promos,Oscar,"Ok everyone, turn off your mikes.",Logistics
1693,9,18,Promos,Angela,We need to know more. Did their shots have sound? What exactly did they get on tape?,Logistics
1694,9,18,Promos,Angela," Alright, how much have you revealed on camera about your relationship with the senator?",Logistics
1695,9,18,Promos,Angela,Oh!  Stop it! Stop kissing him! Someone needs to call and warn him. This could ruin his career.,Interpersonal
1696,9,18,Promos,Oscar,"Um the documentary's going to be airing soon, and, and you look great in the promos.",Logistics
1697,9,18,Promos,Oscar,"Hey, I get the sense you're gonna be outed as gay.",Personal
1698,9,18,Promos,Angela,"Yes and I cheated on you with Dwight, it looks like they got it on film. I didn't tell you about it.",Interpersonal
1699,9,19,Stairmageddon,Oscar,Our office has an unusually large number of... unusually large people.,Logistics
1700,9,19,Stairmageddon,Oscar,"So when something as routine as elevator maintenance happens, and people are forced to expend cardiovascular effort, we have to compare it to the end of time.",Logistics
1701,9,19,Stairmageddon,Oscar,"""The Office: An American Workplace airing on PBS next month is a documentary following the employees of Scranton's own Dunder Mifflin Paper Company!""",Logistics
1702,9,19,Stairmageddon,Toby,"Oh, sure, lots of times. Yeah. Wait, you and Pam aren't in couple's counseling, are you? Oh, God.",Interpersonal
1703,9,19,Stairmageddon,Toby,"Oh, you guys. Kelly called it. 2013. So sï¿½hey! Hey! Hey, no! No! Get outta here. Clark, get outta here.",Logistics
1704,9,19,Stairmageddon,Toby,"Yes, it is your mistake. He's lingering. So annoying. I'm gonna kill him. How can I help? I'm here.",Interpersonal
1705,9,19,Stairmageddon,Angela,"Thank you, Stan. Oh, honey. Â Look, I just want our life to get back to normal. Ribbon cuttings, charity balls.",Personal
1706,9,19,Stairmageddon,Angela,"All right, if I have to be the good wife, I'll be the best damn wife there is. Correction. Best darn wife. Sorry, I'm a better wife than that. ",Personal
1707,9,19,Stairmageddon,Toby,You're really there to talk to each other. I would say that the therapist is more of a facilitator.,Opinions
1708,9,19,Stairmageddon,Toby,"He might start by asking each of you, ""Why do you think you're here?""",Interpersonal
1709,9,19,Stairmageddon,Toby,"I mean, what's the end date? It must be really hard for her to sign on to be unhappy if she doesn't know when it's gonna end.",Interpersonal
1710,9,20,Paper Airplane,Toby,"Hey I left my glasses down here somewhere. Crossing through, beep beep. ",Logistics
1711,9,20,Paper Airplane,Toby,"Alright, it's getting gooier so we'll just do it later.",Logistics
1712,9,20,Paper Airplane,Oscar,Why wouldn't you use your own life? Erin just dumped you.,Interpersonal
1713,9,20,Paper Airplane,Angela,Nellie you didn't tell us we could win money.,Logistics
1714,9,20,Paper Airplane,Angela,"Me? Oh, I'm fine. I mean, sure, times are leaner now that I'm separated from the Senator. But my new studio apartment is just fine  for me.. and Phillip... and Tinky... and Crinklepuss, and Bandit 2, and Pawlick Baggins, and Lady Aragorn and their 10 kittens.",Personal
1715,9,20,Paper Airplane,Angela,"I had a chance with Dwight, but I didn't take it. And if I went back now, when I'm broke and he just inherited a farm, I'd be one of those gold-digging tramps you read about that try to bag a farmer.",Personal
1716,9,20,Paper Airplane,Angela," Well, I guess you needed the money more than me huh? Use it wisely.",Interpersonal
1717,9,20,Paper Airplane,Angela,"I was disappointed in Dwight today. He showed a weakness that was unbecoming. Even if he did do it for me. I don't need pity and I don't need charity. I have my dignity and that's enough. And as long as I have that, I'll be ok.",Interpersonal
1718,9,21,Livin' the Dream,Angela,No. Everything is not okay. The county took my cats.,Personal
1719,9,21,Livin' the Dream,Angela,"Two sacks' worth. Apparently my apartment complex has rules about how many pets are too many for a studio. And while I was out picking Phillip up from daycare, they came. They came into my house.",Personal
1720,9,21,Livin' the Dream,Oscar,"That'sï¿½that's awful, Angela. I'm so sorry.",Interpersonal
1721,9,21,Livin' the Dream,Angela,"It's the  that lives downstairs. She's this uptight, judgmental shrew. You know the type.",Opinions
1722,9,21,Livin' the Dream,Angela,"And they're gone. And I have no one left. Without my cats, I am utterly and completely alone.",Personal
1723,9,21,Livin' the Dream,Oscar,"Angela, you still have your son.",Interpersonal
1724,9,21,Livin' the Dream,Oscar,"I can't say we didn't see it coming. But it's a sad day when anybody is fired. We're so sorry, Andy.",Interpersonal
1725,9,21,Livin' the Dream,Angela,"Dwight has been practicing karate for years. When we were dating, I would help him with his strength training. He would strap me to his chest in a baby Bjorn made for fat children and do lunges across the farm. It felt like I was flying.",Personal
1726,9,21,Livin' the Dream,Oscar,"No, I don't think that he can make it as an actor. But, he also can't make it as an employee in an office, so why not go nuts with it?",Opinions
1727,9,21,Livin' the Dream,Oscar,"Hey, I didn't get a chance to say it, but... congratulations, Dwight.",Interpersonal
1728,9,21,Livin' the Dream,Toby,"Andy, you know I can't do that. It'd be lying.",Interpersonal
1729,9,21,Livin' the Dream,Angela," This is Angela. Oh. Hello, Miss Polodnikovski. Uh, how can I help you? Did my rent check not clear? Because I just transferred another $25 to that account. So if there's a problem it's clearly on your end. Andï¿½oh. Oh. Oh, okay. Good. Then... um... what is this about? No, no. Hey, hey! No, you are out of line Miss Polodnikovski. No, no you are. No you are! Evicted? Fine! I didn't want to live in that cesspool anyway! Listen, I get my security deposit back. Yes, I do. This is not fair! That is not fair! Well, you know what? You have so many hairs on your chin that Animal Control should've taken you away. That is very unladylike! You are disgusting! ",Personal
1730,9,21,Livin' the Dream,Angela,"Yeah, okay. That's not what I mean. You don't have to leave because you said you would. Don't let pride ruin your whole life. Okay? It's not worth it.",Interpersonal
1731,9,21,Livin' the Dream,Oscar,"Okay, I'm just gonna say this. You are not going to live in a tent.",Interpersonal
1732,9,21,Livin' the Dream,Oscar,I do. Yes. Not forever. But until you get back on your feet. Which won't be long. It's the least I could do.,Interpersonal
1733,9,21,Livin' the Dream,Angela,So is your place all bachelor-slobby and gross?,Interpersonal
1734,9,21,Livin' the Dream,Oscar,"No, it's neat and tasteful, like most gay men's homes. The stereotype holds up.",Opinions
1735,9,21,Livin' the Dream,Angela,I wouldn't know. I never lived with a gay guy.,Personal
1736,9,22,A.A.R.M,Oscar,"Angela's divorce from the senator has been very difficult for her. When she got kicked out of her apartment, I invited her to move in with me. Ironic that it's Angela who's living in the closet. Hey-o.",Personal
1737,9,22,A.A.R.M,Oscar,Saddle shoes. With denim? I will literally call child services.,Opinions
1738,9,22,A.A.R.M,Angela,Daycare won't take Phillip anymore.,Personal
1739,9,22,A.A.R.M,Angela,"Apparently my station in life has descended to a depth even they won't forgive. So, hi.",Personal
1740,9,22,A.A.R.M,Oscar,"I can't believe the doc is finally going to air. When this thing started, I was still having s*x with women. As was Kevin, I believe.",Personal
1741,9,22,A.A.R.M,Angela,Why didn't you pack the apple snacks?,Humour
1742,9,22,A.A.R.M,Oscar,Why didn't you pack the apple snacks?,Humour
1743,9,22,A.A.R.M,Angela,"Because whenever I pack the bag, you say I do it wrong.",Interpersonal
1744,9,22,A.A.R.M,Angela,"Not now, Kevin. Can't you see we're busy? Phillip needs his apple snacks.",Interpersonal
1745,9,22,A.A.R.M,Oscar,"Seriously, Kevin. I'm just gonna have to go to the store.",Logistics
1746,9,22,A.A.R.M,Oscar,"Did we ever have lunch together, justï¿½just the two of us? You know what, I'm gonna make reservations right now at Cugino's.",Interpersonal
1747,9,22,A.A.R.M,Oscar,He just won't go down. It's as if he's excited by all this paper.,Humour
1748,9,22,A.A.R.M,Angela,I know. Earlier today he tried to eat some of the 24-weight letter bond.,Humour
1749,9,22,A.A.R.M,Oscar," Listen, listen. Shh, buddy. Stanley's sleeping. You don't want to wake up the grumpy old walrus, do you?",Humour
1750,9,22,A.A.R.M,Oscar,"Well, he's calling for his mom, but, okay, here, here you go. Careful, he bites.",Personal
1751,9,22,A.A.R.M,Oscar,Hey. Did you manage to feed him? I don't know what it is. He just keeps spitting out the nipple.,Personal
1752,9,22,A.A.R.M,Angela,"It's just his way of saying, ""Thanks for letting me hang out in Accounting.""",Humour
1753,9,22,A.A.R.M,Angela,Would you like to hold Phillip?  Yeah. That's Kevin.,Interpersonal
1754,9,22,A.A.R.M,Angela,"If he is your son, that's a great plan. But he's not. He's not your son.",Interpersonal
1755,9,22,A.A.R.M,Angela,Can I go back to my desk now?,Logistics
1756,9,22,A.A.R.M,Oscar,"Yay! I am gonna drop Phillip off at my mother's, and I'll meet you at Poor Richard's in an hour.",Personal
1757,9,22,A.A.R.M,Angela,Are you sure you don't want me to drop him off?,Interpersonal
1758,9,22,A.A.R.M,Oscar,She doesn't know I'm living with a straight woman. I don't want to get her hopes up.,Personal
1759,9,22,A.A.R.M,Angela,I just needed you to want to marry me because you wanted to marry me.,Personal
1760,9,22,A.A.R.M,Oscar,"One thing we do know, nothing will ever be the same.",Opinions
1761,9,24,Finale,Toby,"Yeah. Yeah, I don't think...",Opinions
1762,9,24,Finale,Angela," Yes. My heart is so open, I am so at peace.  Look at Meredith. She's disgusting. Those feet. They're like the paws of an orangutan.",Opinions
1763,9,24,Finale,Angela, To remind you that our wedding's gonna be wonderful.,Personal
1764,9,24,Finale,Angela,"D, it's gonna be perfect. The only people that need to be there are you and me.",Personal
1765,9,24,Finale,Oscar," Years ago, the senator promised a left turn lane by the Arby's. So I wanna know where in the name of horsey sauce is it? Well, yeah, you...hold on.",Humour
1766,9,24,Finale,Oscar,"That's the reason Kevin got fired. It's his magic number. He used to use it to balance his accounts. He used to call it a Keleven. He told Dwight,  ""A mistake plus Keleven gets you home by seven."" He was home by 4:45 that day.",HR
1767,9,24,Finale,Toby,"Oh, no, no. no. My plane just got in. From New York. Are you still with Piotr?",Logistics
1768,9,24,Finale,Toby,Anyone can follow a Twitter feed. Wanna share a cab?,Interpersonal
1769,9,24,Finale,Toby," After Dwight fired me, I moved to New York to write the great American novel. I have six roommates. Heh. Which are better than friends, you know ï¿½Cause they have to give you one month's notice before they leave.",Personal
1770,9,24,Finale,Oscar,They wanted me to go to the bachelorette party with the girls. Really? Such a clichÃ©. I'm a man. So I'm going to the bachelor party with the boys. I just have to remember how I acted before I came out.,Personal
1771,9,24,Finale,Oscar,"If you want her to leave, just tip her.",Interpersonal
1772,9,24,Finale,Angela,That was interesting.  What was that?,Interpersonal
1773,9,24,Finale,Angela,"Alright, see, you don't have to leave the door wide open. We get it. It's the wind. Just come and shut... OH! My God!",Logistics
1774,9,24,Finale,Angela,"No, my heels aren't too high. It's because I spent three hours in a car trunk. Thanks for not locking the door when I asked you to, Phyllis.  Sorry Phyllis. You didn't know. As long as I can get to the altar.",Personal
1775,9,24,Finale,Angela,"Oh, the honeymoon can wait till tomorrow. We wanted to hang out with you guys. I mean, when are we all going to be here together again?",Personal
1776,9,24,Finale,Oscar,"You take something ordinary, like a piece of paper. It's not much. But if you see it in the right way...And that's what you did with this documentary. But seriously, you made a nine-year documentary and you couldn't once show me doing my origami.",Logistics
1777,9,24,Finale,Oscar,"Yeah, but you're not gay. You're not gay.",Personal
1778,9,24,Finale,Oscar,You're not gay.,Personal
