season,episode,title,scene,speaker,line,Unnamed: 6
1,1,Pilot,10,Jan,"Alright, was there anything you wanted to add to the agenda?",
1,1,Pilot,10,Jan,"Well, I faxed one over to you this morning.",
1,1,Pilot,10,Jan,Do you want to look at mine?,
1,1,Pilot,10,Jan,"OK. Since the last meeting, Ellen and the board have decided we can't justify a Scranton branch and a Stamford branch.",
1,1,Pilot,10,Jan,"No, no, no, Michael, listen OK. Don't panic. We haven't made... We haven't decided.",
1,1,Pilot,10,Jan,I've spoken to Josh in Stamford. I've told him the same as you and it's up to either him or you to convince me that your branch can incorporate the other.,
1,1,Pilot,10,Jan,"This does, however, mean that there is going to be downsizing.",
1,1,Pilot,11,Jan,So do you think we could keep a lid on this for now? I don't want to worry people unnecessarily.,
1,1,Pilot,13,Oscar,You guys better update your resumes just like I'm doing.,
1,1,Pilot,14,Angela,I bet it's gonna be me. Probably gonna be me.,
1,1,Pilot,26,Oscar,"Yeah but Michael, what if they downsize here?",
1,2,Diversity Day,55,Toby,"Hey, we're not all going to sit in a circle Indian style are we? ",
1,2,Diversity Day,57,Oscar,What part Native American?,
1,2,Diversity Day,57,Oscar,"Two fifteenths, that fraction doesn't make any sense.",
1,2,Diversity Day,57,Oscar,"OK, Michael, um... Both my parents were born in Mexico.",
1,2,Diversity Day,57,Oscar,"And, uh, they moved to the United Sates a year before I was born. So I grew up in the United States.",
1,2,Diversity Day,57,Oscar,My parents were Mexican.,
1,2,Diversity Day,57,Oscar,Mexican isn't offensive.,
1,2,Diversity Day,57,Oscar,"What connotations, Michael? You meant something.",
1,3,Health Care,71,Jan,"So, which health plan have you decided on?",
1,3,Health Care,71,Jan,"Wait, acupuncture? None of the plans have acupuncture. Have you looked at them closely Michael?",
1,3,Health Care,71,Jan,The Gold Plan? I'm not even on that plan.,
1,3,Health Care,71,Jan,"You know the whole reason that we're doing this, is to save money. So you just need to pick a provider and choose the cheapest plan.",
1,3,Health Care,71,Jan,"Sometimes a manager, like yourself, has to deliver the bad news to the employees. I do it all the time.",
1,3,Health Care,83,Oscar,He literally won't come out of his office.,
1,3,Health Care,84,Oscar,It's like a pay decrease.,
1,3,Health Care,85,Angela,It's ridiculous. Did you talk to him?,
1,3,Health Care,85,Angela,You let him walk all over you. It's just pathetic.,
1,3,Health Care,96,Jan,Where's Michael Scott?,
1,3,Health Care,96,Jan,"Dwight, listen to me very carefully. You are not a manager of anything. Understand?",
1,3,Health Care,96,Jan,"OK, when Michael gets back, you tell him to call me immediately.",
1,3,Health Care,96,Jan,No. Please don't use my cell phone ever again.,
1,3,Health Care,101,Oscar,"I don't know, Kevin. This is important. I don't want...  There he is.",
1,4,The Alliance,112,Angela,What color do you guys think?,
1,4,The Alliance,112,Angela,I think green is kind of whoreish.,
1,4,The Alliance,114,Angela,"Meredith's allergic to dairy, so...",
1,4,The Alliance,127,Toby,I love their sandwiches.,
1,4,The Alliance,129,Oscar,"My nephew is involved with, um, a charity for cerebral palsy, and I was wondering if maybe you'd like to... you know... if...",
1,4,The Alliance,129,Oscar,Donate to the charity?,
1,4,The Alliance,146,Oscar,"Well, that's what a walk-a-thon is.",
1,4,The Alliance,146,Oscar,"It says it right on the sheet. Look, look at the sheet. It says, ""However many dollars per mile.""",
1,4,The Alliance,146,Oscar,I just think it's kind of cheap to un-donate money to a charity.,
1,4,The Alliance,146,Oscar,"Last year, he walked 18 miles.",
1,4,The Alliance,147,Angela,"Phyllis wanted red, I didn't.",
1,5,Basketball,168,Angela,"Has anyone seen the first-aid kit?  How many times have I told you? I'm the safety officer, not you.",
1,6,Hot Girl,192,Jan,Are you listening to me Michael?,
1,6,Hot Girl,192,Jan,What did I just say?,
1,6,Hot Girl,192,Jan,Alan and I have created an incentive program to increase sales.,
1,6,Hot Girl,192,Jan,I'm not going to do that Michael.,
1,6,Hot Girl,192,Jan,We've created an incentive program to increase sales.,
1,6,Hot Girl,192,Jan,At the end of the month you can reward your top seller with a prize worth up to a thousand dollars.,
1,6,Hot Girl,203,Toby,"Hey, um did you go to uh, Bishop O'Hara?",
1,6,Hot Girl,219,Angela,I don't like to necessarily touch things. I'm just... I'm shopping.,
2,1,The Dundies,236,Oscar, That's supposed to be confidential.,
2,1,The Dundies,239,Jan," It's a, it's, it's a two and a half hour drive from New York, Michael.",
2,1,The Dundies,239,Jan,"No, we don't approve of this Michael. I mean, y-you only had the budget for one office party a year, so... we're not paying for this.",
2,1,The Dundies,239,Jan,Really? I'm dropping an atomic bomb on you?,
2,1,The Dundies,239,Jan,You already had a party on May 5th for no reason.,
2,1,The Dundies,239,Jan,And a tsunami relief fundraiser which somehow lost a lot of money.,
2,1,The Dundies,239,Jan,"Okay, well, I don't understand why anyone would have a tsunami FUN raiser, Michael. I mean, that doesn't even make sense.",
2,1,The Dundies,249,Oscar,"The Dundies are kind of like a kid's birthday party, and you go, and there's really nothing for you to do there. But the kid's having a really good time, so you're, kind of there. That's-that's kind of what it's like.",
2,2,Sexual Harassment,295,Toby,Um... I need to talk to you in your office. It'll just take two seconds.,
2,2,Sexual Harassment,297,Toby,The full story is that Randall resigned because of sexual harassment. So Corporate asked me to do a five minute review of the Company Sexual Harassment policy.,
2,2,Sexual Harassment,297,Toby,And then Corporate is going to send in a lawyer...,
2,2,Sexual Harassment,297,Toby,Just to refresh you... .,
2,2,Sexual Harassment,297,Toby,on our policy.,
2,2,Sexual Harassment,298,Toby,"Yeah, okay. Corporate would like us to do a five minute review of the Company Sexual Harassment policy so I'll go over that later.",
2,2,Sexual Harassment,301,Toby,"So remember, intent is irrelevant. And that's it. Pam?",
2,2,Sexual Harassment,303,Angela,I hate them. You send me these filthy emails and you say forward them to ten people or you'll have bad luck.,
2,2,Sexual Harassment,303,Toby,"Office relationships are never a good idea. Yeah. So let's just try to avoid them. But, um, if you already have one, you should disclose it to HR.",
2,2,Sexual Harassment,308,Toby,"Technically, I am in Human Resources. And Dwight was asking about human anatomy. Um... I'm just sad the public school system failed him so badly.",
2,2,Sexual Harassment,315,Jan,"You seem a little bit agitated, Michael. What's the problem?",
2,2,Sexual Harassment,315,Jan,"Well, that... that's true in a way. You can't say anything.",
2,2,Sexual Harassment,317,Jan," 'Scuse me, I'm sorry.  Michael. Mr. O'Malley is your lawyer.",
2,2,Sexual Harassment,317,Jan,"Mr. O'Malley is our Corporate lawyer. We have him on retainer. To protect the company as well as upper level management, such as yourself.",
2,3,Office Olympics,346,Angela,I do play games. I sing and I dangle things in front of my cats. I play lots of games. Just not at work.,
2,3,Office Olympics,363,Angela,I call it Pam Pong. I count how many times Jim gets up from his desk and goes to reception to talk to you.,
2,4,The Fire,398,Angela,A Purpose Driven Life.,
2,4,The Fire,398,Angela,The DaVinci Code!,
2,4,The Fire,398,Angela,I would take The DaVinci Code... so I could burn The DaVinci Code.,
2,5,Halloween,433,Angela,But we don't keep two sets of books.,
2,5,Halloween,439,Angela,"Well, I looked through all the budgets. And there is one department...",
2,5,Halloween,439,Angela,... that has three people...,
2,5,Halloween,439,Angela,... doing the work that could be done by two.,
2,5,Halloween,443,Angela,I'm just trying to figure out why you're sabotaging things.,
2,6,The Fight,482,Toby,"Um, ex-wife. Yeah. Um, her last name is 'Becker' now.",
2,6,The Fight,500,Angela,This is illegal.,
2,7,The Client,506,Jan,This is a projection of the county's needs...,
2,7,The Client,506,Jan,"Thirteen schools, uh, two hospitals...",
2,7,The Client,508,Jan,"You had no right to do that, Michael.",
2,7,The Client,508,Jan,Alright. But you will let me run this meeting.,
2,7,The Client,509,Oscar,"She had done a background check on me, she had it printed out.",
2,7,The Client,509,Oscar,"Yeah. And she was asking me about stuff, line by line, while we were having dinner.",
2,7,The Client,511,Jan,Do you always shut down the entire office when you leave for an hour?,
2,7,The Client,514,Jan,Why would we need a signal?,
2,7,The Client,514,Jan,"What kinda trouble are you planning on getting in, Michael?",
2,7,The Client,514,Jan,"You're gonna let me do the talking, we agreed on that.",
2,7,The Client,515,Jan,No.  Thank you very much for meeting with us. Have you been waiting long?,
2,7,The Client,515,Jan,"Michael, we got divorced, ok?  I'm so sorry. Excuse me.",
2,7,The Client,516,Jan,I thought we could start by going over the needs of the county.,
2,7,The Client,522,Jan,"We would probably be upset with ourselves if we went this whole night without talking business, so, Dunder-Mifflin can provide a level of personal service to the county that the warehouse chains just can't match.",
2,7,The Client,522,Jan,What's the bottom line?,
2,7,The Client,533,Jan,We'd been fighting for a while-,
2,7,The Client,533,Jan,"He didn't want kids, but I knew that going into it. But he also knew that I did. I guess I thought that he would change his mind; he thought that I would change mine.",
2,7,The Client,533,Jan,I was stupid.,
2,8,Performance Review,559,Angela,I actually look forward to performance reviews. I did the youth beauty pageant circuit. And I enjoyed that quite a bit. I really enjoy being judged. I believe I hold up very well to even severe scrutiny.,
2,8,Performance Review,561,Jan,"No. No, we won't be discussing that, Michael. The only things I wanna talk about during your performance review are your concrete ideas to improve your branch.",
2,8,Performance Review,561,Jan,"Uh, your review is anything but a formality, Michael.",
2,8,Performance Review,561,Jan,I expect you to forget anything that you think may have happened between us and exhibit completely professional behavior.,
2,8,Performance Review,561,Jan,"Ok, that is an example of completely unprofessional behavior.",
2,8,Performance Review,562,Angela,Don't talk about it. Office romances are nobody's business but the people involved.,
2,8,Performance Review,565,Jan," We'll address this in the meeting then. Ok. Ok, bye-bye.  Could you please tell Michael that I'm here?",
2,8,Performance Review,566,Jan,"You know Michael, I think I need to make something clear right off the top. I'm not going to discuss anything with you other than Dunder-Mifflin business.",
2,8,Performance Review,566,Jan,Do we understand each other.,
2,8,Performance Review,568,Jan,So are you still in the middle of the performance reviews then?,
2,8,Performance Review,568,Jan,How is that a business question?,
2,8,Performance Review,568,Jan,"Please don't smell me, Michael.",
2,8,Performance Review,571,Toby,Aren't the suggestions meant for you?,
2,8,Performance Review,571,Angela,Sometimes you talk to us real close.,
2,8,Performance Review,574,Jan,"Because nothing did, Michael. It, I'm not going to say anything more about it, and I would advise that you do the same",
2,8,Performance Review,574,Jan,"Is this how you've been conducting all the reviews, Michael?",
2,8,Performance Review,574,Jan,That's a serious offense!,
2,8,Performance Review,575,Jan,"Look, I know it's your job, I know you have to ask, but I promise you, I'm not gonna discuss it with him, I'm certainly not gonna discuss it with you.  Do you have a light?",
2,8,Performance Review,578,Jan,I'm heading back to New York, Alan and I will conduct your performance review over the phone tomorrow.
2,8,Performance Review,578,Jan,"No, I am saying we are never having this conversation.",
2,8,Performance Review,578,Jan,"Never, for me, always means 'never ever ever.'",
2,8,Performance Review,578,Jan,"With your looks, ok? It's your personality. I mean, you're obnoxious, and rude, and, and, and stupid, and you do have coffee breath, by the way, and, and I don't agree about the b.o., but you are very, very inconsiderate.",
2,8,Performance Review,578,Jan,"Really. You're, you're, you're a great guy, ok?",
2,8,Performance Review,578,Jan,"And you were very sweet, and you stayed up with me and talked with me, cried with me, and I appreciate that-",
2,8,Performance Review,578,Jan,"At this time in my life. I just am not in the place right now where I'm looking for a relationship, so we can still work together, we can still be friends but... ok?",
2,9,E-Mail Surveillance,588,Oscar,"Hey, what's the deal, Michael? Why are you spying on our computers?",
2,9,E-Mail Surveillance,588,Oscar,Tin Man. Actually we just a got a memo from IT saying you're doing e-mail surveillance.,
2,9,E-Mail Surveillance,609,Angela,I'm a vegetarian.,
2,9,E-Mail Surveillance,611,Angela,I think it's alright. Jesus drank wine. ,
2,10,Christmas Party,632,Toby,I got Angela. She is into these posters of babies dressed as adults. I got her one of those. I felt kind of weird buying that.,
2,10,Christmas Party,644,Angela,Michael should have asked the party planning committee first. He's not supposed to just spring things on us out of nowhere. ,
2,11,Booze Cruise,690,Oscar,"Last year, Michael's theme was ""Bowl over the Competition!"" So guess where we went.",
2,13,The Secret,763,Angela,I agree it's unacceptable. ,
2,13,The Secret,765,Oscar,I feel nauseous and my heads killing.,
2,13,The Secret,765,Oscar,Michael is there anything you need from me? I'd like to go back to bed.,
2,13,The Secret,784,Angela,This is from Hooters.,
2,13,The Secret,784,Angela,Did Toby approve this?,
2,13,The Secret,784,Toby,You just got your corporate credit card back. Do you really want me to take it away again?,
2,13,The Secret,786,Toby,I'm not processing this.,
2,13,The Secret,786,Toby,He seems fine to me.,
2,13,The Secret,787,Angela,"It's nobody's business, Phyllis. Roy.",
2,13,The Secret,793,Oscar,Are you going to tell Michael?,
2,14,The Carpet,807,Toby,That's no burst pipe.,
2,14,The Carpet,826,Oscar,"What happened in Michael's office was wrong. I understand it , it makes sense  But it... it was still wrong.",
2,14,The Carpet,833,Angela,We haven't finished getting things in order from your last visit.,
2,14,The Carpet,833,Oscar,"It's just that we're really swamped over here, Michael.",
2,14,The Carpet,836,Oscar,Are you kidding? I thought it was you.,
2,15,Boys & Girls,854,Jan,"So, I'm happy to be here. It's very nice to see all of you. You're all looking well.",
2,15,Boys & Girls,856,Jan,"Women today, though we have the same options as men, we often face a very different set of obstacles in getting there. So...",
2,15,Boys & Girls,856,Jan,Michael... I thought we agreed you wouldn't be here.,
2,15,Boys & Girls,856,Jan,You are not allowed in this session.,
2,15,Boys & Girls,856,Jan,Now you're really not allowed in this session.,
2,15,Boys & Girls,858,Jan,"Ladies, I am so, so sorry. Can we start again? We were on such a roll. I... I... really apologize.",
2,15,Boys & Girls,859,Jan, So one obstacle is how assertiveness is perceived differently in men and women. Men who are assertive will be admired. They're called... anyone?,
2,15,Boys & Girls,863,Jan,"I don't know what you're doing here, Michael,",
2,15,Boys & Girls,863,Jan,... but it's very destructive.,
2,15,Boys & Girls,863,Jan,"Can you please do this somewhere else, Michael?",
2,15,Boys & Girls,863,Jan,"Dwight, excellent idea. Go to the warehouse.",
2,15,Boys & Girls,866,Jan,"I'm so sorry about that... um... so where were we? Pam, are you okay taking notes then?",
2,15,Boys & Girls,866,Jan,Please? Thank you. very much.,
2,15,Boys & Girls,869,Jan,Why don't we go around the table and all say something that we know we're good at. I will start. I am good at public speaking.,
2,15,Boys & Girls,869,Jan,No. Okay. Stop. Go on...,
2,15,Boys & Girls,869,Angela,I've seen some of your spreadsheets.,
2,15,Boys & Girls,875,Jan,That is an excellent goal.,
2,15,Boys & Girls,876,Jan,"Well, I'll be honest. One of the goals of these women seminars is to feel out if there's any standouts. Women who could be a valuable addition to our Corporate life.",
2,15,Boys & Girls,880,Jan,"Great, great. And Pam, what about you? What is your dream?",
2,15,Boys & Girls,880,Jan,You know the company is offering a design training program in New York.,
2,15,Boys & Girls,880,Jan,"Well, it's only on weekends and then a few weeks in New York, but I'm sure that I could ask Corporate to help you out.",
2,15,Boys & Girls,880,Jan,There are always a million reasons not to do something.,
2,15,Boys & Girls,882,Jan,All right. Let's talk about clothing.,
2,15,Boys & Girls,884,Jan,"Dress for the job you want, not the job you have. All right. You can use your clothing to send a message about your ambitions by wearing clothes that reflect what you aspire to be.",
2,15,Boys & Girls,885,Angela,"I'm not gaining anything from this seminar. I'm a professional woman. The head of accounting. I'm in the healthiest relationship of my life. I just think it's insulting that Jan thinks we need this. And, apparently, judging from her outfit, Jan aspires to be a whore.",
2,15,Boys & Girls,887,Jan,Another issue is inequality of pay between men and women. I'm sure that all of you have felt that before...,
2,15,Boys & Girls,889,Jan,"The cons are that everyone will lose their job. Michael. Everyone. Office, Warehouse. What do you think... the... pros... are... here?",
2,15,Boys & Girls,889,Jan,"You got yourself into this Michael, so you get yourself out.",
2,15,Boys & Girls,891,Jan,"Sports metaphors are one of the ways women feel left out of the language of the office. Now, I know this might sound silly but a ... many women ask to go over it. So... Fumble means...",
2,15,Boys & Girls,891,Jan,"Right. Par for the course is a golf term. It means right on track. Below par means worse. Wait... that should mean better, that doesn't make sense.",
2,15,Boys & Girls,892,Jan," Kelly, I don't know what Michael's talking about.",
2,15,Boys & Girls,894,Angela,Are you married?,
2,15,Boys & Girls,894,Jan,I think you should all spend a little more time thinking about your careers and less time on personal stuff.,
2,15,Boys & Girls,894,Angela,"At least you don't have kids. You have no kids, right? Thank God.",
2,15,Boys & Girls,894,Jan,Okay. Let's take five. I think we can all use five.,
2,15,Boys & Girls,895,Jan,Did you take care of the situation?,
2,15,Boys & Girls,895,Jan,"Excuse me. I've been told there's been some interest in forming a Union and that Michael supported it. Obviously he's not a friend of yours because he didn't tell you the facts. So let me. If there is even a whiff of unionizing in this branch, I can guarantee you the branch will be shut down like that . They unionized in Pittsfield and we all know what happened in Pittsfield. It will cost each of you a fortune in legal fees and union dues and that will be nothing compared to the cost of losing your jobs. So I would think long and hard before sacrificing your savings and your futures just to send a message. If you have any further questions you can direct them to... to Michael.",
2,16,Valentine's Day,912,Oscar,"The best present would be, you do a good job in front of the new CFO.",
2,16,Valentine's Day,923,Angela,I didn't get anything for Valentine's Day.,
2,16,Valentine's Day,932,Jan,"Josh Porter, Stamford.",
2,16,Valentine's Day,932,Jan,"And Michael Scott, Scranton.",
2,16,Valentine's Day,933,Jan,"Nervous, no I'm not nervous. Well, I guess I'd be lying if I didn't say I was a little nervous. Umm, the new CFO is judging me on this too, and well, it is Michael, so. Yeah, I'm very nervous.",
2,16,Valentine's Day,938,Angela,Nothing for me?,
2,16,Valentine's Day,940,Jan,"Um, I'm sorry, what did you think financial presentation meant?",
2,16,Valentine's Day,940,Jan,"Craig, you realize that we're trying to decide whether if drastic steps need to be taken?",
2,16,Valentine's Day,940,Jan,"Well, the point is, is that doesn't exactly bode well for your branch.",
2,16,Valentine's Day,941,Jan,"NO, NO I'm not, I'm not, I just... I just don't know what to do anymore, Michael. I mean, we're all gonna get fired.",
2,16,Valentine's Day,941,Jan,"Yeah, Michael - the CFO thinks that we slept together. Do you understand, people get fired for much less? And I just  can't believe that you told everybody and we didn't even sleep together.",
2,16,Valentine's Day,941,Jan,"Oh, God. Michael. It was months ago. It was once, It's over. Do you understand?",
2,16,Valentine's Day,941,Jan,"Surely, you cannot be serious?",
2,17,Dwight's Speech,961,Oscar,"I get here early every morning so I can set the thermostat. I like it a little cooler, around 66 degrees. I'm more productive. Maybe some people don't like it as cold as I do, but I don't care.",
2,17,Dwight's Speech,965,Angela,Are we out of jobs?,
2,18,Take Your Daughter to Work Day,1016,Angela,"You know, I never misbehaved in front of my father because he was a very strict disciplinarian. I can only hope my mate has some of those same qualities .",
2,18,Take Your Daughter to Work Day,1021,Oscar,Is that Chet Montgomery?,
2,18,Take Your Daughter to Work Day,1025,Toby,"Believe me, she has enough toys... she doesn't need your watch.",
2,18,Take Your Daughter to Work Day,1026,Toby,"Well, you need a wife first, or at least a girlfriend.",
2,18,Take Your Daughter to Work Day,1026,Toby,"If you really want to have kids, I--- I guess you could somehow... foster parent, or something.",
2,19,Michael's Birthday,1031,Toby,"Didn't you lose a lot of money on that other investment, the one from the email?",
2,19,Michael's Birthday,1042,Oscar,Skin cancer is treatable.,
2,19,Michael's Birthday,1042,Angela,"You don't know it's going to be okay. Don't give him false hope. ...It's probably nothing, though.",
2,19,Michael's Birthday,1055,Angela,No one cares about your birthday. Kevin's waiting to hear if he has skin cancer.,
2,19,Michael's Birthday,1057,Toby," Honestly, is there any way you can get on your fiancee's plan? Our health plan is s... just... it's terrible.",
2,20,Drug Testing,1086,Toby,"Oh, when you sign your job application you agree to comply with random drug testing.",
2,20,Drug Testing,1089,Angela,I don't take any prescription drugs.,
2,20,Drug Testing,1093,Toby,"Hookah is not an illegal drug, Michael.",
2,20,Drug Testing,1093,Toby,"No it's not. It's a type of pipe. You can fill it with tobacco, often mixed with fruit, or other flavors.",
2,20,Drug Testing,1098,Angela,You're not going to get my permission on this.,
2,21,Conflict Resolution,1109,Angela,I didn't get mine yet.,
2,21,Conflict Resolution,1115,Oscar,"It's like child abuse. I say, if Jesus saw that, he'd freak out! He'd freak out, Toby! I mean on some levels... it's... and I'm supposed to work there. I'm supposed...",
2,21,Conflict Resolution,1116,Toby,Here's how I usually handle this: all I do is listen.,
2,21,Conflict Resolution,1116,Toby,"It's like if you write someone a letter, when you're really angry... they say to keep it in a drawer for a couple days. Then you just never end up sending it.",
2,21,Conflict Resolution,1116,Toby,That was the right decision for me and my marriage.,
2,21,Conflict Resolution,1118,Angela,"I got this poster for Christmas, and I feel I want to see it everyday. It makes me feel like the babies are the true artists, and God has a really cute sense of humor.",
2,21,Conflict Resolution,1118,Oscar,"I don't like looking at it. It's creepy, and in bad taste, and it's just offensive to me. It makes me think of the horrible, frigid stage mothers who force the babies into it. It's kitsch. It's the opposite of art. It destroys art. It destroys souls. This is so much more offensive to me than hardcore porno. I'm talking about the...",
2,21,Conflict Resolution,1123,Toby,"Every Friday at 4, I have a standing appointment with Dwight for him to file a grievance against Jim. I tell him that I'm sending them to a special file in New York. That box is the special file in New York.",
2,21,Conflict Resolution,1127,Toby,"Actually, I have a separate folder for complaints against Michael. This is January through March of this year. ",
2,21,Conflict Resolution,1128,Toby,"Yeah, it just means whoever complained came to me later and withdrew it, so I took their name off.",
2,22,Casino Night,1169,Jan," Yeah, but... Well, the fact of the matter is that your branch is currently number four of the five branches that I oversee.",
2,22,Casino Night,1169,Jan,I thought that you were their fearless leader.,
2,22,Casino Night,1171,Oscar,It'd be nice to do something for people who are actually suffering.,
2,22,Casino Night,1171,Angela,"You have to pick an approved, non-profit organization.",
2,22,Casino Night,1174,Angela,"We are giving money that has been gambled. Why don't we just deal drugs or prostitute ourselves, and donate that money to charity?",
2,22,Casino Night,1175,Toby,"Actually, I didn't think it was appropriate to invite children since it's... You know, there's gambling and alcohol, and it's in our dangerous warehouse and it's a school night... And, you know, Hooters is catering. You know, is that enough? Should I keep going?",
2,22,Casino Night,1190,Jan,"I could use a little fun. So, I am going to drive up for your Casino Night.",
2,22,Casino Night,1190,Jan,"Incidentally, what is the charity?",
2,22,Casino Night,1190,Jan,"Okay, then. I will see you tonight.",
2,22,Casino Night,1198,Toby,I have good cards.,
2,22,Casino Night,1199,Toby,"I don't really play cards, but I'm not gonna lie to you. It felt really good to take money from Michael. Gonna chase that feeling.",
2,22,Casino Night,1213,Jan,"Left work early, drove down here. And I am completely underdressed",
2,22,Casino Night,1213,Jan,Why did I hook up with Michael?,
2,22,Casino Night,1213,Jan,"It was very late, Jim. Very... Very late and... Have you given any more thought to the transfer?",
2,22,Casino Night,1216,Jan,"So, I just wanted to congratulate you on a fantastic evening. You did the company proud.",
2,22,Casino Night,1216,Jan,"And thanks for inviting me. You were right, I needed it. So, thanks.",
3,1,Gay Witch Hunt,1220,Toby,"OK I think Oscar would just like if you used ""lame"" or something like that.",
3,1,Gay Witch Hunt,1221,Toby,"Apparently you called Oscar ""faggie"" for liking the movie Shakespeare in Love more than an action movie.",
3,1,Gay Witch Hunt,1221,Toby,"All right Michael, but Oscar's really gay.",
3,1,Gay Witch Hunt,1221,Toby,"No, I mean he's attracted to other men.",
3,1,Gay Witch Hunt,1221,Toby,"OK, I am telling you, Oscar is an actual homosexual. Yeah, he told me this morning. And, obviously he hopes he can count on your discretion.",
3,1,Gay Witch Hunt,1225,Oscar,"No, I'm not gay. And I don't understand why anyone would think, that I'm gay... if...  Uh... yeah I'm gay.",
3,1,Gay Witch Hunt,1243,Oscar,"Yes I'm super cool. I am an accountant at a failing paper supply company, Scranton. Much like, um, sir Ian McClellan.",
3,1,Gay Witch Hunt,1244,Angela,"Sure, sometimes I watch Will and Grace... and I want to throw up. It's terribly loud. I do like it sometimes when Harry Connick Jr. is on. He's so talented.",
3,1,Gay Witch Hunt,1246,Jan,"You know, it's amazing to me that in this day and age, you could be so obtuse about sexual orientation.",
3,1,Gay Witch Hunt,1246,Toby,"OK, Michael, are you aware that you ousted Oscar today?",
3,1,Gay Witch Hunt,1246,Jan,"Coming out, is a significant moment for a gay person, and they should be allowed to select the timing and manner of announcing it.",
3,1,Gay Witch Hunt,1246,Toby,"All right, now Oscar's feeling discriminated against by his co-workers, primarily Angela, and um, that's your fault.",
3,1,Gay Witch Hunt,1246,Jan,"No, it's not possible.",
3,1,Gay Witch Hunt,1246,Jan,"You know, imagine... you were gay.",
3,1,Gay Witch Hunt,1246,Jan,"Michael, your immaturity is extremely disappointing and may even lead to a lawsuit which is the absolute last thing this company needs right now. Do you understand?",
3,1,Gay Witch Hunt,1248,Oscar,Am I the first gay man you ever knew?,
3,1,Gay Witch Hunt,1251,Angela,Watching some of your friends.,
3,1,Gay Witch Hunt,1254,Oscar,"Yes I'm gay. And I didn't plan on sharing that part of my life with you today, so, whatever. Can I sit down now?",
3,1,Gay Witch Hunt,1257,Oscar,No one else in this office is gay.,
3,1,Gay Witch Hunt,1258,Oscar,You sound pretty defensive Michael.,
3,1,Gay Witch Hunt,1259,Oscar,"I don't think I can work here any longer. This has been the worst, most backwards day of my life.",
3,1,Gay Witch Hunt,1260,Oscar,"No, NO! I don't want to touch you, ever consider that? You're ignorant, and insulting, and small!",
3,1,Gay Witch Hunt,1260,Oscar,"Michael... I'm sorry. That was a good idea. Come on, come on. ",
3,1,Gay Witch Hunt,1266,Oscar,"I was going to quit. But Jan offered me a three month paid vacation and a company car. All I had to do was sign something saying I won't sue. Gill and I are going to Europe. Kids, sometimes it pays to be gay.",
3,2,The Convention,1272,Angela,I know! It... I was just really hoping we could spend some time together.  Are you still there?,
3,2,The Convention,1272,Angela,"Don't ""Monkey"" me! You can't wait to get out of here, A. R. M.",
3,2,The Convention,1273,Angela,"In the Martin family, we like to say, ""Looks like someone took the slow train from Philly."" That's code for ""check out the slut."" What is... why are there flies in here?",
3,2,The Convention,1277,Angela,"That was for per diem, for Philadelphia.",
3,2,The Convention,1285,Jan,"Great, let's dump our stuff and meet back here in half an hour.",
3,2,The Convention,1296,Jan,"Michael, um... Jim and Josh are in meetings all day. And I am in and out of meetings. I can't stay on top of you 24/7.",
3,3,The Coup,1324,Jan,How would a movie increase productivity Michael? How on earth would it do that?,
3,3,The Coup,1326,Angela,"Michael is going to get us all fired. You sat back and let him play that dumb movie, and now Jan is peeved off and we're all going to lose our jobs.",
3,3,The Coup,1328,Angela,"It's not up to Michael, it's Jan's call. Talk to her.",
3,3,The Coup,1328,Angela,Fine! Sit back and do nothing and let us all get fired!,
3,3,The Coup,1329,Angela,"I know that patience and loyalty are good, and virtuous traits. But sometimes I just think you need to grow a pair.",
3,3,The Coup,1336,Jan,"You should talk to Michael, and he'll talk to me, and that way we don't have to speak to each other.",
3,3,The Coup,1336,Jan,It's not about a surprise party is it?,
3,3,The Coup,1339,Jan,What would you do differently?,
3,3,The Coup,1339,Jan,"Dwight, you must feel strongly, to speak with me this way, behind Michael's back, and turn on so many of your co-workers.",
3,3,The Coup,1341,Jan,I just had a very interesting conversation with one of your employees.,
3,3,The Coup,1341,Jan,"No, it wasn't. Dwight just told me that he thinks he can run the branch better than you.",
3,3,The Coup,1341,Jan,You can't have people undermining you. Get control of your branch immediately.,
3,4,Grief Counseling,1371,Jan," So, I wanted to let you know that we lost Ed Truck.",
3,4,Grief Counseling,1371,Jan,"Michael, Ed died over the weekend.",
3,4,Grief Counseling,1381,Jan," I understand how you feel, Michael. I really do. So, would it be helpful to give everyone the day off?",
3,4,Grief Counseling,1381,Jan, I'm not sure that's realistic.,
3,4,Grief Counseling,1381,Jan,What the hell are you two talking about?,
3,4,Grief Counseling,1381,Jan,"You know what, Michael? I've really tried with you today...",
3,4,Grief Counseling,1381,Jan,So call me when you feel like having a real conversation.,
3,4,Grief Counseling,1388,Toby,"Michael, look. I know this is hard for you, but death's just a part of life. I mean, just this morning I saw a little bird fly into the glass doors downstairs and die. And I had to keep going.",
3,5,Initiation,1406,Jan,"I'm great. So, Pam I would like you to keep a log of everything Michael does hour by hour so we can analyze it at corporate. Ok?",
3,5,Initiation,1432,Angela,"He's not weird, he's just individualistic.",
3,6,Diwali,1461,Angela,I find this incredibly offensive.,
3,6,Diwali,1461,Angela,"Well, whatever Kelly wants to do in her own house is fine but we shouldn't all be subjected to it.",
3,6,Diwali,1461,Toby,"Actually, she's right. This isn't appropriate. Why don't I take these.",
3,6,Diwali,1468,Angela,I'm a vegetarian. What can I eat?,
3,7,Branch Closing,1494,Jan,I am here to tell you that we are closing the Scranton branch.,
3,7,Branch Closing,1494,Jan,The board voted last night to close your branch.,
3,7,Branch Closing,1494,Jan,"I'm very sorry. I don't relish telling you this. You've been a big part of this company, and the board asked me to thank you for your years of service.",
3,7,Branch Closing,1494,Jan,"A small number of people will be transferred to the Stamford branch, and the rest will be getting severance packages.",
3,7,Branch Closing,1494,Jan,"Well, we haven't made final decisions about personnel yet. But you're a severance package person.",
3,7,Branch Closing,1494,Jan,"Well, it's not all about numbers, Michael.",
3,7,Branch Closing,1494,Jan,Our CFO believes that Josh is going to play an important role in our company's future.,
3,7,Branch Closing,1501,Toby,"Michael, uh... we shouldn't be talking about this until all the decisions have been made.",
3,7,Branch Closing,1501,Toby,Jan told me just a few minutes before she told you.,
3,7,Branch Closing,1501,Angela,"What about us, Michael? Do we still have jobs?",
3,7,Branch Closing,1503,Angela,I don't want to blame anyone in particular. I think everyone's to blame.,
3,7,Branch Closing,1517,Jan,"Oh, good. You're both here. Ready to talk logistics?",
3,7,Branch Closing,1521,Jan,"So, Josh will be running what is now called Dunder-Mifflin ,Northeast, which is all the offices north of Stamford. And Jim, fi you want the job, you'll be his number two.",
3,7,Branch Closing,1521,Jan,You leveraged your new position with us into another offer?,
3,7,Branch Closing,1521,Jan,"Damn it, Josh. This whole restructuring thing was based around keeping you. I...",
3,7,Branch Closing,1523,Jan,"So... we are still scrambling here. But uh, it looks like Scranton is going to absorb Stamford.",
3,7,Branch Closing,1523,Jan,"And I know that you just left there a couple of months ago, but we would like to offer you the number two position at that branch.",
3,7,Branch Closing,1523,Jan,"Ah. Well, please think about it. And call me. We will do whatever we can to get you to stay.",
3,7,Branch Closing,1526,Jan,"Ah, god. Okay. You know what everybody? I'm sure there is a better way to do this but I've drive something like 400 miles today and I'm completely exhausted so I'm just gonna tell you. Your branch is not closing; Stamford is closing. Um, for the time being, it seems that all your jobs are safe.",
3,7,Branch Closing,1529,Jan,"Well, reasons are not important. Would you just call him, please? Wherever he is... and tell him.",
3,7,Branch Closing,1541,Toby,"Well for a minute there, I saw myself selling my house, moving to Costa Rica, learning how to surf. But, Costa Rica will still be there. When I'm 65.",
3,8,The Merger,1563,Toby,"Hey, this came with the Stamford book.  Can you take care of it?",
3,8,The Merger,1592,Angela,Maybe that's because some people treat it like their own private Hooters strip club.,
3,8,The Merger,1597,Jan,Did you fire Tony Gardner when he was trying to quit?,
3,8,The Merger,1597,Jan,"Do you realize, Michael, that we now have to pay him severance?",
3,8,The Merger,1597,Jan,He's the only one who has worked with both groups. I sent you a memo about this.,
3,9,The Convict,1606,Angela,"Look, we have a rebate from... the Federal Work Opportunity Program and no one knows what that means.",
3,9,The Convict,1606,Jan,We get that money for hiring an ex-convict.,
3,9,The Convict,1606,Jan,"Okay, that's when the branches merged, so Josh must have been taking advantage of this program. Smart move.",
3,9,The Convict,1606,Angela,One of the Stamford people is a criminal?,
3,9,The Convict,1606,Angela,"Jan, which one of the new employees is a criminal?",
3,9,The Convict,1606,Jan,"Uh, reformed convict, and, uh, I'm not sure. Though hang on, let me email our HR, stay on the line.",
3,9,The Convict,1606,Jan,...Okay it's someone named Martin Nash.,
3,9,The Convict,1608,Angela,"Sure. Let's protect the convicts. At the expense of the general feeling of safety in the workplace. As a 90-pound female that sits in an ill-lit, rarely-visited corner of the office, naturally I agree with that.",
3,9,The Convict,1632,Toby,"Well, you're going to have to let 'em out. Or... or I will.",
3,9,The Convict,1632,Toby,"You know they're teasing you. I mean... obviously, this is... a much nicer place than an actual prison. We get paid to be here. We go home afterwards and have social lives. We have... we have parties here. They're teasing you. To be funny.",
3,10,A Benihana Christmas (Parts 1&2),1650,Angela,"These are all terrible ideas and none of them are on the theme of ""A Nutcracker Christmas."" I think you should leave.",
3,10,A Benihana Christmas (Parts 1&2),1650,Angela,"You tried this out, and it's clearly not for you. It's time to go. Come on.  Please.  Thank you. OK, thank you very much. ",
3,10,A Benihana Christmas (Parts 1&2),1656,Angela," What is that?  The ""Committee to Plan Parties invites you to a margarita-karaoke Christmas?"" There's no such thing as the ""Committee to Plan Parties.""",
3,10,A Benihana Christmas (Parts 1&2),1656,Angela,"No, that is not a party. There's only one party and it's hosted by the Party PLANNING Committee and it starts at three o'clock.",
3,10,A Benihana Christmas (Parts 1&2),1665,Angela,"Pam, don't tell her what to do! Phyllis.",
3,10,A Benihana Christmas (Parts 1&2),1671,Angela,I have a very important announcement to make... about... your paychecks. Umm... Your paychecks will be arriving as scheduled on Friday. And they will be in the correct amount that they are normally in... Please stand by for a very important announcement... refer.. for further regarding your paycheck! ,
3,10,A Benihana Christmas (Parts 1&2),1672,Angela," Also, I would like to inform you that, um, as a special treat, my party will be starting early. In fact, it will be starting right now ",
3,10,A Benihana Christmas (Parts 1&2),1676,Angela,"I don't back down. My sister and I used to be best friends, and we haven't talked in 16 years. Over some disagreement, I don't even remember. So... yeah. I'm pretty good.",
3,10,A Benihana Christmas (Parts 1&2),1690,Angela,I'm not sure. Does your karaoke machine have Christmas songs?,
3,10,A Benihana Christmas (Parts 1&2),1702,Angela," Little baby, parum pum pum pum. I am a poor boy too, parum pum pum pum. I have no gift to bring, parum pum pum pum. That's fit to give our King, parum pum pum pum..",
3,12,Back from Vacation,1725,Toby,"Wish it were true, but it, it uh, seems from that photo that you took, you've entered into an intimate relationship.",
3,12,Back from Vacation,1725,Toby,"Michael, nine different people emailed me that photo, including my ex-wife... we don't talk now.",
3,12,Back from Vacation,1725,Toby,"You know, for your own protection, you should disclose the relationship to HR.",
3,12,Back from Vacation,1725,Toby,"All right, if you're having a relationship with your superior, you must disclose it.",
3,12,Back from Vacation,1726,Angela,"OK, we only have three hours people to plan a whole luau, and you're not helping.",
3,12,Back from Vacation,1737,Jan,I was in Scottsdale visiting my sister.,
3,12,Back from Vacation,1737,Jan,"Very sunny. Family's important. Michael, I would like to speak with you, in your office.",
3,12,Back from Vacation,1738,Jan,"In the last year, I've gone through a divorce, an identity theft, a husband who would not... communicate. This is nether here or there. My psychiatrist thinks that I have some self-destructive tendencies and that for once, I should indulge them. You following me?",
3,12,Back from Vacation,1738,Jan,"I think I owe it to myself to find some kind of happiness, you know? I mean, even, even if it means... lowering my expectations or, or redefining the word, itself.",
3,12,Back from Vacation,1738,Jan,"This is the kind of thing, you know? I am... attracted to you. I, I don't know why, I... but, I am. And, I need to follow my instincts. At least that's what Dr. Perry thinks.",
3,12,Back from Vacation,1738,Jan,"This is the point, OK? You're wrong for me. In... In... every way. But I still find myself wanting to... be with you.",
3,12,Back from Vacation,1738,Jan,"Wait 15 minutes, find an excuse, and meet me at your condo.",
3,13,Traveling Salesmen,1761,Angela,This friend of mine - let's call her Noelle - she missed this deadline turning something in to Corporate in New York. But then this gallant gentleman - we'll call him Kurt - he drove all the way to New York and handed it in for her. That's... I don't know. I guess he really just likes her a lot.,
3,13,Traveling Salesmen,1773,Angela,That's great Pam. I like having these little moments with you. You know what? Sprinkles recently had kittens.,
3,13,Traveling Salesmen,1773,Angela,I would like to offer you the dominant male. His name is Ash.,
3,13,Traveling Salesmen,1778,Jan,"Dwight's name is on the security sign-in sheet, but I don't know who he met with. And where it asks to state your business, he wrote ""Beeswax. Not yours, Inc.""",
3,13,Traveling Salesmen,1782,Angela,"How is going to be ok, Dwight? Everyone will know our business.",
3,13,Traveling Salesmen,1782,Angela,I hate those two people more than anything in the entire world.,
3,13,Traveling Salesmen,1788,Angela,"Dwight, from sales, was one of the most honorable and efficient employees this company has ever had.",
3,14,The Return,1804,Angela,Oscar? I have a question. Would you like to join the party planning committee?,
3,14,The Return,1804,Angela,No. No. Certain events have transpired. And I've thought about certain things. And I'm sorry for the way those certain events transpired.  And I would just like to make some changes about certain things and certain situations.,
3,14,The Return,1808,Oscar,I really have no preference. We don't even have to have a party.,
3,14,The Return,1808,Oscar,Why don't you have me riding in on a donkey into the office like Pepe.,
3,14,The Return,1824,Angela,"I wanted to let you know that Dwight was late that morning because he was driving to New York to drop off the correlated documents that I forgot to send. Though to be fair, Kevin never reminded me.",
3,15,Ben Franklin,1853,Angela,Under no circumstance should a man strip off his clothes in this office.,
3,15,Ben Franklin,1860,Angela,Sparkling cider is very good.,
3,15,Ben Franklin,1876,Jan," Michael, I left a meeting. What is so urgent? Are you, are you okay?",
3,15,Ben Franklin,1876,Jan,You went to a bachelor party at work?,
3,16,Phyllis' Wedding,1909,Angela,"Congratulations, Phyllis. You look lovely. Your dress is very white. So white, my eyes are burning.",
3,17,Business School,1950,Toby,The simple solution would be to open a window... if we had... windows that could open.,
3,17,Business School,1957,Toby,"Oh, this looks great. I'd, I'd love to be there, but my daughter's play is tonight. ... Damnit! You know, one of the other parents will probably videotape it.",
3,17,Business School,1957,Toby,"Well, it's important to support local art, you know. And what they do is not art.",
3,17,Business School,1973,Oscar,"Well, those aren't Pam's strong points.",
3,18,Cocktails,1985,Jan,"Hi, Dwight. Ok, Michael, take me off speaker phone.",
3,18,Cocktails,1985,Jan,...and just like rip into each other like we did on that black sand beach in Jamaica.,
3,18,Cocktails,1996,Jan,"I'm sure that it's catered. I need you to sign these, Michael. It's a waver of some of your rights. You should read it carefully. It releases the company in the event that our relationship, in your opinion or in reality, interferes with work. You get a copy, I get a copy, and a third copy goes to HR.",
3,18,Cocktails,1996,Jan,You realize this is a legal document that says you can't sue the company.,
3,18,Cocktails,1997,Jan,"I am taking a calculated risk. What's the upside? I overcome my nausea, fall deeply in love, babies, normalcy, no more self loathing. Downside? I, uh, date Michael Scott publicly and collapse in on myself like a dying star.",
3,18,Cocktails,1998,Jan,"What's this over the ""i""?",
3,18,Cocktails,1999,Jan,Why is this so hard? That's what she said. Oh my God. What am I saying?,
3,18,Cocktails,2002,Jan,"Of course, of course, David. Do you remember Michael Scott?",
3,18,Cocktails,2002,Jan,"David, can I, um, speak to you privately for just a moment, please.",
3,18,Cocktails,2004,Jan,"We're good.  Michael, stop. Please stop that, ok?",
3,18,Cocktails,2012,Jan,"I, Michael, I think David probably wants to spend Christmas here with his family.",
3,18,Cocktails,2012,Jan,I'm sorry. You're just going to have to excuse us for just a couple minutes.,
3,18,Cocktails,2012,Jan,Don't you know what I'm doing?,
3,18,Cocktails,2013,Jan,Just let me loosen my dress.,
3,18,Cocktails,2013,Jan,"Slam me up against the wall, right here.",
3,18,Cocktails,2013,Jan,"Oh, I'm acting inappropriate? Get out.",
3,18,Cocktails,2023,Jan,I feel sick.,
3,18,Cocktails,2023,Jan,"No, we were good when we were just running around, you know, in secret. It was wrong and it was exciting. Maybe it was a mistake to take it public.",
3,18,Cocktails,2023,Jan,"It was never a love contract, Michael and besides, I have already given a copy to David and it would be just as embarrassing to get it back as I was handing it to him.",
3,18,Cocktails,2023,Jan,"Tired. I'm tired. And I didn't eat enough. And, and, that's all. That was it.",
3,18,Cocktails,2023,Jan,That's all. I didn't mean it. That's all. I'm just saying I didn't mean it.,
3,19,The Negotiation,2027,Jan,"Michael, last Friday one of your employees attacked another employee in your office!",
3,19,The Negotiation,2027,Jan,"Ok, what... what is the situation Toby?",
3,19,The Negotiation,2027,Toby,"Well, we fired Roy, obviously. And Jim won't press charges against Roy or the company.",
3,19,The Negotiation,2027,Toby,"Yeah, um, but now apparently Darryl has some issue with his...",
3,19,The Negotiation,2027,Jan,"All right, well are you gonna take care of this?",
3,19,The Negotiation,2027,Jan,"What did I tell you about ""yeppers?""",
3,19,The Negotiation,2027,Jan,I told you not to say it. Do you remember that?,
3,19,The Negotiation,2032,Oscar,"Well, I heard some shouting. And I look over and Roy's by reception and you could just tell he's gonna punch somebody. Jim says something. Roy stomps over there. All of the sudden, BAM. Roy goes down, and Dwight's standing there like an action hero.",
3,19,The Negotiation,2037,Toby,"There's a bunch of people back here, maybe...",
3,19,The Negotiation,2038,Toby,"I don't think Michael intended to punish me, by putting Ryan back here with Kelly. But, if he did intend that? Wow. Genius.",
3,19,The Negotiation,2048,Angela,"What happened, exactly? I wasn't here, so I haven't really heard the whole story.",
3,19,The Negotiation,2060,Jan,"Why don't we talk next month, after the quarter ends?",
3,19,The Negotiation,2060,Jan,"Today. All right, well, uh, if you want to do it today, we should meet in person, and uh, can you get here by five?",
3,19,The Negotiation,2060,Jan,"Great. Uh, and listen. Because of our, uh, our... you know, situation, we're gonna need to have a third party present.",
3,19,The Negotiation,2060,Jan,"No, Michael. We, we need an HR rep. So, uh, I think you should just bring Toby.",
3,19,The Negotiation,2060,Jan,"...and we need someone else, in the room, because of our relationship. You know this. Michael, either Toby comes with you, or we don't do it.",
3,19,The Negotiation,2067,Jan,I have to call you the second I get a new assistant?,
3,19,The Negotiation,2067,Jan,"Hi, Toby.  First---  First off, Michael, this is a salary negotiation. All matters regarding our personal relationship have to be set aside. Are we clear?",
3,19,The Negotiation,2067,Jan,Right now we can offer you a 6% raise.,
3,19,The Negotiation,2067,Toby,Just preparing for the deposition.,
3,19,The Negotiation,2068,Toby,This may be the first time that a male subordinate has attempted to get a modest scheduled raise by threatening to withhold s*x from a female superior. It will be a groundbreaking case when it inevitably goes to trial.,
3,19,The Negotiation,2071,Jan,"Okay, Michael. Please, why don't we just take a break. This is really going nowhere.",
3,19,The Negotiation,2072,Jan,What's wrong with you?,
3,19,The Negotiation,2072,Jan,"Okay, Michael. I can offer you a 12% raise, but you have got to ask for 15.",
3,19,The Negotiation,2072,Jan,"No, just... I just need you to ask for it, so I can record that you asked for it. Okay?",
3,19,The Negotiation,2072,Jan,No. But we can offer you 12.,
3,20,Safety Training,2090,Toby,"Ok, um, one thing that you're gonna want to look out for is carpal tunnel syndrome. It's recommended that you take a ten minute break from typing every hour. For your circulation, you're gonna want to get up out of your chairs and uh, and move around about ten minutes every hour.",
3,20,Safety Training,2090,Toby,"Um, yeah. You're computer screen can be a big strain on your eyes, so uh, it's also recommended that you step away for about... about ten minutes every hour.",
3,20,Safety Training,2090,Toby,"No, no. Um, you always want to keep a sweater or cardigan of some sort, in case it gets drafty.",
3,21,Product Recall,2131,Oscar,I wonder how many phone calls you're missing while you're teaching us to answer calls.,
3,21,Product Recall,2131,Angela,Can you just tell us what we need to do so we can go?,
3,21,Product Recall,2140,Angela," Excuse me? Well, I don't see how that's our fault. And I've already told you, the official position of Dunder Mifflin is apologetic, so I don't know what you want from me. ",
3,21,Product Recall,2148,Angela,"...and the company has already apologized, so you can take that apology or not.   I think he had Tourette's or something!",
3,21,Product Recall,2156,Angela,"Yeah, well you didn't know that when you filled out this payroll form.",
3,22,Women's Appreciation,2165,Toby,I don't think laughing about it is an appropriate response.,
3,22,Women's Appreciation,2167,Jan,"...come over after work tonight, OK? I miss your body.",
3,22,Women's Appreciation,2167,Jan,"I'll give you $200. And if I get up before you, I'll leave it on the dresser.",
3,22,Women's Appreciation,2167,Jan,"You know whatever. Just let my assistant know if you're coming over so he can get more vodka, OK? Hunter, are you on?",
3,22,Women's Appreciation,2177,Angela,Malls are just awful and humiliating. They're just store after store of these horrible salespeople making a big fuss out of an adult shopping in a junior's section. There are petite adults who are sort of... smaller who need to wear... maybe a kids' size 10.,
3,22,Women's Appreciation,2180,Angela,"Meredith, slow down! We're not gonna get there any faster if we're dead.",
3,22,Women's Appreciation,2186,Angela,"Sometimes, the clothes at GapKids are just too flashy. So I'm forced to go to the American Girl store and order clothes for large colonial dolls.",
3,22,Women's Appreciation,2200,Jan,"Michael...  I was, um... I was really unhappy with our conversation earlier. And I... I just - I couldn't stop thinking about it. So I decided that I would drive down here and apologize to you in person. So...  I'm sorry.",
3,22,Women's Appreciation,2200,Jan," Oh. Hold on, I'm sorry.",
3,22,Women's Appreciation,2200,Jan,"One second. Oh! It's from you. Uh, you wanna grab some dinner?",
3,22,Women's Appreciation,2200,Jan,"OK.  ""It's me, Michael. I'm just calling to say that I think we need a little break, permanently. And, uh, I know everybody says this, but I want...""",
3,23,Beach Games,2241,Angela,I knew you were saying sabotage. I was giving you an example of it. I will misunderstand everything that Andy says until he goes insane.,
3,23,Beach Games,2244,Oscar,If either of these guys are put in charge of the office I will transfer to Albany. Gil can come if he wants. I'm kinda looking for a way out of that relationship anyway. I think I might try girls for a while. Angela thinks I can cross over. We'll see.,
3,23,Beach Games,2251,Angela,I'm not going to talk through the fire after your disgusting feet have gone through.,
3,23,Beach Games,2254,Angela,"Or Mrs. ""Outside Hire.""",
3,24,The Job (Parts 1&2),2270,Oscar,"Hey, Pam I've been meaning to say something to you. I really miss our friendship. ",
3,24,The Job (Parts 1&2),2273,Angela,"No Dwight, I don't care if that is how they consolidated power in ancient Rome.",
3,24,The Job (Parts 1&2),2277,Jan,"I'm great. Uh, can we, can we talk... privately... for a minute?",
3,24,The Job (Parts 1&2),2277,Jan,"I just,  I uh... I don't uh... I, I don't, I don't like the way that we left things.",
3,24,The Job (Parts 1&2),2279,Jan,"Sorry to drop by unexpectedly. I uh, I tried calling, but I kept getting voice mail.",
3,24,The Job (Parts 1&2),2281,Jan,"After you ended... everything with us, I went on a vacation.",
3,24,The Job (Parts 1&2),2281,Jan,"It was. Yeah, it was good.  I think I'll just get right to the point, you know? Um, I, I feel good about myself for the first time in a really long time.",
3,24,The Job (Parts 1&2),2281,Jan,I've made some big changes in my life and... I miss you. I want us to get back together.,
3,24,The Job (Parts 1&2),2289,Jan,So...  there are a lot of things that I would like to do differently.,
3,24,The Job (Parts 1&2),2289,Jan,"I feel like, when we first got together, that I had a problem with my priorities.",
3,24,The Job (Parts 1&2),2289,Jan,And if we could talk about a way to approach a possible reconciliation...,
3,24,The Job (Parts 1&2),2312,Oscar,Do you really think he's qualified for that job?,
3,24,The Job (Parts 1&2),2318,Jan,How was your interview?,
3,24,The Job (Parts 1&2),2318,Jan,What's... what's the matter? What... what happened in there?,
3,24,The Job (Parts 1&2),2318,Jan,Tell me what?,
3,24,The Job (Parts 1&2),2319,Jan,You son of a bitch!,
3,24,The Job (Parts 1&2),2319,Jan,"No, I wanna know. I wanna know! Because if it is, then, then, then I will see you in court!",
3,24,The Job (Parts 1&2),2319,Jan,"'Cause he likes them.  Okay? He likes them. And, and that is, that is all I care about.",
3,24,The Job (Parts 1&2),2319,Jan,"Okay, you know what? I'm just not leaving. I'm not leaving. Not leaving.",
3,24,The Job (Parts 1&2),2321,Jan,"Don't let them change you, okay?  So long, .",
3,24,The Job (Parts 1&2),2323,Jan,"Oh, just... No, actually I think it's good, you know? It's fine, actually, I do. I really think it's great that it happened. Because, you know, my work has always been the thing that has gotten in the way of my happiness, so... ",
3,24,The Job (Parts 1&2),2323,Jan," Oh, I know, I know. It's just... I'm sorry. It's just these painkillers that I started taking since the surgery. Ohhh! They make my moods totally unpredictable! Wow! What am I gonna do?",
3,24,The Job (Parts 1&2),2323,Jan,"Live together. Actually, wait a minute! This could be great! This could be perfect! You know, my full-time job could be our relationship. I could wear stretch pants and wait for you to come home at 5:15.  It could work. This could work, really!",
4,1,Fun Run (Parts 1&2),2339,Oscar,"I don't know, there is no evidence of intimacy. They've been in remarkably good moods. It could be other things.",
4,1,Fun Run (Parts 1&2),2345,Angela,"She's been sick for some time. Thank you for asking, no one asks... about Sprinkles.",
4,1,Fun Run (Parts 1&2),2346,Angela,"I have to give her her meds, I have to pet her, and who will she eat lunch with?",
4,1,Fun Run (Parts 1&2),2346,Angela,"There's bad blood, jealousies, cliques.",
4,1,Fun Run (Parts 1&2),2351,Angela,Can you do me a little favor? Go to my place at lunch and give Sprinkles her medicine.,
4,1,Fun Run (Parts 1&2),2351,Angela,"There's a diabetes shot, roll the insulin in your hand, don't shake it. She gets an ace inhibitor with her meal, but you have to put her right in front of the dish or she won't see it because of the cataracts. Mix one capsule of omega fatty acid in with her kidney medicine, um... and you want to give that to her 15 minutes after she's eaten. And, oh and there's a fungal cream because she has this infection under her tail, so you're gonna have to lift her tail and put the cream right at the base of her tail.",
4,1,Fun Run (Parts 1&2),2359,Toby,"No, I did not violate an Indian burial ground. In fact I had some good luck recently, Alfredo's Pizza, picked my business card out of the basket, so... uh, I got a week of free pies.",
4,1,Fun Run (Parts 1&2),2359,Angela,Sprinkles never hurt a soul. God in your infinite wisdom how could you do this? She wasn't ready. She had so much left to accomplish.,
4,1,Fun Run (Parts 1&2),2373,Angela,"This is Sprinkles.  She was my best friend. I kept her going through countless ailments. I asked Dwight Schrute to feed her once, and she is now deceased. This is Halloween last year,  just a couple of kittens  out on the town.",
4,1,Fun Run (Parts 1&2),2374,Angela,"Pssst. I'm having relationship problems. And since you're always having relationship problems, I thought you'd be able to give me some advice.",
4,1,Fun Run (Parts 1&2),2374,Angela,"I have this crazy thought, that I know is crazy. That maybe Dwight killed my cat.",
4,1,Fun Run (Parts 1&2),2374,Angela,"When I got home, Sprinkles' body was in the freezer where Dwight said he left her, but all my bags of frozen french fries had been clawed to shreds.",
4,1,Fun Run (Parts 1&2),2383,Jan,There's no prize money.,
4,1,Fun Run (Parts 1&2),2385,Jan,So I heard that you were peeping on Michael.,
4,1,Fun Run (Parts 1&2),2385,Jan,"I don't know what your deal is, but he's mine, OK? So hands off.",
4,1,Fun Run (Parts 1&2),2388,Oscar,"You're doing great Michael, look at you go!",
4,1,Fun Run (Parts 1&2),2392,Jan,Michael that's irrational.,
4,1,Fun Run (Parts 1&2),2397,Toby,"I'm makin' great time. Usually I have to take a bathroom break half way through a race like this, but not today.",
4,1,Fun Run (Parts 1&2),2402,Angela,The vet is removing all of Sprinkles organs right now and sending them to the lab.,
4,1,Fun Run (Parts 1&2),2402,Angela,Well then she barfed them up in the freezer and tried to get out.,
4,1,Fun Run (Parts 1&2),2402,Angela,"Cat Heaven is a beautiful place, but you don't get there if you're euthanized.",
4,3,Dunder Mifflin Infinity (Parts 1&2),2410,Toby,"...about some other people engaging in PDA and, you know  I just wanted to remind it's not appropriate to, to do that.",
4,3,Dunder Mifflin Infinity (Parts 1&2),2410,Angela," For the record, I have never been involved with anyone at work, in any capacity.",
4,3,Dunder Mifflin Infinity (Parts 1&2),2416,Angela,I can't believe you just thought you could replace Sprinkles. Before she's even in the ground.,
4,3,Dunder Mifflin Infinity (Parts 1&2),2417,Toby,"Oh well, you know, those were only for, you know  relationships, so... if, if this is just a casual thing, there's no need, really.",
4,3,Dunder Mifflin Infinity (Parts 1&2),2433,Angela,"Hello, Dwight. I've been thinking about things and I wanted to know if you would have dinner with me tonight?",
4,3,Dunder Mifflin Infinity (Parts 1&2),2433,Angela,I would prefer a public place. See you after work.,
4,3,Dunder Mifflin Infinity (Parts 1&2),2434,Jan,"Well, not exactly my job... I had a different title.",
4,3,Dunder Mifflin Infinity (Parts 1&2),2434,Jan,"Different salary.  You'll get there, don't worry.",
4,3,Dunder Mifflin Infinity (Parts 1&2),2434,Jan,Best decision I ever made.,
4,3,Dunder Mifflin Infinity (Parts 1&2),2434,Jan,You know what? I love the beard. Keep it forever. ,
4,3,Dunder Mifflin Infinity (Parts 1&2),2435,Jan,"So, what's Ryan doing here?",
4,3,Dunder Mifflin Infinity (Parts 1&2),2435,Jan,He's such a snake.,
4,3,Dunder Mifflin Infinity (Parts 1&2),2435,Jan,I hope he's gets hit with an ageism suit.,
4,3,Dunder Mifflin Infinity (Parts 1&2),2435,Jan,"Ageism? Companies they can't discriminate against people due to old age. Like a couple years ago we tried to force out some of the older branch managers with a mandatory retirement age and then Ed Truck, your old boss, threatened us with a lawsuit, so we had to back off.",
4,3,Dunder Mifflin Infinity (Parts 1&2),2444,Angela,I can't do this. I can't be with you. Every time I look in your eyes I see Sprinkles' stiff lifeless body.,
4,3,Dunder Mifflin Infinity (Parts 1&2),2444,Angela,I will leave your toothbrush on top of your tire tomorrow morning. ,
4,3,Dunder Mifflin Infinity (Parts 1&2),2445,Toby, This is everybody else... okay... This is the place... so thanks for the lift.,
4,5,Launch Party (Parts 1&2),2490,Angela,I feel angry. Angry at you. Angry at you for doing something stupid. Angry at me for believing you could do something not stupid.,
4,5,Launch Party (Parts 1&2),2490,Angela,"Then it would say lanch party, Kevin. Would it really be better if it said lanch party?",
4,5,Launch Party (Parts 1&2),2491,Angela,"Plan a party, Angela. Oh! And the entire world will see it. Oh! And here's $65.00 for your budget. Oh and here are four idiots who'll do nothing but weigh you down. Oh. And your cat's still dead.",
4,5,Launch Party (Parts 1&2),2496,Jan," My friends? Michael, I was terminated.",
4,5,Launch Party (Parts 1&2),2496,Jan,Is it really that important to you?,
4,5,Launch Party (Parts 1&2),2500,Angela,I asked for assorted cutlery and I got back spoons. These are worthless.,
4,5,Launch Party (Parts 1&2),2500,Angela,"Phyllis. These are spoooons. Spoons have rounded tops, and are used to scoop things. What we need are forks, which have prongs, or tiny spears on top. And we need knives, which have blades. Do you understand me now?",
4,5,Launch Party (Parts 1&2),2505,Angela,Because there's a party! A party for the website I've been planning for two weeks.,
4,5,Launch Party (Parts 1&2),2512,Angela,"How do you tell someone it's over? You send them a notarized letter, right? Well, what if the recipient is your notary?",
4,5,Launch Party (Parts 1&2),2513,Angela,Hey. Do you have any men that you can fix me up with? I would like to have a relationship with a man.,
4,5,Launch Party (Parts 1&2),2519,Oscar,"Michael, there's a very big difference between these two pizza places. Both in quality of ingredients, and overall taste. Which one did you order from?",
4,5,Launch Party (Parts 1&2),2521,Angela,It should take no time at all if you put the care into it that you normally do.,
4,5,Launch Party (Parts 1&2),2523,Angela,"I have been working on a party for three weeks that just got thrown out the window. So now I've got to pull together a whole new party, and my useless number two quit, so now there's no one in charge of orchids, chocolates, or the thing that's made of ice. And my upper back itches, and it's itched all day, and I can't reach it, and Kevin had Greek food for lunch again.",
4,5,Launch Party (Parts 1&2),2533,Angela,"I needed another hour, it could have been done in another hour.",
4,5,Launch Party (Parts 1&2),2533,Angela,That's why you're not in charge Meredith.,
4,7,Money (Parts 1&2),2553,Jan,"Well, they both go with the carpet I've ordered, and if you go with the brown leather on the sofas, then they go with that too.",
4,7,Money (Parts 1&2),2553,Jan,A futon's not a sofa.,
4,7,Money (Parts 1&2),2555,Jan,Conniving little runt. Put him through.,
4,7,Money (Parts 1&2),2561,Jan,"So, um, I forgot to tell you that I need the car tonight.",
4,7,Money (Parts 1&2),2561,Jan,"Why? Improv? Why don't you just pretend you have a car? Good practice, incase you ever do a scene where you need to pretend you have a car?",
4,7,Money (Parts 1&2),2563,Angela,What about my cherub figurine?,
4,7,Money (Parts 1&2),2563,Angela,"No I left it on my night table--- your night table, by the lamp.",
4,7,Money (Parts 1&2),2586,Jan,"You drive, I had too much wine.",
4,7,Money (Parts 1&2),2590,Toby,"It was Ryan wanted Michael, the subject, to explain the computer system, the object.",
4,7,Money (Parts 1&2),2590,Toby,"To whomever, meaning us, the indirect object. Which is the correct usage of the word.",
4,7,Money (Parts 1&2),2608,Oscar,"Hey, I just wanted you to know that you can't just say the word bankruptcy and expect anything to happen.",
4,7,Money (Parts 1&2),2611,Oscar,"Okay, the green bar is what you spend every month on stuff you need, like a car and a house.",
4,7,Money (Parts 1&2),2611,Oscar,"The red bar is what you spend on non-essentials, like magazines, entertainment, things like that.",
4,7,Money (Parts 1&2),2611,Oscar,"This scary black bar is what you spend on things that no one ever, ever needs, like multiple magic sets, professional bass fishing equipment.",
4,7,Money (Parts 1&2),2617,Oscar,"So due to Michael's clever financial maneuvering, he finds himself tremendously in debt.",
4,7,Money (Parts 1&2),2617,Jan," Michael, how did this happen? Where did all your money go? I don't, I don't get this. I really don't. I don't know how you could be so irresponsible. I mean, this is, it is astounding to me, really. I don't know what more to say.",
4,7,Money (Parts 1&2),2617,Jan," Well, is he coming right back?",
4,7,Money (Parts 1&2),2619,Angela," You may ask me out to dinner. Nothing fancy or foreign, no bars, no patios, no vegetables, and no seafood.",
4,7,Money (Parts 1&2),2626,Jan,"Well, why are you sitting on a train? Where are you going?",
4,7,Money (Parts 1&2),2626,Jan,What does that mean?,
4,7,Money (Parts 1&2),2626,Jan,"Michael, come on. Running away from your problems won't solve anything. You know that.",
4,7,Money (Parts 1&2),2626,Jan,"Your creditors can follow you anywhere with ease. Your debt follows you around the world, electronically.",
4,7,Money (Parts 1&2),2626,Jan,"Uh, Michael, come on, come on, you can deal with this. It's not that bad.",
4,7,Money (Parts 1&2),2626,Jan,"Well, when my life fell apart and they, and they screwed me in New York, and I felt like my whole world was collapsing around me, I didn't have anyone. I mean, my whole family still won't even talk to me, on the advice of counsel, and my friends were just waiting for this to happen.",
4,7,Money (Parts 1&2),2626,Jan,"Michael, no, what I want to say is you were there for me. By my side. Without even a thought. That's just who you are. I mean, no matter how badly I treat you, or what I'm going through, you just, you are there for me. And that is a guy worth staying beside. So, where's this train taking us?",
4,7,Money (Parts 1&2),2628,Jan,I'm keeping them. I know you like them. They're kind of uncomfortable though.,
4,7,Money (Parts 1&2),2628,Jan,It's kind of painful and my nipples are over-sensitive now.,
4,9,Local Ad,2645,Oscar,When I was younger I always wanted to be an actor in commercials. Then I realized I had a brain.,
4,10,Branch Wars,2680,Oscar,"Besides having s*x with men, I would say that the Finer Things Club is the gayest thing about me.",
4,10,Branch Wars,2691,Oscar,Can you imagine a life where all you have to do is summer in the Italian countryside?,
4,10,Branch Wars,2693,Toby,"Alright, just know that you're not in the Finer Things Club.",
4,10,Branch Wars,2695,Oscar,"And George, his- his youthfulness. His, um, freedom.  Evokes, um, um, feeling, um, to the, um... What are you microwaving!?",
4,10,Branch Wars,2707,Toby,What was fun about it for you? Was it the death of the twins?,
4,11,Survivor Man,2708,Toby,"I really didn't think I was going to have a good time, but I did. Totally did.",
4,11,Survivor Man,2710,Toby,"Under the stars. It was really beautiful, you should come.",
4,11,Survivor Man,2712,Toby,"Me, Dan from Buffalo, Mark Chisholm, Jeff from Albany and Ryan, obviously. Made so many s'mores, that I finally had to say, ""No more s'mores, no more s'mores."" ",
4,11,Survivor Man,2713,Toby,"Ryan invited me to go on his wilderness adventure retreat. It was this amazing, beautiful experience ",
4,11,Survivor Man,2725,Angela,It's birthday month. Creed's is today. Oscar's is week after next. Meredith's is at the end of the month.  Michael usually goes with red and white streamers...,
4,11,Survivor Man,2737,Oscar," ""Let's be honest, as fun as birthdays are we could all use a break from the constant cake, so let's celebrate birthday month in style today."" This is really cool.",
4,11,Survivor Man,2737,Oscar,"No, totally, totally. This way we get it all out of the way at once and it could actually be fun.",
4,11,Survivor Man,2756,Toby,"Hey, I just got the word on the communal birthdays. Great idea.",
4,11,Survivor Man,2756,Toby,"Well, it... there was. But Michael scheduled it for 4:58 on a Friday. You know, people sang in the parking lot.",
4,11,Survivor Man,2756,Toby,"I don't know, I just thought you could include me.",
4,11,Survivor Man,2756,Toby,I just though you could add me. I don't see the harm in that.,
4,11,Survivor Man,2758,Angela,"No. No way. I am not a machine, Jim. You can't just change plans willy nilly and expect these little magic party elves to do your bidding. We already have devils food, peach cobbler, Fudgie the Whale, mushroom caps.",
4,11,Survivor Man,2758,Toby,I'm allergic to mushrooms.,
4,12,The Deposition,2769,Jan,"I don't know, it's just, ugh, I never felt welcomed there, you know? It's such a...boys club.",
4,12,The Deposition,2769,Jan,And they displayed a pattern of disrespect and inappropriate behavior.,
4,12,The Deposition,2769,Jan,"Um, no, I want it up. My hair.",
4,12,The Deposition,2769,Jan,"Remember, it isn't just a pattern, It's a pattern of disrespect, and inappropriate behavior.",
4,12,The Deposition,2769,Jan,"Uh, come on Micheal, that's tacky.",
4,12,The Deposition,2769,Jan,"Stop saying ridiculous things. He's just gonna tell the truth, the truth is-is very...you know, complicated, so we went over it carefully, and-and just so we wouldn't leave anything up to chance or Michael's judgment.",
4,12,The Deposition,2769,Jan,"Michael, I told you, I am not putting the top down.",
4,12,The Deposition,2782,Toby,"Michael, I'm your HR Rep. I'm on your side.",
4,12,The Deposition,2782,Jan,"Michael, just relax, okay?",
4,12,The Deposition,2784,Jan,People underestimate Michael. There are plenty of things that he is well above average at. Like ice skating. He is a very good ice skater.,
4,12,The Deposition,2786,Jan,"Okay, if I may, he was just telling a joke before, so can we move on to another question?",
4,12,The Deposition,2794,Toby," ...You know, I, uh, I know a little about what you're going through in a way. Um, when I was a kid, my parents got divorced. They both wanted custody, and they both asked me to testify against the other one in court. So, I don't know, I didn't want them getting divorced in the first place you know? I loved them both so much. I just wanted... ",
4,12,The Deposition,2795,Jan,"I had to, I'm sorry but I need to win this. We need to win this.",
4,12,The Deposition,2795,Jan,You keep it under my side of the mattress.,
4,12,The Deposition,2795,Jan,"Alright, I stole your diary and gave it to my lawyer. You emailed a topless photo of me to everyone in our company. Let's call it even.",
4,12,The Deposition,2798,Jan,"Michael, I am not the enemy, OK? Dunder Mifflin is the enemy.",
4,12,The Deposition,2798,Jan,"Alright, wait. Before you go any further, let me show you what kind of loyalty they have, OK? Lester, please read that part of Wallace's deposition.",
4,12,The Deposition,2802,Jan,That was my cheap suggestion. Chinese was my cheap suggestion.,
4,13,Dinner Party,2807,Jan,Chilly huh? So glad we finally got to do this with you guys. You wanna take their coats babe?,
4,13,Dinner Party,2807,Jan,"Oh well Pam, thank you, this will be great to cook with.",
4,13,Dinner Party,2807,Jan,"So what do you guys think, should we do the tour first or the appetizers first?",
4,13,Dinner Party,2807,Jan,Do you have a preference babe? Upstairs first?,
4,13,Dinner Party,2807,Jan,"Alright, well, let's go then, I say upstairs.",
4,13,Dinner Party,2807,Jan,"Yeah, so sorry about this God-awful carpet, we're still a work in progress here.",
4,13,Dinner Party,2808,Jan,"I do, I cannot create in the same space I conduct business, I'm sure that you're the same with your doodles.  Smell.",
4,13,Dinner Party,2808,Jan,"When I get frustrated, or irritated or... angry, I come up here and I just smell all my candles and it just -poof- goes away.",
4,13,Dinner Party,2808,Jan,"So this is the master bedroom, and these walls used to like white, like an asylum. So I wanted it to be softer, So I had it painted in eggshell white.",
4,13,Dinner Party,2808,Jan, Babe I thought you said you were going to tidy things up.,
4,13,Dinner Party,2809,Jan,"It was between the neon beer sign and the Dundies so I said ""Honey keep the trophies.""",
4,13,Dinner Party,2809,Jan,How 'bout we do the short tour and then I'll start dinner?,
4,13,Dinner Party,2809,Jan,"Oh no no no, it's just the osso buco needs to braise for about three hours, everything else is done.",
4,13,Dinner Party,2809,Jan,"You know Pam, in Spain they often don't start eating until midnight.",
4,13,Dinner Party,2809,Jan,"Do you have a preference, upstairs first?",
4,13,Dinner Party,2810,Jan,"So music, should we turn some music?",
4,13,Dinner Party,2810,Jan,Do you guys remember my old assistant Hunter? He is an excellent songwriter.,
4,13,Dinner Party,2810,Jan,Well I think he's probably just about as reliable as Pam being that it usually takes you an afternoon to get back to me.,
4,13,Dinner Party,2810,Angela,Sometimes I think she holds on to faxes.,
4,13,Dinner Party,2812,Jan,"Babe can you just like really, woah, could you just simmer down?",
4,13,Dinner Party,2812,Jan,I was watching Jim.,
4,13,Dinner Party,2814,Jan,"No no no, no names, no names, no rhyming, no soundalikes.",
4,13,Dinner Party,2815,Jan," I'm so, so sorry for the temperature in here. The um, sliding glass door shattered. It's actually a really cute story. Do you wanna tell it babe or should I tell it?",
4,13,Dinner Party,2815,Jan,"Come on, it's a cute story, Michael ran through the sliding glass doors because he thought he heard the ice cream truck!",
4,13,Dinner Party,2815,Jan,"You are so right, you're so right because before I lived here, the glass was always covered in smudges, and then I moved in and I cleaned it so I guess that makes me the Devil.",
4,13,Dinner Party,2815,Jan,"I will get it, I will get it, what kind of hostess would I be if I didn't get. It's okay, I don't mind. In fact you know what, girl's trip, Angela come on. Girl's trip.",
4,13,Dinner Party,2816,Jan,"You should see our bathroom after Michael takes a bath, whew. But I don't have to tell you Pam.",
4,13,Dinner Party,2816,Jan,Oh well don't tell me that he's really changed since you guys dated.,
4,13,Dinner Party,2816,Jan,"Well, Michael told me a little bit about it, but I see the way you look at him.",
4,13,Dinner Party,2818,Jan,"Fine, whatever you want, just like always, whatever you want.",
4,13,Dinner Party,2818,Jan,We saw Wicked.,
4,13,Dinner Party,2818,Jan,"I am so sorry that I don't want to bring kids into this screwed-up world, okay? But look if you want to have kids, then fine you win. Let's have a ing kid.",
4,13,Dinner Party,2818,Jan,I hate my life.,
4,13,Dinner Party,2819,Angela,The thought of popping one of your beets into my mouth makes me want to vomit.,
4,13,Dinner Party,2821,Jan, Can you not do that? It's disgusting.,
4,13,Dinner Party,2821,Jan,How about we take the beer sign down until our guests leave and then we can discuss it.,
4,13,Dinner Party,2821,Jan,At least he's an artist.,
4,13,Dinner Party,2821,Jan, AND I'M A CANDLEMAKER BUT YOU DON'T HEAR ME BRAGGING ABOUT IT!,
4,13,Dinner Party,2821,Jan,FOR AN INVESTMENT OPPORTUNITY!,
4,13,Dinner Party,2821,Jan,YOU BURN IT. YOU BUY IT!,
4,13,Dinner Party,2821,Jan,AND YOU'RE HARDLY MY FIRST!,
4,14,Chair Model,2826,Oscar,Been here nine years. Now all of a sudden I'm supposed to park half a mile away.,
4,15,Night Out,2889,Toby,"When I put it in I thought it would be a waste of time, but I guess it was worth it.",
4,15,Night Out,2891,Oscar,We should all make sure to give him a big tip this Christmas.,
4,15,Night Out,2891,Toby,"Sorry guys, but I don't think I tipped him for last year's.",
4,15,Night Out,2895,Toby,"Hey, look what I found in the back.  Wanna play? Teach you to throw.",
4,15,Night Out,2903,Toby,"More like ""Everyone let's get your boss laid Saturday.""   I have an announcement uh, to make. I am moving to Costa Rica. Thought about it for a long time now. And I'm finally gonna do it. So, I'm just gonna hop the fence and jog home now. ",
4,15,Night Out,2905,Oscar,Why are you assuming they only speak Spanish?,
4,15,Night Out,2905,Oscar," Good evening, we locked ourselves in.  Nosotros trabajamos aqui, nos trancamos, OK?",
4,16,Did I Stutter?,2917,Toby,"Uh, I really think that you need to address what happened with Stanley this morning...",
4,16,Did I Stutter?,2917,Toby,"Well, you know, Stanley was openly insubordinate.",
4,16,Did I Stutter?,2917,Toby,He didn't seem like he was joking.,
4,16,Did I Stutter?,2917,Toby,"Alright... Well, um, if you really believe that Stanley was joking...",
4,16,Did I Stutter?,2917,Toby,"You know, Michael, sometimes my daughter's stomach hurts when there's a mean girl at school...",
4,16,Did I Stutter?,2927,Toby,"I'd say all the goofing around at Pam's desk, and, and hanging out with Pam, has finally caught up to him... w-with Pam",
4,16,Did I Stutter?,2932,Toby,"Well, you can actually fire him.",
4,18,"Goodbye, Toby (Parts 1&2)",2986,Angela,We have a buttercream cake and a slideshow of Toby.,
4,18,"Goodbye, Toby (Parts 1&2)",2986,Angela,"You always do this! We have a nice, modest party planned, and then you come in and demand the world. Let me be clear. There is simply no money for anything other than a cake and to develop a few more slides... although Toby won't be in them.",
4,18,"Goodbye, Toby (Parts 1&2)",2988,Angela,"No! No! You know what? This is not a party-planning committee anymore! And I don't want your foot money, and I feel uncomfortable participating.",
4,18,"Goodbye, Toby (Parts 1&2)",2990,Toby,"As part of my last day I'm training the new Human Resources rep in the ways of the company. Again, the company has allotted for this training-one day.",
4,18,"Goodbye, Toby (Parts 1&2)",2991,Toby,So this is H.R. This is your desk.,
4,18,"Goodbye, Toby (Parts 1&2)",2996,Toby,I'd like to introduce you to my replacement.,
4,18,"Goodbye, Toby (Parts 1&2)",3003,Toby,"I love it. I love it... I would love a picture of the two of us, to also take to Costa Rica.",
4,18,"Goodbye, Toby (Parts 1&2)",3003,Toby,"No, uh...  Does anyone have a camera here?  No one has a camera here. Uh...",
4,18,"Goodbye, Toby (Parts 1&2)",3014,Toby,"Well, we still have to do the exit interview.",
4,18,"Goodbye, Toby (Parts 1&2)",3017,Toby,"I made it this far, right? What's the point?",
4,18,"Goodbye, Toby (Parts 1&2)",3018,Toby," ""Suck on this.""",
4,18,"Goodbye, Toby (Parts 1&2)",3018,Toby,"Thanks, I'm gonna set it to Costa Rica time.",
4,18,"Goodbye, Toby (Parts 1&2)",3019,Oscar,"Well this is what happened: uh, Ryan's big project was the website... which wasn't doing so well. So Ryan, to give the impression of sales, recorded them twice: once as office sales, once as website sales. Which is what we refer to in the business as ""misleading the shareholders."" Another good term is ""fraud."" The real crime, I think, was the beard.",
4,18,"Goodbye, Toby (Parts 1&2)",3023,Toby,"I normally do nothing, I guess. No, you shouldn't- ",
4,18,"Goodbye, Toby (Parts 1&2)",3041,Jan,"... we were together. That's true. And-but, you... are not... uh, you're not the dad.",
4,18,"Goodbye, Toby (Parts 1&2)",3041,Jan,"...Not to. No, I did not. I did not cheat on you. I did not.",
4,18,"Goodbye, Toby (Parts 1&2)",3041,Jan,I went to a sperm bank.,
4,18,"Goodbye, Toby (Parts 1&2)",3041,Jan,"No, no no... it's not just any sperm bank. I mean, it's really... this is a really, really great place. It's amazing, actually. I'm gonna bring you the catalogue. You should look through it. It's... and it's-in fact, it's right next to that little breakfast place that you like in the city where you can draw on the tables.",
4,18,"Goodbye, Toby (Parts 1&2)",3042,Jan,"If I was 22, and I had lots of time to have lots of children, then sure, let's let Michael have a shot at one of 'em. But, honestly, I need to make this one count.",
4,18,"Goodbye, Toby (Parts 1&2)",3043,Jan,"Oh, that's really good. I feel so much better. I just needed to get all that out onto the table.",
4,18,"Goodbye, Toby (Parts 1&2)",3043,Jan,"Look, I don't know what you're gonna be doing tomorrow, but I have my Lamaze class in Allentown, and um... you could come. I usually, you know, use a foam noodle instead of a partner...",
4,18,"Goodbye, Toby (Parts 1&2)",3052,Toby,"Hey. Hey, you know, I just realized uh, I don't have a picture of the two of us.",
5,1,Weight Loss (Parts 1&2),3088,Jan,I need you to make me 100 copies of this on canary yellow.,
5,1,Weight Loss (Parts 1&2),3088,Jan,"Oh, great. Yeah, Serenity by Jan is kicking ass and taking names. You remember last week when that girl went missing? Guess whose candles they used for the vigil?",
5,1,Weight Loss (Parts 1&2),3092,Angela,"Listen, dummy! It's not that hard. All you have to do is take the numbers from the sales report and type them into a master spreadsheet. A G.D. monkey could do it. I do not understand why you can't do it.",
5,1,Weight Loss (Parts 1&2),3095,Angela,"I have a nice comforter and several cozy pillows. I usually read a chapter of a book, and it's lights out by 8:30. That's how I sleep at night!",
5,1,Weight Loss (Parts 1&2),3105,Angela,No. My doctor wants me to gain weight.,
5,1,Weight Loss (Parts 1&2),3138,Oscar,Because it's your making-fun-of-fat-people character.,
5,1,Weight Loss (Parts 1&2),3138,Oscar,"I think of him as more like... a monster? What about, ""I say, I say, I say, I'll sit on you!""",
5,1,Weight Loss (Parts 1&2),3150,Angela,I hate to even ask because you have been so accommodating about all the wedding stuff.,
5,1,Weight Loss (Parts 1&2),3150,Angela,"Is there any way our first dance can be to my favorite song, The Little Drummer Boy?",
5,1,Weight Loss (Parts 1&2),3154,Toby," Oh, I went zip lining my third day in Costa Rica. I guess the harness wasn't strapped in exactly right. I broke my neck. And, I've been in the hospital five weeks now. I still haven't seen the beach. It's nice to have visitors.",
5,3,Business Ethics,3160,Oscar,That isn't ethics. Ethics is a real discussion of the competing conceptions of the good. This is just the corporate anti-shoplifting rules.,
5,3,Business Ethics,3160,Oscar,"Ok, once in a while I'll take a long lunch.",
5,3,Business Ethics,3160,Angela,"I once reported Oscar to the INS. Turns out he's clean, but I'm glad I did it.",
5,4,Baby Shower,3182,Angela,"Per your instructions, we have the personalized M&Ms with the baby names. This is your boy bowl, with the name ""Chevy."" And this is the girl bowl, with M&Ms with the name ""Astird.""",
5,4,Baby Shower,3182,Angela,"Michael wrote down ""Astird.""",
5,4,Baby Shower,3184,Oscar,Why do we have to pay money to get a gift for his ex-girlfriend's unborn sperm bank baby?,
5,4,Baby Shower,3190,Jan,This is my baby.,
5,4,Baby Shower,3192,Jan,"Well, um, you know, labor just kind of started very suddenly and-",
5,4,Baby Shower,3192,Jan,"And the birth instructor thought it wasn't a good idea for you to be there, so...",
5,4,Baby Shower,3192,Jan,"OK, you don't have any idea what I've been through, so, let's...",
5,4,Baby Shower,3192,Jan,"I'm sorry, I thought today at the baby shower would be a good time for the two of you to meet.",
5,4,Baby Shower,3192,Jan,"Yes, yes you can. You know, I think, just leave her in the car seat. Yeah.",
5,4,Baby Shower,3194,Jan,"Michael, Michael, Michael, that's... yeah... that's too high. I'll take that.",
5,4,Baby Shower,3197,Jan, Being good isn't always easy / No matter how hard I try / When he started sweet-talking to me / He'd come and tell me everything is all right / He'd kiss and tell me everything is all right / Can I get away again tonight / The only one...,
5,4,Baby Shower,3200,Jan, How well I remember / The look that was in his eyes / Stealing kisses from me on the sly / Taking time to make time / Telling me that he's all mine / Learning from each other's knowing / Looking to see how much we've grown / And the only one...,
5,4,Baby Shower,3204,Jan,"Well, actually, I, uh, I had a tub birth. And it was really, really quite amazing.",
5,4,Baby Shower,3204,Jan,"Yeah, it's a really nice transition from womb to world, you know, kind of like a big womb.",
5,4,Baby Shower,3204,Jan,"Oh, yeah, the afterbirth floats, yeah.",
5,4,Baby Shower,3204,Jan,"Oh no, it's actually really hygienic, Creed.",
5,4,Baby Shower,3204,Jan,And after the birth you get out and deliver the afterbirth. ,
5,4,Baby Shower,3205,Jan,"You're sad about this. I know that, and I wish that I... but... would it help if you held Astrid for just a, a little bit?",
5,4,Baby Shower,3205,Jan,"All right. Um, I'm just going to lie down for a couple of minutes. I'm exhausted, so um. Remind me to talk to you about Astrid's 529. Wake me in twenty.",
5,4,Baby Shower,3208,Angela," That's good. Now, I need you to - I need it to look up here. Get the baby to look up here, ready?",
5,4,Baby Shower,3208,Jan,What are you doing? What's going on? Excuse me.,
5,4,Baby Shower,3208,Jan,You don't flash around a newborn baby. Don't you know that?,
5,4,Baby Shower,3209,Jan,"Michael, I need your help.",
5,4,Baby Shower,3211,Jan,"Oh, no, Michael, you know what? I really have to go.",
5,4,Baby Shower,3211,Jan,"You know what, where is the stroller that I came in with?",
5,4,Baby Shower,3211,Jan,"Ah. Thanks, Dwight.",
5,4,Baby Shower,3212,Jan,"OK. You know what? There is, uh, there is one more thing that you can do for me.",
5,4,Baby Shower,3212,Jan,Don't date Holly.,
5,4,Baby Shower,3212,Jan,Thanks for the baby shower. It was great. And I'll see you... soon.,
5,5,Crime Aid,3230,Angela,"Yes, that's correct. I need to cancel checks from 10,001 to 90,000.",
5,5,Crime Aid,3240,Oscar,"So, in order to recoup the value of items we liked, we have to spend more money on things we don't want. Who would ever come to this?",
5,7,Customer Survey,3320,Angela,"OK fine you can have your tent, but only if it's in a field, a hand-plowed field",
5,7,Customer Survey,3320,Angela,There has to be a barn that's old enough that you can see the stars through the roof slats when you lay on your back. And antique tools to look at when you roll over.,
5,7,Customer Survey,3320,Angela,No. But anything within a five- to eight-mile radius is acceptable.,
5,8,Business Trip,3360,Oscar,What do you see in her? Wh -- what do you see in Angela?,
5,8,Business Trip,3360,Oscar,I'd like to know. You should call her and ask her. I'd like to know what's wrong with her.,
5,8,Business Trip,3360,Oscar,"Do it! It's a--- Call her!  Oh my God, don't call her! Don't call her, Andy.  Andy, don't call her!",
5,9,Frame Toby,3373,Angela,"Are you swallowing them whole? You're eating them so fast, are they even touching your tongue?",
5,9,Frame Toby,3382,Oscar," ""To whoever made the microwave mess: the microwave is a shared kitchen appliance. By not cleaning it up you are basically telling whoever follows that their time is less valuable, as they will have to scrub out your disgusting splatter. Sincerely, disappointed.""",
5,9,Frame Toby,3382,Oscar,"The note. So ""holier than thou"".",
5,9,Frame Toby,3383,Toby,"Well that's sweet, I missed you guys too.",
5,9,Frame Toby,3383,Toby,"Well, um, it was amazing. It really was, thanks for asking. Um the beaches were pristine...",
5,9,Frame Toby,3383,Toby,"...and, yeah, the whole thing was incredibly cathartic.",
5,9,Frame Toby,3383,Toby,It was actually kind of hard to meet people I found.,
5,9,Frame Toby,3383,Toby,"And uh, yeah, plus it was hot.",
5,9,Frame Toby,3383,Toby,"Are you all right, Michael?",
5,9,Frame Toby,3387,Toby,Hey guys that's really inappropriate.,
5,9,Frame Toby,3387,Toby,"I'm not going to punch you, Michael.",
5,9,Frame Toby,3387,Toby,"No, why would I punch you?",
5,9,Frame Toby,3395,Toby,"Hey, what's going on? You don't have my permission to do this.",
5,9,Frame Toby,3395,Toby,"Hey, hey what are- why are you doing this?",
5,9,Frame Toby,3395,Toby,Don't search my stuff.,
5,9,Frame Toby,3395,Toby,I have a reasonable right to privacy.,
5,9,Frame Toby,3395,Toby,That was... I went to Costa Rica for a few months. What is going on?,
5,9,Frame Toby,3395,Toby,That is not mine. I have never seen that before.,
5,9,Frame Toby,3395,Toby,What is going on here?,
5,9,Frame Toby,3395,Toby,"I didn't put caprese salad in my drawer, Michael.",
5,9,Frame Toby,3395,Toby,"You know but the police could have been out there you know, catching real criminals instead of here searching my stuff.",
5,9,Frame Toby,3396,Toby,"Well, I don't see it that way.",
5,10,The Surplus,3402,Oscar,"Alright, well this is the overall budget for this fiscal year along the x-axis...",
5,10,The Surplus,3402,Oscar,You can see clearly on this page that we have a surplus of $4300.,
5,10,The Surplus,3402,Oscar,But we have to spend that by the end of the day or it will be deducted from next year's budget.,
5,10,The Surplus,3402,Oscar,Your mommy and daddy give you ten dollars to open up a lemonade stand. So you go out and you buy cups and you buy lemons and you buy sugar. And now you find out that it only costs you nine dollars.,
5,10,The Surplus,3402,Oscar,"So you can give that dollar back to mommy and daddy, but guess what? Next summer...",
5,10,The Surplus,3402,Oscar,"And you ask them for money, they're gonna give you nine dollars. 'Cause that's what they think it costs to run the stand. So what you want to do is spend that dollar on something now, so that your parents think it costs ten dollars to run the lemonade stand.",
5,10,The Surplus,3402,Oscar,We have to spend that $4300 by the end of the day or it'll be deducted from next year's budget.,
5,10,The Surplus,3403,Oscar,"Now listen, we are a paper company. How can we take pride in our jobs if we have to put our fine paper in this wretched machine?",
5,10,The Surplus,3403,Toby,"We should really have the office's air quality tested. We have radon coming from below, we have asbestos in the ceilings. These are silent killers.",
5,10,The Surplus,3421,Angela,"Dwight, I thought I knew what I wanted. And then, being here with you and the German Mennonite minister... it just all felt right. I made a mistake picking Andy.",
5,10,The Surplus,3424,Oscar,"What's 15% of 200?  Thank you. Everyone, Michael is returning the surplus so he can keep 15% as a bonus.",
5,11,Moroccan Christmas,3437,Angela,I am not going to judge Phyllis for desecrating Christmas. There is one person who will though and Phyllis just stuffed him into a drawer.,
5,11,Moroccan Christmas,3444,Angela,Really Andy? It's Christmas and your singing about nudity and France.,
5,11,Moroccan Christmas,3457,Toby,"Michael, we are only allowed to talk about Meredith's work performance. We can not ask her to stop drinking.",
5,11,Moroccan Christmas,3459,Toby,"Michael, We should contact some experts. You don't know what your doing.",
5,11,Moroccan Christmas,3473,Toby," Hey Sasha, it's daddy. Have you ever heard of this doll , Princess Unicorn?",
5,11,Moroccan Christmas,3473,Toby,"No, No, No. No, I'm just curious if you've heard of it.",
5,11,Moroccan Christmas,3474,Toby,This is great. My ex-wife's going to be so pissed.  For once daddy's gonna be a hero.,
5,11,Moroccan Christmas,3475,Toby,"Hey, I'd like to buy one of your dolls.",
5,11,Moroccan Christmas,3475,Toby,"But I-- I promised my daughter. Darryl, look-- I-- I need the doll, I need the doll. I-- I'm-- I'm begging you. I just-- I need it more than anything in this world. I need this doll. Darryl, man I need this doll.",
5,11,Moroccan Christmas,3475,Toby,I only have $200.,
5,11,Moroccan Christmas,3475,Toby,No. It's even-- it's even better than the one I wanted.,
5,11,Moroccan Christmas,3477,Angela,"I'm not moving the tree. Face it. The only power you have over me is this big secret that I know you're not going to tell. And you want to know how I know that? Because then you won't be able to plan your stupid, tacky parties anymore. So you move the tree.",
5,12,The Duel,3488,Oscar,"That was good... It's just, at the end you weren't saying something that could also apply to the form.",
5,12,The Duel,3496,Angela,"Andy, I'm engaged to you. I mean, we just signed off on our wedding flowers. Would I have said yes to formal chrysanthemums if I didn't want to get married? And, we went through all that stuff with our wedding cake...",
5,12,The Duel,3496,Angela,"I don't know. I mean, we were together, and then he killed sprinkles, and then we stopped, and... I don't know exactly when we started up again.",
5,12,The Duel,3501,Angela,"Andy, we are at a crossroads here. And we can either give in to what people are saying that we're not good together.",
5,12,The Duel,3509,Oscar,The Prius is silent if he keeps it under five miles per hour. He deserves the win.,
5,13,Prince Family Paper,3526,Angela,"Ok, I wasn't going to dignify this discussion by getting involved, but I don't even get the discussion, hot is a temperature people. But Kevin deserves to lose for what he said, so, yes, she's hot, she's hot as heck, she's a female Boris Becker.",
5,13,Prince Family Paper,3531,Oscar,"See that, the obvious symmetry of the face? That's a natural appeal of the scientific standard of coin aphelia, features that are a composite average of many features. Yes, she is attractive, but is not hot.",
5,13,Prince Family Paper,3536,Oscar,"That's the thing about debating, you're just going to get people more entrenched in the view they had in the first place. ",
5,14,Stress Relief (Parts 1&2),3540,Angela,I only weigh 82 pounds! Uh-- save Bandit!  Oh!,
5,14,Stress Relief (Parts 1&2),3580,Oscar,Michael are you serious? You really want us to roast you?,
5,14,Stress Relief (Parts 1&2),3582,Oscar,I consider myself a good person. But I'm gonna try to make him cry.,
5,14,Stress Relief (Parts 1&2),3584,Angela,"If you ever wondered if you were Michael Scott, here's a quiz to help. If you ever put sunblock on a window, you might be Michael Scott. ",
5,14,Stress Relief (Parts 1&2),3585,Angela,I normally don't enjoy making people laugh. ,
5,14,Stress Relief (Parts 1&2),3586,Angela,If you ever called the fire department 'cause your head was stuck in your chair you might be...,
5,14,Stress Relief (Parts 1&2),3597,Oscar,Alright Kevin. Enough with the Michael jokes. I think he got it bad enough yesterday.,
5,17,Lecture Circuit (Part 2),3644,Angela,"I am proud to announce that there is a new addition to the Martin family.  She's hypoallergenic. She doesn't struggle when you try to dress her. She's a third-generation show cat. Her father was in 'Meet the Parents.' Needless to say, she was very, very expensive.",
5,17,Lecture Circuit (Part 2),3644,Angela,He wouldn't have wanted that. Her name is Princess Lady!,
5,17,Lecture Circuit (Part 2),3645,Oscar,You have your cats on Nanny-Cam?,
5,17,Lecture Circuit (Part 2),3645,Angela,"Yeah.  I mean, I usually try to take leave when I get a new cat, but I'm out of vacation days. And this company still doesn't recognize cat maternity. I mean, when somebody has a kid, oh sure, take off a year.",
5,17,Lecture Circuit (Part 2),3645,Angela,Right. Anyways... I just want to make sure Princess Lady is acclimating well. She means more to me than anyone.,
5,17,Lecture Circuit (Part 2),3654,Angela,"Stop it, Mr. Ash! Bad cat! That is very bad! You stop it right now! I swear, he is fixed.",
5,17,Lecture Circuit (Part 2),3654,Angela,"No, now listen. You can't let what you see here, sully your image of them. They are good, decent cats.  I gotta go. I'll be back in an hour. Oh, stop that! Oh!",
5,17,Lecture Circuit (Part 2),3658,Angela," Where is that bad cat? Oh, you know who you are. Excuse me, Petals, I'm looking for Mr. Ash. He's a bad cat. Bad, bad cat. Do you hear me? Bad. Yeah, you were bad. No, you look at me when I talk to you. Do you hear me, Mr. Ash? You look at me. 'Cause I'm talking to you right now.",
5,17,Lecture Circuit (Part 2),3660,Oscar,"I want to get that image out of my head. The psychological issues that go behind licking a cat, are not things I want to go into. Also, I'm pretty sure she coughed up a hairball.",
5,18,Blood Drive,3688,Oscar,Do you risk telling him how you feel? Do you say something that you can barely admit to yourself?,
5,18,Blood Drive,3688,Angela,"Oh God, what did you do? I mean, not that I approve of any of it but...",
5,18,Blood Drive,3688,Angela,My worst breakup was actually two breakups. Two different men. I was in love with both of them and when things went bad they had a duel over me.,
5,18,Blood Drive,3688,Angela,"No, this was years ago when I was living in Ohio. John Mark and John David.",
5,18,Blood Drive,3688,Oscar,"Angela, you had two sets of different men actually duel over you?",
5,18,Blood Drive,3688,Oscar,"He made non-refundable deposits on his honeymoons, so he's just knocking them off one at a time. I think today he's hot air ballooning and later he's got a couple's massage.",
5,18,Blood Drive,3697,Oscar,Why do you always go to that? Has anyone ever been after anyone in this office?,
5,19,Golden Ticket,3715,Oscar,They're our largest client.,
5,19,Golden Ticket,3721,Oscar,"Michael, what do you think shutting down a branch is?",
5,19,Golden Ticket,3730,Oscar,These aren't announcements.,
5,20,New Boss,3747,Angela,"Really? I don't see it. I mean, he's ok, he's not unattractive, it's. . .",
5,20,New Boss,3772,Angela," Charles and Kelly? Absolutely not. He is a sophisticated man. He does not need to go dumpster-diving for companionship, ok?",
5,21,Two Weeks,3776,Angela,"Well, wouldn't it feel good to tell him that he was incompetent?",
5,21,Two Weeks,3777,Oscar,I love a good quitting story. It makes me feel like I have control over my own life. Gives me hope. Maybe I will have one of own someday.  But I dream... so...,
5,21,Two Weeks,3799,Angela,"I'm sorry, I didn't realize you were with anyone. I just wanted to bring you the brochure on that accounting seminar that I was telling you about. Earlier.",
5,21,Two Weeks,3799,Angela,"Okay, um, actually you know it was so much fun last year. There was a Sunday-bar. I mean I didn't have any, you know, to stay trim.",
5,21,Two Weeks,3805,Oscar,"Do you have a business plan? A funding request? Market research, financials?",
5,21,Two Weeks,3805,Oscar,"You need those things. Most new businesses, they don't make a profit till at least two years. And then your margins will be razor thin. Best case scenario, you don't cut yourself a salary for at least 5 years. Can you go 5 years without a salary, Michael?",
5,21,Two Weeks,3814,Oscar,"And just like that. As mysteriously as he arrived, he was gone. ",
5,21,Two Weeks,3816,Toby,"Michael is like a movie on a plane. You know, it's not great, but it's something to watch. And when it's over you're like... how much time is left on this flight? Now what?",
5,23,The Michael Scott Paper Company,3876,Toby,"Not much? What's up with you?  Nah it's okay. I'm in the bathroom. Hey you been watching Damages this year? It's so good. No, you gotta tune in, it's as good as anything on HBO.  Hey does blue go with tan?",
5,23,The Michael Scott Paper Company,3876,Toby,"I have like, like a blue shirt? I don't wear a lot of colors, I have a lot of tan. Uh huh.",
5,23,The Michael Scott Paper Company,3881,Oscar,I don't know but it sounds like the rundown is really important.,
5,25,Broke,3947,Angela,"Charles, I got your memo. Thank you. I want you to know I'm putting my foot down when it comes to expense reports. Waste not, want not.",
5,26,Casual Friday,3977,Angela,The man is wearing sandals. I don't need to see Oscar's toes at work. Gross! I mean he looks like he just got off the boat.,
5,26,Casual Friday,3977,Toby,Can't you just not look at his feet?,
5,26,Casual Friday,3977,Angela,"Excuse me? Oh. You're so educated, aren't you Toby? So trained to deal with a hysterical woman. I don't want to look at his feet.  Do your job!",
5,26,Casual Friday,3978,Toby,"Well, I was in the Seminary for a year and dropped out 'cause I wanted to have s*x with this girl, Cathy. Followed her to Scranton. Took the first job I could find in H.R. Later she divorced me. So no, I wouldn't say I have a passion for H.R.",
5,26,Casual Friday,3982,Oscar,"I'm sorry you're offended by my shoes, but I am not going to drive home to change.",
5,26,Casual Friday,3982,Toby,I could loan you a pair of socks.,
5,26,Casual Friday,3982,Toby,"No, they're clean. I was going to wear them to volleyball practice later.",
5,26,Casual Friday,3982,Oscar,I don't think so.,
5,26,Casual Friday,3990,Toby,"Hey, Meredith. Can I talk to you privately for a second?",
5,26,Casual Friday,3990,Toby,You--you might consider pulling it down a touch. It's ri--it's riding up a little high.,
5,26,Casual Friday,3990,Oscar,"Meredith, your boob is out.",
5,26,Casual Friday,3990,Angela,"Meredith, too far!",
5,26,Casual Friday,4002,Toby,"All right, look, what you gotta understand is that when you come to work, you give up certain rights.",
5,26,Casual Friday,4002,Toby,"All right, come. Sit down, Dwight.",
5,26,Casual Friday,4002,Toby,I'm running this meeting.,
5,26,Casual Friday,4002,Toby,It's not. It's not. Sit down or I am writing you up.,
5,26,Casual Friday,4002,Toby,Casual Fridays are cancelled.  Let's just not do it anymore.,
5,26,Casual Friday,4002,Toby,"There's not a single appropriate outfit in this whole--except mine, quite honestly.",
5,27,Cafe Disco,4013,Angela,No. I don't want to stay late to have a two hour lunch.,
5,27,Cafe Disco,4021,Oscar,Please don't refer to yourself as our daddy.,
5,27,Cafe Disco,4021,Oscar,Is this our punishment for not wanting to have lunch with you?,
5,27,Cafe Disco,4022,Angela,"Oh, my God, Kevin. I am still on hold. You were supposed to get the answer from Michael and come back up.",
5,27,Cafe Disco,4022,Angela,"Oh, for goodness sakes, Kevin. There's no cookie. There's no cookie. Come on. Come.",
5,27,Cafe Disco,4027,Angela,Can you please go back to work instead of masterminding these situations were in we hurt ourselves?,
5,27,Cafe Disco,4037,Angela,"Look, I hate to be ""that"" person but I just don't like the general spirit of music.",
5,27,Cafe Disco,4041,Angela,You are forcing me to be down here. Am I not allowed to have some fun?,
5,28,Company Picnic,4075,Toby,"Ah, this reminds me of the HR convention last fall.",
5,28,Company Picnic,4081,Oscar,Dwight's right. Corporate deserves to get its ass kicked.,
5,28,Company Picnic,4082,Angela,"Kevin! Now it's seven-six, or is that too much accounting for you?",
6,1,Gossip,4094,Oscar,"I bet there's something there. I was with them in the kitchen yesterday, and they were all too happy to be cleaning the freezer.",
6,1,Gossip,4111,Oscar,Are you attracted to other men?,
6,1,Gossip,4111,Oscar,"If you resisted Brad Pitt a little bit, he would still... need to get to you?",
6,1,Gossip,4111,Oscar,Wow. I wish... I wish I could help you. I don't... you might be gay. You might be gay.,
6,1,Gossip,4111,Oscar,What exactly is my responsibility here? To comfort insecure heterosexual men? That can't possibly fall to me.,
6,1,Gossip,4113,Angela, Did you know a baby conceived out of wedlock is still a b*st*rd?,
6,1,Gossip,4115,Oscar, What? You think I'm the voice of the Taco Bell dog?,
6,1,Gossip,4115,Toby, What are you guys talking about? I have a daughter. How can I be a virgin?,
6,1,Gossip,4117,Oscar,"Michael, why? Why say all these things? Why make up an eating disorder, Stanley's affair, me being a spokesdog...",
6,2,The Meeting,4122,Oscar,"I'm sure everything will be fine.  What do you? What's the procedure, if you don't mind my asking?",
6,2,The Meeting,4126,Toby,And that's how you broke your ankle?,
6,2,The Meeting,4126,Toby,I will send this off to corporate. Make sure you hold on to your medical bills. Feel better.,
6,2,The Meeting,4126,Toby,A guy on my street fell off a ladder painting his house. It was on the news.,
6,2,The Meeting,4126,Toby,That's not a very good Darryl.,
6,2,The Meeting,4127,Toby,"Well, we did a little investigation and Dwight had a good point. The ladder didn't reach the top shelf. I don't know if I believe it, but I am a fan of the hardboiled detective novel.  I'll punch you in da mush, see.",
6,2,The Meeting,4139,Toby,"Wow, I'd love to take a look at that.",
6,2,The Meeting,4139,Toby,"Well, you know, 'cause of the trains.",
6,2,The Meeting,4139,Toby,Get over there! Get over there!,
6,2,The Meeting,4139,Toby,"I can't believe this.  Hey you, ass****!",
6,2,The Meeting,4139,Toby,You gonna eat all that dog food yourself?,
6,2,The Meeting,4149,Toby,"Hey Darryl, look ahhh, we're here to apologize ahh...",
6,2,The Meeting,4149,Toby,"Well, I don't think there's any reason to check 'em but I suppose if we wanted to be really certain...",
6,2,The Meeting,4149,Toby,"Ahhh, kay. Look, we could all file complaints against each other and just drown in a sea of paperwork, but you know, we can just move on with our... with our lives.",
6,2,The Meeting,4150,Toby,So Dwight and Darryl came to an agreement that both would file complaints with corporate and now I get to do all this paperwork. We worked it out.,
6,3,The Promotion,4162,Oscar,"Look, it doesn't take a genius to know that any organization thrives when it has two leaders. Go ahead, name a country that doesn't have two presidents. A boat that sets sail without two captains. Where would Catholicism be without the popes?",
6,3,The Promotion,4175,Angela,"But, I do not understand. If we're such smart adults, then why don't we get raises?",
6,3,The Promotion,4175,Oscar,"Excellent question, genius. It's because Jim wants to give the raises to his friends and the people he sleeps with.",
6,3,The Promotion,4175,Oscar,"Hold on, Kelly. Would it help you to know that Jim thinks you're smart?",
6,3,The Promotion,4175,Oscar,"We would just like to know what's happening. Are we getting a raise, yes or no?",
6,4,Niagara (Parts 1&2),4192,Angela,Decent people everywhere will get offended.,
6,4,Niagara (Parts 1&2),4192,Angela,"Well, you're lucky you have a grandmother. Some of us have to be our own grandmothers.",
6,4,Niagara (Parts 1&2),4204,Toby,"Michael, I have one extra twin bed, if you want.",
6,4,Niagara (Parts 1&2),4209,Oscar,You thought I was dating this? What the hell is wrong with you?,
6,4,Niagara (Parts 1&2),4224,Angela,And where do you think you're going?,
6,4,Niagara (Parts 1&2),4224,Angela,"Well, why don't I just save you some time and kick you in the stomach instead?",
6,4,Niagara (Parts 1&2),4226,Oscar,It's not a good idea. There's no such thing as a good hairpiece.,
6,4,Niagara (Parts 1&2),4254,Angela,Relax. You'll get your shot at Jim. Those two treat the whole office like a 1970's key party.,
6,4,Niagara (Parts 1&2),4256,Oscar,"Guys, maybe we should wait a little more time before we start grabbing boxes.",
6,4,Niagara (Parts 1&2),4257,Toby,Well I guess this weddings not going to happen. I wonder if this is it for them. ,
6,6,Mafia,4263,Toby,"Well the ""fun"" is in it. ",
6,6,Mafia,4270,Oscar,"Hey guys, I drive a SUV, does that mean I'm in the mob?",
6,6,Mafia,4270,Oscar,"For the record, not all Italian-Americans are in the Mafia.",
6,6,Mafia,4271,Oscar,"Pam and Jim are on their honeymoon. So there's not the usual balance between ""sane and others."" Toby has mentally checked out since June. It's a very dangerous time. The ""coalition for reason"" is extremely weak.",
6,6,Mafia,4273,Oscar,"No, what are you talking about, what mobster would change his name from Gotti to Grotti. It weakens it.",
6,6,Mafia,4274,Oscar,Jim? It's Oscar. I'm so sorry to be calling you on your honeymoon.,
6,6,Mafia,4274,Oscar,"It's Michael, he thinks he's being shaken down by the mob. I don't know how you usually handle this.",
6,6,Mafia,4287,Oscar,"Accounting-wise, no. But phone-wise, just call up and cancel it.",
6,6,Mafia,4292,Oscar,"Just to be clear, he backed down an insurance agent from Mutual of Harrisburg.",
6,7,The Lover,4313,Angela,Thank you. Sure well first of all I think that we could totally...,
6,7,The Lover,4313,Angela,"I'm sorry, I was told I had the floor.",
6,7,The Lover,4313,Oscar,"Hold on, hold on, what's going on?",
6,7,The Lover,4313,Oscar,You have no sense of boundaries Michael.,
6,7,The Lover,4313,Oscar,"Maybe you're right, who are we to...",
6,7,The Lover,4314,Oscar,"Pam, just for the record, I think you're overreacting a little bit, your mom's old enough to make her own decisions.",
6,7,The Lover,4316,Toby,"Yeah, er... pull up a chair or sit on the shredder.",
6,7,The Lover,4316,Toby,"Ah, you should probably deal with that outside of the work place.",
6,7,The Lover,4316,Toby,Yeah... that's why they pay me the big bucks. ,
6,7,The Lover,4317,Toby,"You know, I always knew if Michael just took the time to get to know me, we'd become friends.",
6,7,The Lover,4318,Toby,"Well, I was hoping that maybe in light of everything that's happened today, it would be a good idea if today, you, me, and Michael could head into the conference room for some conflict resolution.",
6,7,The Lover,4318,Toby,Maybe you could just take the rest of the day off... you know...,
6,8,Koi Pond,4352,Angela,"This sounds ridiculous, I know, but some people say that I eat like a squirrel.",
6,9,Double Date,4371,Angela,"Pam, aren't you going to introduce us to Michael's girlfriend?",
6,9,Double Date,4402,Toby,"Pam, can I talk to you for a second?",
6,9,Double Date,4402,Toby,"I heard about the hit. Just-- make sure it's off company property, right?",
6,9,Double Date,4402,Toby,"Okay, I think we should probably be okay.",
6,9,Double Date,4402,Toby,Okay. And-- the-the power-- comes from the back foot. So its-- its all one motion through the-- body. So you stay a little low and there's a twist. You keep your shoulder down and you kind of throw out the arm.  Pow!,
6,9,Double Date,4403,Oscar,It's not a fight. What other outcome could there be?,
6,10,Murder,4413,Oscar,"I found the article.  ""On a day marked by panicked corporate board meetings, one that is relatively not surprising is Dunder Mifflin's. It is rumored that they will recommend... "" and the article cuts off.",
6,10,Murder,4413,Oscar,"Not necessarily, bankruptcy could mean a lot of things. Maybe they're just restructuring to get out of debt.",
6,10,Murder,4413,Oscar,Or it could mean the end of Dunder Mifflin.,
6,10,Murder,4427,Angela,"Michael, I don't like this game. It's scary.",
6,10,Murder,4427,Angela,"Voodoo Mama Juju, the witch doctor of the Savannah swamps. I'm not comfortable with this. ",
6,10,Murder,4428,Oscar,"It's my blackberry Michael, I am trying to get updates on the company.",
6,10,Murder,4435,Angela,"It's not my fault, I was exposed to Harry Potter.",
6,10,Murder,4439,Oscar,"I just got an email from corporate, specifically for Accounting to stop all payments to our vendors.",
6,10,Murder,4439,Oscar,"Well, maybe nothing but it could mean a problem with liquidity-",
6,10,Murder,4439,Oscar," This plantation, we're running low on greenbacks. We're having problems paying the people who give us the seeds and the dirt. We can't pay...  - Michael, I can't - Basically it could mean a lot of things, but it is unprecedented, so it's cause for concern.",
6,10,Murder,4441,Angela,"Hey everyone, Kevin's going to give us his take on the situation. Let's listen up.",
6,11,Shareholder Meeting,4475,Oscar,The long term problem is bad investments that they need to dump. The short term problem is the company has no cash and there's no where to get it.,
6,11,Shareholder Meeting,4477,Oscar,This is so typical of management to spend money on this. Ugh. Bunch of boobs.,
6,11,Shareholder Meeting,4478,Oscar,"The Dunder Mifflin stock symbol is DMI. Do you know what that stands for? Dummies, morons and idiots. Because that's what you'd have to be to own it. And, as one of those idiots, I believe the board owes me answers.",
6,11,Shareholder Meeting,4486,Oscar,"Can you believe this? The money they spent on this convention hall.  Excuse me, miss. I just want to take the stupid board of directors by their necks. This is so simple.",
6,11,Shareholder Meeting,4486,Oscar,"Oh, what a great idea and lose my job. No thank you.",
6,11,Shareholder Meeting,4493,Oscar,These questions are bush league.,
6,11,Shareholder Meeting,4503,Oscar,"I feel, as does Mr. Scott, that we are in the best of hands. Capable hands.",
6,11,Shareholder Meeting,4503,Oscar,I think this has gone very well and I thank you.,
6,11,Shareholder Meeting,4503,Oscar,"Michael, I didn't ask to come up here.",
6,12,Scott's Tots,4528,Angela,"To my tally, you just won back your own parking spot, a vacation day, and a nice, tidy quarter of $1,000 from all of us.",
6,13,Secret Santa,4567,Toby,"Wow Michael, like this must be obvious how wrong this is.",
6,13,Secret Santa,4567,Toby,"You can't,  Ow. Look, you cannot push religion.",
6,13,Secret Santa,4571,Angela,It's fabric! I really wanted this.,
6,13,Secret Santa,4574,Angela,Are you serious? This is so offensive.,
6,14,The Banker,4599,Toby,"What are, are you doing at my desk?",
6,14,The Banker,4599,Toby,"Come on, Dwight. Get out of here.",
6,14,The Banker,4599,Toby,"Sorry. Hey, Toby Flenderson. Nice to meet you. How can I help?",
6,14,The Banker,4600,Toby,"You know, uh, what does it mean to be happy.  Keep philosophers busy for awhile.",
6,14,The Banker,4602,Toby,I don't know how I'm going to get through this. I don't want to lie and I DON'T want to tell the truth.,
6,14,The Banker,4603,Toby,"Well, Eric's just going over some stuff.",
6,14,The Banker,4603,Toby,"Look, you know, in any company there's going to be certain degrees -",
6,14,The Banker,4606,Toby,"Michael, this is really inappropriate to talk about.",
6,15,Sabre,4630,Toby,Looks like we kicked it. ,
6,16,The Manager and the Salesman,4671,Oscar,Sabre has no caps on commissions. He can make a lot more money in sales.,
6,17,The Delivery (Parts 1&2),4713,Angela,Hey. Uh-uh. I cannot control that. You can't put that in here.,
6,17,The Delivery (Parts 1&2),4715,Oscar,That's fancy feast. Ultra feast is something they made up so they can pig out together in the name of ceremony.,
6,17,The Delivery (Parts 1&2),4718,Oscar,"The hospital provides dictionaries, bring a thesaurus!",
6,17,The Delivery (Parts 1&2),4754,Angela,Have you had a chance to look over the revisions on the contract I've prepared for you?,
6,17,The Delivery (Parts 1&2),4765,Angela,"And now you, two forms of ID, please... Alright, all is in order. I just need your signature... What is it?",
6,19,St. Patrick's Day,4782,Oscar,"In the training manual it says, that there is a minority executive training program in Tallahassee?",
6,19,St. Patrick's Day,4803,Angela,"Yes, I'm anxious to get off work. But let me be clear. It's not to celebrate St Patrick's Day. It's so I can protest St. Patrick's Day.",
6,20,New Leads,4824,Angela,"Oh, how the tables have turned. I see you got my e-mail.",
6,20,New Leads,4824,Angela,I'll give you the leads. But you know what? It's going to cost you some clerical work ,
6,20,New Leads,4824,Angela,"It doesn't matter. Fill them out. All of them. Then when you're done, you can watch me shred them.",
6,20,New Leads,4833,Toby,"If we don't patronise the only Syrian restaurant in town, there'll be nothing left but pan pizzas and make-your-own salads.",
6,20,New Leads,4835,Toby,"Does it have to be pizza? Could go for a, falafel?",
6,22,Secretary's Day,4924,Angela,You think I want people remembering I had sensual relations with Andy? It's the kind of thing you wish you could have annulled. I want to throw up just thinking about it.,
6,22,Secretary's Day,4924,Angela,You are throwing up for the wrong reasons!,
6,22,Secretary's Day,4924,Toby," I don't think this fax is going through. Is there a different... I can just put it through again, you know.",
6,22,Secretary's Day,4927,Toby,"I called Tallahassee. He can ask you not to come in, but he can't dock your pay. That's not legal.",
6,22,Secretary's Day,4927,Toby,"Yeah, I also learned some interesting things about how they structure...",
6,22,Secretary's Day,4929,Oscar,Sounds like they just got to go home with pay.,
6,22,Secretary's Day,4934,Oscar,Why didn't you do Oscar the Grouch?,
6,23,Body Language,4940,Oscar,"Michael's having a hard time with the gender part of Spanish. So I told him to mark everything with the international symbol for gender. And, um...  I should have been more specific.",
6,23,Body Language,4941,Oscar,Your office is full of genitalia.,
6,23,Body Language,4941,Oscar,"""That's what he says?""",
6,23,Body Language,4946,Angela,I knew it. You should see their baby.,
6,23,Body Language,4961,Oscar,I don't see how we could possibly sell these for that little without losing money. Delivery alone will cost...,
6,23,Body Language,4961,Oscar,"Actually, ran the numbers on this, and in this case, it makes more financial sense to gain money.",
6,23,Body Language,4966,Oscar,"Michael, he's right. You are turning into a stalker.",
6,23,Body Language,4974,Oscar,"Dwight, we know Kelly applied. We're not gonna cross her. No matter how good the program is.",
6,23,Body Language,4976,Oscar,"It's not a signal. It's just a coincidence. No, it's not even a coincidence. It's just something that happened.",
6,24,The Cover-Up,4990,Oscar,That seems... quick. Even for lesbians.,
6,25,The Chump,5027,Toby,This here is a radon test kit.  Okay I will be putting 'em everywhere. And... please don't throw these out.  This is a radon test kit.  Please don't throw these out.  See them all over the office.,
6,25,The Chump,5029,Toby,"Come on, Michael. You're interrupting.",
6,25,The Chump,5029,Oscar,All that does is help you shoot around things. What does Bin Laden...,
6,25,The Chump,5029,Angela,Is this the thing where they use an icicle so there's no evidence?,
6,25,The Chump,5029,Toby,I don't wanna do this.,
6,25,The Chump,5034,Angela,"Rather than spend all day in court, we've decided to settle our dispute using a mediator. It was an option spelled out in our childrearing contract.",
6,25,The Chump,5034,Angela,Alleged? I'm going to own your farm by the time this is over.,
6,25,The Chump,5035,Angela,I'm doing it. You know I am. It's disgusting.,
6,25,The Chump,5050,Angela,He has a 60-acre beet farm that is worth a small fortune.,
6,25,The Chump,5052,Angela,"Those lumps are cats, and those cats have names, and those names are Ember, Milky Way, Diane, and Lumpy.",
6,26,Whistleblower,5071,Angela,"Oh, did you see this report that the zoo got a baby otter? It's on the same site!",
6,26,Whistleblower,5078,Oscar,"The lawyers are searching our hard drives for information on the leak. Thanks a lot, Big Brother.",
6,26,Whistleblower,5079,Angela,"Everybody knows it was Andy, and it is not fair for us all to take the fall for his big stupid mouth!",
6,26,Whistleblower,5084,Toby,"Oh, wow, this is, uh, just a mystery novel that I've been working on.",
6,26,Whistleblower,5085,Toby,Write your own damn novel.,
6,26,Whistleblower,5105,Angela,"Okay, well, Nick, we're in a meeting.",
7,1,Nepotism,5113,Angela, I said I didn't want to be on the internet!,
7,1,Nepotism,5133,Toby,"Guys, I think Michael and Luke are related.",
7,1,Nepotism,5133,Oscar,"Michael, that's nepotism. Luke is getting special treatment because he's your nephew.",
7,1,Nepotism,5135,Oscar,This is hypothetical. We're talking about Luke who happens to be terrible.,
7,1,Nepotism,5135,Oscar,"If there's nothing wrong with this, Michael, why have you been keeping it a secret?",
7,1,Nepotism,5135,Oscar,"Ah, my favorite part of an ice cream party. The bagel chips.",
7,1,Nepotism,5138,Angela,I came down here to feed the feral cats like I usually do and I found something unsavory in the back of your nephew's car.,
7,1,Nepotism,5138,Oscar,"Oh sure, those are the expense reports that corporate was waiting for yesterday.",
7,2,Counseling,5155,Toby,"Michael has been assigned six hours of mandatory counseling with a trained professional. I actually have a degree in social work. I mean, I know a lot of people would ask a few standard questions, and check off a few boxes, but I've got a chance to do some good here.",
7,2,Counseling,5156,Toby,We can do this with more privacy.,
7,2,Counseling,5158,Toby,"I'd like you to imagine a place where you feel very peaceful. For me, it's the walk from the yogurt shop to my car after I drop my daughter off on Sunday afternoons.",
7,2,Counseling,5166,Toby,Uh... what was your favorite flavor of...,
7,2,Counseling,5166,Toby,"Ok, I can't count the hour if you don't talk.",
7,2,Counseling,5166,Toby,"Michael, it's up to me to check off the boxes, and I can't do that unless I honestly...",
7,2,Counseling,5167,Toby,I think we might be about to maybe really get somewhere.,
7,2,Counseling,5173,Oscar,Office Administrator. So when did this happen?,
7,2,Counseling,5174,Oscar,Maybe something not so monochromatic. Not so matching.,
7,2,Counseling,5175,Toby,Come on Michael. Those are all fake stories.,
7,2,Counseling,5177,Toby,"You know what Michael? You're right. You win. This is pointless. We're not getting anywhere. I got a bunch of fun stuff, in case my daughter ever comes over. Why don't we just run out the clock by playing games, drawing some pictures, talking?",
7,2,Counseling,5180,Toby,We can play something more complicated if you like.,
7,2,Counseling,5180,Toby,So you have played it before?,
7,2,Counseling,5180,Toby,"So, her husband, your stepdad?",
7,2,Counseling,5180,Toby,Did you guys do much stuff together?,
7,2,Counseling,5183,Toby,Its really sad that your dog ran away. Why did it keep you from going to the park?,
7,2,Counseling,5183,Toby,"It's very important for you to be liked, isn't it?",
7,2,Counseling,5183,Toby,I'm just trying to help you Michael.,
7,2,Counseling,5183,Toby, Just fill them out any way you want.,
7,2,Counseling,5183,Toby,I'll have Erin fax them back to corporate.,
7,2,Counseling,5191,Toby,You filled them in and faxed them yourself!,
7,2,Counseling,5191,Toby,Unless part of you made that mistake on purpose.,
7,3,Andy's Play,5201,Angela,"Listen, I would like you to take me to Andy's play tonight.",
7,3,Andy's Play,5203,Angela,"No. If you want to punch the punch card, you have to take me to the show.",
7,3,Andy's Play,5203,Angela,"Well, there's a lot of gray area in that clause. Do you want to re-mediate?",
7,3,Andy's Play,5204,Angela,"Dwight and I have a contractual agreement to procreate five times, plain and simple. And should he develop feelings for me, well, that would be permissible under item 7C, clause 2, so I would not object. ",
7,3,Andy's Play,5212,Angela, Ugh! There's gum on the seat and now it's on my work skirt. I have to go change.,
7,3,Andy's Play,5215,Angela,These are just my dirty old gardening clothes. They were all that I had in my car.,
7,4,s*x Ed,5248,Oscar,"Andy, the reason it seems more recent is because many of us here have never stood up and asked for everyone's attention, and it seems like you've done it on several occasions.",
7,4,s*x Ed,5252,Jan," ...to accommodate the, uh, suppliers.  Gentlemen! Nice to see you, it'll be just a moment. If you could show them into Conference Room B.  The pharmaceutical aspects should be able to...",
7,4,s*x Ed,5253,Jan,"How do I do it? Raise my daughter, work as director of office purchasing for this hospital and release an album of Dorris Day covers on my own label? If I knew I'd tell you.",
7,4,s*x Ed,5254,Jan,"Yeah I'm really happy. Me and Astrid against the world.  We're loving it, yeah. I'm kind of a supermom.",
7,4,s*x Ed,5254,Jan,Yeah.  Fry it up in a pan. Never never never let you forget...  I love that commercial.,
7,4,s*x Ed,5254,Jan,"Well, Michael, it was nice to get your call.",
7,4,s*x Ed,5254,Jan,Are you gonna keep me in suspense? ,
7,4,s*x Ed,5254,Jan,"No, so what couldn't wait?",
7,4,s*x Ed,5254,Jan,"Michael Scott, you are here for a post mortem.",
7,4,s*x Ed,5254,Jan,"You wanna dig into our relationship, go over it, see what killed it. Ok, I'm in.",
7,4,s*x Ed,5256,Jan,No! In the beginning we were not good.,
7,4,s*x Ed,5256,Jan,Well if there's anything exciting about it it's because we both knew it was wrong!,
7,4,s*x Ed,5256,Jan,"No, ok. Imagine there's a princess, who falls for a guy beneath her station, and the queen doesn't like this at all. And the princess knows that the queen doesn't like it so it just makes her wanna do it all the more just to get at the queen!",
7,4,s*x Ed,5256,Jan,"No I'm the princess, and the queen.",
7,4,s*x Ed,5256,Jan,"You might have learned shapes, or blocks, or clocks, or colors. Or you might have learned that we're all, sisters and brothers.",
7,5,The Sting,5270,Oscar,"I love cycling. Andy, I feel like a tourist in my own city. I literally can't wait to wake up every morning.",
7,5,The Sting,5270,Oscar,"No, Meredith, that's not his actual bicycle, but it is the same exact model he uses.",
7,5,The Sting,5300,Oscar,"It's hard to judge ourselves accurately, isn't it.",
7,6,Costume Contest,5311,Oscar,"So what kind of statement are you making with that costume, Kevin?",
7,6,Costume Contest,5321,Oscar,"Everyone realizes that this coupon book isn't actually worth fifteen thousand dollars, right? You'd have to spend two hundred thousand dollars on crap you don't actually need to get fifteen thousand dollars worth of benefits. I'm not the only one who sees this, right?",
7,6,Costume Contest,5331,Angela,"KELLY! You cannot change costumes in the middle of the day! Pam, she's out.",
7,6,Costume Contest,5331,Oscar,Guys? You're arguing over a one in sixteen chance. Over a prize worth... forty bucks.,
7,6,Costume Contest,5332,Angela,"This is an amazing prize. I mean, I don't even want to give Pam a compliment, because she's so blegh, but she did a good job. I really want that coupon book.",
7,6,Costume Contest,5337,Oscar,I guess you could say I'm still in costume. I'm a rational consumer.,
7,6,Costume Contest,5337,Oscar,Stupid coupon booklet. Have you seen my costume? I'm a rational consumer.,
7,6,Costume Contest,5342,Angela,"I don't like your tone! Look, they were sold out of all the other costumes, okay? I think we all live in the real world, here. Let's not pretend to be unaware of what sells in this office.",
7,7,Christening,5360,Angela,Jim. Pam.  And the precious bundle of God's gift to everything.  I wish you both a pleasant day.  And you too. Yes. Praise God. Ok.,
7,7,Christening,5367,Toby,"Sunday church service... it's been a few years. The Big Guy and I, we got some catching up to do.",
7,7,Christening,5371,Toby," Okay, this is, all right, this is silly.   Nope, nope, nope, nope, nope, nope, nope, nope, nope, nope, nope...",
7,7,Christening,5382,Angela,Jesus is not your caterer.  But he should be your caterer 'cause you're a little angel. Why didn't your parents get you a caterer?  They don't think.,
7,7,Christening,5391,Oscar,Why do we have to do something together? I volunteer at a clinic on my own time.,
7,8,Viewing Party,5406,Angela,"Just say copies, why do you have to drag cats into this.",
7,8,Viewing Party,5425,Oscar, That one! She's been in a couple episodes of Friday Night...,
7,8,Viewing Party,5425,Oscar,"You know what? I didn't read the rules, I didn't know the rules. There, it's on. I didn't read the rule book.",
7,8,Viewing Party,5430,Oscar,This is why Erin! We're living it! Start recording now!,
7,8,Viewing Party,5443,Angela,Are you authorized to do this?,
7,8,Viewing Party,5443,Angela,"Ok, uhm, then tell him that we'll do this tomorrow night instead.",
7,8,Viewing Party,5443,Angela,"Wait Pam! How did he seem? Like, you know, did he seem disappointed?",
7,9,WUPHF.com,5458,Angela,"You met your commission cap last week. So from here until the end of the fiscal year, your commission will be zero.",
7,9,WUPHF.com,5458,Angela,It's a new corporate policy.,
7,9,WUPHF.com,5463,Oscar,"Did you ever think of WUPHF as an emergency notification system, like, for college campuses with shooters or gas leaks?",
7,9,WUPHF.com,5463,Oscar,"Sure, how long can you sustain this without a cash infusion?",
7,9,WUPHF.com,5473,Angela,"Yeah, instead of Hay Place, it should be pay place.  Don't laugh at me.",
7,9,WUPHF.com,5473,Angela,"Mm. Yeah, so we can celebrate Thanksgiving-Me-Your-Money Day. ",
7,9,WUPHF.com,5480,Angela,"You would. And if I were to call your house and ask for your wife, would I get through to you?",
7,10,China,5496,Oscar,"Actually, that's not true. I know the figure you're referring to, and it's a projection of fifteen years from now.",
7,10,China,5496,Oscar,"Michael, China's agrarian. Urbanizing fast? You bet 'cha, but still agrarian.",
7,10,China,5496,Oscar,Guys its not worth it really. Guys this is not worth our time.,
7,10,China,5496,Oscar,Great. I was wrong. I'm wrong. Is everyone happy?,
7,10,China,5502,Oscar,"He's... he's not smarter than me, he was just right about one thing.",
7,10,China,5505,Oscar,I was thinking about some of the stuff you said earlier about China.,
7,10,China,5512,Oscar,"Michael, the reason I asked you down here for this chat is that I've been thinking that your fears about China are a bit exaggerated.",
7,10,China,5514,Oscar,"Actually, we're in a mild recession right now. I'll give you that, but people use China as the boogie man for all their problems. In the nineteen eighties, it was Japan.",
7,10,China,5514,Oscar,Do you really think that manufacturing is a relevant indicator of where the world economy's heading in 2011? Do you know the comparative expansion of say the information sector? I'd say that's far more relevant. Wouldn't you?,
7,10,China,5516,Oscar,"Michael, I am so happy that we were able to have this little chat.",
7,11,Classy Christmas (Parts 1&2),5520,Oscar,Here's a question nobody's asking: Is this worth it?,
7,11,Classy Christmas (Parts 1&2),5532,Angela,I wouldn't subject Robert to that. He's a very busy senator.,
7,11,Classy Christmas (Parts 1&2),5532,Angela,I would not expect you to know what it's like to date someone in the public arena.,
7,11,Classy Christmas (Parts 1&2),5532,Angela,We went to a picnic thrown by the Comptroller's wife.,
7,11,Classy Christmas (Parts 1&2),5533,Angela,"Do you have any idea how many photographers there are at a ribbon-cutting ceremony. I do. Two. ""Angela...""  ""over here, Angela...""  ""here. Look here!""",
7,11,Classy Christmas (Parts 1&2),5534,Toby,"Uh, I just wanted to let you know that, uh, I'll be taking a leave of absence starting next week.",
7,11,Classy Christmas (Parts 1&2),5534,Toby,"Uh, no, the opposite. I was actually selected to be a juror on a very high-profile case.",
7,11,Classy Christmas (Parts 1&2),5534,Toby,"Okay, that's hurtful talk. We've talked about that. You know, I don't interrupt your announcements.",
7,11,Classy Christmas (Parts 1&2),5534,Toby,"Well, I really can't talk about it, but it's a very high profile case.",
7,11,Classy Christmas (Parts 1&2),5534,Toby,I can neither confirm nor deny this. Let's just say I'll be up to my neck in jury duty. ,
7,11,Classy Christmas (Parts 1&2),5534,Toby,Corporate will be sending someone else to take my place for a while.,
7,11,Classy Christmas (Parts 1&2),5534,Toby,"Uh, Holly Flax, she comes from the Nashua branch.",
7,11,Classy Christmas (Parts 1&2),5534,Toby,"Yeah, uh, she'll be starting next week. If you have any questions about the transition, just let me know.",
7,11,Classy Christmas (Parts 1&2),5536,Angela,Just stop moving your calves so much while you're talking.,
7,11,Classy Christmas (Parts 1&2),5536,Angela,Maybe I'll bring my boyfriend. I'll invite him.,
7,11,Classy Christmas (Parts 1&2),5536,Angela,"I mean, unless there's any chance there could be press at this party.",
7,11,Classy Christmas (Parts 1&2),5536,Angela,"Well, I only ask because he's a senator.",
7,11,Classy Christmas (Parts 1&2),5544,Toby,"Uh, we're on recess. I came for the party. Hey, everyone.",
7,11,Classy Christmas (Parts 1&2),5545,Toby,I can't talk about it or I'll get removed from the jury.,
7,11,Classy Christmas (Parts 1&2),5546,Toby,"I know people are only this excited to talk to me because of the trial. But, they talk to me for a while, and maybe people realize I have something to say. And then one day, we're just talking.",
7,11,Classy Christmas (Parts 1&2),5562,Toby,"There's this female uh, uh, stenographer at the courthouse...",
7,11,Classy Christmas (Parts 1&2),5564,Angela,It's so cold. Even with my coat on.,
7,11,Classy Christmas (Parts 1&2),5568,Toby,"No, I would never ever do anything like that. But it does seem like something you would do.",
7,11,Classy Christmas (Parts 1&2),5568,Angela,"No, it really seems like something Michael would do.",
7,11,Classy Christmas (Parts 1&2),5571,Toby,"No, they bring it in.",
7,11,Classy Christmas (Parts 1&2),5576,Angela,"Hey everybody, this is my boyfriend, Senator Robert Lipton.",
7,11,Classy Christmas (Parts 1&2),5576,Oscar,"Senator, it's an honor. I'm Angela's friend Oscar.",
7,11,Classy Christmas (Parts 1&2),5577,Oscar,"Robert seems great. He's very handsome, firm handshake, he's gay, good sense of humor.",
7,11,Classy Christmas (Parts 1&2),5587,Angela,"I don't know if you guys have had a chance to use the new parking meters that accept credit cards, but Robert was instrumental in that legislation.",
7,11,Classy Christmas (Parts 1&2),5587,Angela,"And you know those annoying geese at the park? Well, he's helping eradicate them as well. I mean, I think they've really become a pest.",
7,13,Ultimatum,5612,Oscar,"Oh, you mean the state senator. I'm sorry, I was confused, because you accidentally wrote 'the senator'.",
7,14,The Seminar,5650,Oscar,"It means you're playing someone who's going to destroy you. Why did you play ""moo""?",
7,14,The Seminar,5650,Oscar,"Okay, but look, you could have hit ""mood"". Would have played a...",
7,14,The Seminar,5661,Oscar,"A little treat for our old friend Gabe. Put that ""q"" right there.",
7,14,The Seminar,5671,Oscar," Ah. No!  . Although I must say, I will have ""apoplexy"" if you lose. Do you understand? ""Apoplexy"" is what I will have.",
7,15,The Search,5682,Oscar,"You know what Ryan, I talked to the other gay guys, and we're ok with it. We agree it's fine if you got married.",
7,15,The Search,5691,Oscar,"""I'm suppose to be wearing red gloves but my color cartridge portal, got jammed again.""",
7,15,The Search,5704,Angela,Please. It was easy once I decided I wanted the dog to piss on Gabe.,
7,16,PDA,5719,Angela,"I don't know if anyone else feels this way and don't get me wrong, I love Michael and Holly, and maybe I'm being overly sensitive, but... the PDA.",
7,17,Threat Level Midnight,5769,Jan,"He finished his movie?  No kidding. Wow, that's great. Yeah that's good for him.",
7,17,Threat Level Midnight,5770,Jan, The hostages are under the stadium. ,
7,18,Todd Packer,5811,Oscar,"Michael how's this supposed to work? Packer's gonna keep saying terrible things, and then he's just gonna make half-assed apologies. And we're back to square one.",
7,19,Garage Sale,5821,Oscar,No. Everybody assumes I am. I always get them as gifts.,
7,19,Garage Sale,5840,Oscar,"Wanna know how to do it? Here's how you do it. Take her out to dinner. Go down on one knee. If you are in costume, you did something wrong. If at any point you find yourself tying a ring to a dogs collar, stop, and look at yourself.",
7,20,Training Day,5865,Oscar,Michael is leaving. And apparently they've already hired a new manager. And we're meeting him today. It's a lot to process. Paperwork wise.,
7,20,Training Day,5878,Angela,"Deangelo, I forget, did you mention you like politics?",
7,20,Training Day,5878,Angela,"Cause I was thinking that you should meet my boyfriend, he's a state senator. I really think the two of you would hit it off. He's a great person to know.",
7,20,Training Day,5881,Oscar,"Well, Deangelo, I'd say communication could be improved. People stopped reading memos, so everyone marks them urgent.",
7,21,Michael's Last Dundies,5911,Oscar,"The analytical part of me wants to examine it, but I know it has no content.",
7,21,Michael's Last Dundies,5923,Toby,"I really disagree with this. I think it's kind of hateful. Though I am a little happy right now to have a platform to talk about the outcome of a case I was recently a juror on. The Scranton Strangler. That man's being put to death. I was part of the verdict, and I'm not so sure he's guilty any more. : Ohhhh yeah! Chica chicaaa]",
7,22,"Goodbye, Michael",5941,Angela,You wanna see some pictures? I just got these.,
7,22,"Goodbye, Michael",5941,Angela,"Uhm, these are, okay this is us at the theater. And antiquing! Oh, rollerblading.",
7,22,"Goodbye, Michael",5947,Toby,"Well you know Michael, I have a brother in Boulder. Rory Flenderson. You should look him up.",
7,22,"Goodbye, Michael",5949,Angela,See? This is what happens. You can't let a stray dog into the house.,
7,22,"Goodbye, Michael",5949,Angela,"No! I'm not cleaning up a bunch of uneaten cupcake bottoms! You know, we don't really care about your opinion. You're just a tie-breaker.",
7,22,"Goodbye, Michael",5952,Toby," Here's the thing Rory, I knew you guys would hit it off in an odd way.",
7,22,"Goodbye, Michael",5952,Toby,Do- Well you should give him a little time to settle in. But-,
7,23,The Inner Circle,5976,Oscar,"These sound like good ideas, why wouldn't we like them?",
7,23,The Inner Circle,5992,Angela,"Of course you do, Jim. You're a man. Deangelo is a huge sexist.",
7,23,The Inner Circle,5992,Angela,"Okay. Then how about I'm the head of the Accounting Department, but he only ever talks to Kevin? What about Pam and Kelly? Also department heads. But has he ever met with you or even asked you to do anything?",
7,24,"Dwight K. Schrute, (Acting) Manager",6033,Oscar,My God. There is a hardwood floor underneath this carpeting. Why would they do that?,
7,24,"Dwight K. Schrute, (Acting) Manager",6033,Oscar,I'll look on WebMD. What are your symptoms?,
7,24,"Dwight K. Schrute, (Acting) Manager",6033,Angela,"Oh, everybody. Oscar found a reason to look on WebMD.",
7,24,"Dwight K. Schrute, (Acting) Manager",6033,Toby," Oh, I should get the accident report binder. I've never used the gun violence forms before.",
7,24,"Dwight K. Schrute, (Acting) Manager",6034,Toby,I am supposed to collect eyewitness accounts. Who saw Dwight do this? ,
7,24,"Dwight K. Schrute, (Acting) Manager",6034,Toby,Would you consider this a terrorist incident?,
7,24,"Dwight K. Schrute, (Acting) Manager",6034,Toby,"Oh, there's a whole 'nother terrorism booklet for that.",
7,24,"Dwight K. Schrute, (Acting) Manager",6042,Toby,"Uh, well, we probably don't want to go just on seniority.",
7,25,Search Committee (Parts 1&2),6062,Angela," Okay.  How odd, a very unusual phone call from the Senator's office. The Senator wants me to have lunch with him at The Botanical Gardens.",
7,25,Search Committee (Parts 1&2),6063,Toby,How will your experience selling refinery equipment translate to our smaller scale here?,
7,25,Search Committee (Parts 1&2),6066,Toby,"So, how would you go about settling interpersonal conflicts within the office?",
7,25,Search Committee (Parts 1&2),6066,Toby,"Well, it's one of my strengths, but it's the manager's job.",
7,25,Search Committee (Parts 1&2),6071,Toby,"Well, why would you need relocation, if you already live in Scranton?",
7,25,Search Committee (Parts 1&2),6071,Toby,"I'm sorry, if we did something to upset you, I'm sure it was inadvertent.",
7,25,Search Committee (Parts 1&2),6074,Angela,"It's a little flashy. I mean, what am I? Naomi Judd?",
7,25,Search Committee (Parts 1&2),6074,Angela,"Okay. He took me to the replica of Monet's Japanese bridge, and then he put this flower behind my ear, which normally, I would hate, 'cause it's so civil rightsy. Then he got down on one knee, and he said, will you be a Senator's wife?",
7,25,Search Committee (Parts 1&2),6074,Angela,"Yes, Pam. Not everyone is as informal as you and Jim.  Oh, hey Pam, dude, whatever, wanna marry me? ",
7,25,Search Committee (Parts 1&2),6074,Angela,"Then I saw flashes. Reporters were there. They always find us. And everyone was crying, even his aide. ",
7,25,Search Committee (Parts 1&2),6075,Oscar,"Angela's engaged to a gay man. As a gay man, I'm horrified. As a friend of Angela's, horrified. As a lover of elegant weddings,  I'm a little excited.  But overall, horrified.",
7,25,Search Committee (Parts 1&2),6090,Oscar,My friend at the Scranton Blade is totally plugged into these matters.,
7,25,Search Committee (Parts 1&2),6090,Oscar,"You're thinking of another group. Much wealthier, much older.  You sound ignorant.",
7,25,Search Committee (Parts 1&2),6090,Oscar,No. Why would we be talking about the Senator?,
7,25,Search Committee (Parts 1&2),6097,Oscar,"Well, there must be someone who stands out.",
7,25,Search Committee (Parts 1&2),6099,Oscar,"You have met a lesbian in real life, right?",
7,25,Search Committee (Parts 1&2),6099,Oscar,You're right. You're right. She seems happy. We don't tell her.,
7,25,Search Committee (Parts 1&2),6109,Angela," Stanley, I won't be able to invite everyone to the wedding, because we want to keep it to 350.",
7,25,Search Committee (Parts 1&2),6109,Angela,"I mean, we just have to see how many Senators and members of Congress want to attend, before we can open it up to regular people. Pam, you know how you and Jim did your ironic wedding?  Do you still have the plans for the dream wedding that you couldn't afford?",
7,25,Search Committee (Parts 1&2),6109,Angela,Niagara Falls? Pregnant? That was your dream? Pork medallions?,
7,25,Search Committee (Parts 1&2),6110,Toby,"Well, we could try him out for a little while...  and if it doesn't work out, you know, maybe one of us could, you know, step in...",
7,25,Search Committee (Parts 1&2),6111,Oscar,I think it should be Darryl.,
7,25,Search Committee (Parts 1&2),6111,Oscar,Kelly's on your side.,
7,25,Search Committee (Parts 1&2),6115,Angela,"Well, let me be clear. I only speak for myself, and not myself and the Senator. I think we have some wonderful candidates, and there's a great, lively debate here, but let's think about-",
7,25,Search Committee (Parts 1&2),6115,Toby,"No, no,... no. Sorry. We cut Kevin off for the same thing. You have to have something to say, if you talk. ",
8,1,The List,6126,Oscar,"Planking is a very stupid and dangerous trend. Basically, you lie like a plank in weird places. That's it. Sometimes you get run over. Welcome to the Internet.",
8,1,The List,6135,Angela,"Isn't it amazing, the difference in our sizes?",
8,1,The List,6135,Angela,"I am having a child with my husband, the Senator. And Pam is having a child with Jim... the great salesman.",
8,1,The List,6154,Toby,"I should not be here. I'm in the- I was in the wrong- I'm- I'm sorry. Uh, just picture me back there. I- I was never here.",
8,2,The Incentive,6171,Angela,"I mean, he's gotten worse over the years....",
8,2,The Incentive,6171,Oscar,He's making a statement. It's an ironic comment on our expectations of him. A funhouse image of our model of Kevin.,
8,2,The Incentive,6187,Angela,Have you read it? Has an adult member of your family read this particular issue?,
8,2,The Incentive,6187,Angela,So you saw the article on the importance of taking frequent walks while you're pregnant?,
8,2,The Incentive,6187,Angela,I will be taking a morning walk and an afternoon walk. Would you like to join me?,
8,2,The Incentive,6202,Angela,"Well, we could talk about an ethical dilemma I'm having.",
8,2,The Incentive,6202,Angela,"A coworker of mine is drinking caffeine while pregnant, and I don't know if I should call social services about it.",
8,2,The Incentive,6202,Angela,In mugs with trace amounts of coffee!,
8,3,Lotto,6203,Oscar,"You can't leave a dog in a parked car.  Snowboarder, it figures.",
8,3,Lotto,6203,Oscar,I bet this guy didn't leave his weed in the car. OK we have to do something because this is incredibly dangerous.,
8,3,Lotto,6203,Oscar,This guy's been gone long enough. He's lost his right to a window. ,
8,3,Lotto,6208,Oscar,What really interests me is the group dynamic of six people winning the lottery. This will not end well. Right?,
8,3,Lotto,6210,Oscar,"Really, nobody's gonna help her? Is chivalry dead?",
8,3,Lotto,6210,Oscar,Of course. I would. But my hip....I would kill to be at a hundred percent. ,
8,3,Lotto,6212,Angela,"Oh, sorry. I thought it was a guess your baby's birth weight pool.",
8,3,Lotto,6227,Oscar,"It used to be Reggie Winters out at Gold's Gym. But he moved away. And then it was between Bruce and this guy Dean. Um, but Dean got fixated on his calves and uh, and his triceps went to hell.",
8,3,Lotto,6237,Toby,"I would spend a lot of time launching my true crime podcast, The Flenderson Files. Dum bum buh.  Flenderson files.",
8,4,Garden Party,6246,Oscar,"Andy, we understand basic table manners, we're not children.",
8,4,Garden Party,6252,Angela,Is there anything you wish you had done differently to avoid cankles?,
8,4,Garden Party,6252,Angela,I've already gone up another cup size. The senator is grossed out. When do you start feeling it kick?,
8,4,Garden Party,6252,Angela,Phillip is the name that we're using. It's after my favorite cat.,
8,4,Garden Party,6254,Toby,"Uh, you know what, I can go park it myself.",
8,4,Garden Party,6254,Toby,It's probably okay...,
8,4,Garden Party,6254,Toby,I think it's better that I...,
8,4,Garden Party,6254,Toby,It's a finicky car...,
8,4,Garden Party,6254,Toby,"It's a little tricky, you might have to... take... ",
8,4,Garden Party,6258,Oscar,"Andy, stop hovering, you're being really annoying.",
8,4,Garden Party,6259,Oscar,Technically FOR Robert California. He's our CEO.,
8,4,Garden Party,6273,Angela,"I would like to toast someone who isn't here but who will be in just four short months. Welcome to the world, Phillip Lipton!",
8,4,Garden Party,6274,Angela,She just always has to copy anything I do! It's the Ford Taurus situation all over again!,
8,4,Garden Party,6282,Oscar,It's a reference to Citizen Kane. Something that explains why a person became the way they are.,
8,4,Garden Party,6282,Oscar,Different school of thought. Let's just agree to disagree.,
8,5,Spooked,6300,Toby,"Every Halloween I tell him the same thing - You can't bring weapons into the office, and every year he says the same thing - As soon as I get my weapons back I'm gonna kill you. But there I am at Thanksgiving, alive, you know. I'm a lucky turkey.",
8,5,Spooked,6309,Toby,If you turn out the lights we'll do a little dance.,
8,5,Spooked,6310,Angela,"So, can we speak our minds now, or are we still sparing feelings, because I hate all of this.",
8,5,Spooked,6315,Oscar,Mummies are real. There are mummies at museums.,
8,5,Spooked,6320,Angela,Pam do you think anyone's going to notice I've worn this costume before? When I wasn't pregnant. You know I bet nobody would believe it still fits.,
8,5,Spooked,6325,Oscar,Where is this from? That is so upsetting!,
8,5,Spooked,6336,Toby,"Oh, hey, Bert. Wanna see the dance? Dem bones, dem bones, dem dry...",
8,6,Doomsday,6350,Toby,You know I don't have to do the paperwork unless you're actually dating.,
8,6,Doomsday,6350,Toby,But I mean...uh have you talked to her? Is sh...,
8,6,Doomsday,6350,Toby,"Do you know her last name, yet?",
8,6,Doomsday,6350,Toby,She's going to be screaming her own last name?,
8,6,Doomsday,6354,Oscar,There's an easy way to tell if this device is a sham. We just make a mistake. I'll send an order down to shipping before we've received payment.,
8,6,Doomsday,6358,Angela,"Kevin, maybe I should handle that. We really need you to focus on your project.",
8,6,Doomsday,6360,Angela,"Oscar, use a calculator. ",
8,6,Doomsday,6361,Oscar,"When the stakes are this high, there is only one computer that I trust. And it's powered by thai food and spanish reds. ",
8,6,Doomsday,6365,Angela,You sent the late notice to Ryan Heart & Wolf. Right?,
8,6,Doomsday,6365,Oscar,Five eighty-eight plus fifteen percent- Oh no.,
8,6,Doomsday,6365,Oscar,Dwight be human for once. Shut down the machine.,
8,6,Doomsday,6373,Oscar,Why haven't we heard anything? It's 4:45. There's only 15 minutes left.,
8,6,Doomsday,6373,Angela,"Oh, now you can do math? Where were you 2 hours ago 'A Beautiful Mind'-",
8,6,Doomsday,6373,Oscar,I made a mistake. I'm sorry.,
8,6,Doomsday,6373,Oscar,It's not that funny.,
8,6,Doomsday,6378,Oscar, He stopped it!,
8,7,Pam's Replacement,6387,Toby,"It's going to be nice to have just a healthy, young, fit presence in the middle of the office.",
8,7,Pam's Replacement,6387,Oscar,Yeah aesthetically speaking she adds a nice presence.,
8,7,Pam's Replacement,6387,Oscar,"No, no. Not even.",
8,7,Pam's Replacement,6387,Oscar,Pam you look more beautiful now than ever.,
8,7,Pam's Replacement,6387,Toby,You know it's not just pregnant women who don't get their due. You know who's gorgeous? Helen Mirren.,
8,7,Pam's Replacement,6387,Toby,You know what would be the hottest thing ever? It's a pregnant Helen Mirren.,
8,7,Pam's Replacement,6387,Oscar,In this case yes.,
8,8,Gettysburg,6422,Oscar,"It's not fair, you guys.",
8,8,Gettysburg,6425,Angela,"Okay, Andy, we get it. It's a trip to Gettysburg.",
8,8,Gettysburg,6425,Oscar,Actually it is the northernmost.,
8,8,Gettysburg,6433,Oscar,"Dwight, what are you telling this girl?",
8,8,Gettysburg,6433,Oscar,"Stop filling her head with nonsense, okay? She doesn't know any better.",
8,8,Gettysburg,6433,Oscar,"Really? Why don't you tell us the real history, Gore Vidal?",
8,8,Gettysburg,6433,Oscar,he's a historian.,
8,8,Gettysburg,6436,Oscar,I apologize for my friend and for the Republicans who are cutting your funding.,
8,8,Gettysburg,6448,Oscar,Wow. This is so much better than the story you made up.,
8,8,Gettysburg,6448,Oscar,You're right. There should be a monument to this.,
8,9,Mrs. California,6455,Oscar,Are you really comfortable standing there? I tried one of those and I just never hit the sweet spot.,
8,9,Mrs. California,6470,Oscar,All I need is another gym. As if I don't have enough drama.,
8,9,Mrs. California,6470,Oscar,Who's spotting who? Don't use the bike in the corner. That's Bruce's. Jeremy says...,
8,9,Mrs. California,6472,Toby,Did you bring your passport with you?,
8,9,Mrs. California,6472,Toby,"Well, I do. Always ready for adventure.",
8,9,Mrs. California,6472,Oscar,"Andy, if he didn't want her working here then why did you hire her?",
8,9,Mrs. California,6475,Oscar," Ah, just the battery on these things. I'm sorry, I've got to recharge this.",
8,10,Christmas Wishes,6511,Toby,You know this sounds a lot like the premise of my latest Chad Flendermen novel. A murder for framing.,
8,10,Christmas Wishes,6512,Toby,"Chad Flendermen. Just an easy going black guy, he knows the streets, yet he also went to Oxford. So. Just as comfortable on a motorcycle as he is on Air Force One. Oh and he's also the world's leading Egyptologist.",
8,10,Christmas Wishes,6513,Angela,Toby! Nobody cares about your sex-crazed black detective.,
8,10,Christmas Wishes,6513,Toby,"No, no, no, no, no. Women chase him. He misses his wife.",
8,10,Christmas Wishes,6513,Toby,Fingerprints can be planted. You know with a severed hand...,
8,10,Christmas Wishes,6513,Angela,No. Porcupines don't have souls. They're like dogs.,
8,10,Christmas Wishes,6516,Oscar,Who did this? Who did this? Do you know who did this?,
8,10,Christmas Wishes,6522,Oscar,"What? I haven't bar tended in forever. Oh, never considered myself a mixologist, oh this is daunting. Um, I need a mortar, pestle, muddler..does anyone have any chocolate shavings?",
8,11,Trivia,6539,Oscar,"Gosh, Andy, you had a great quarter. Okay? Robert will understand. Eight hundred dollars is a rounding error!",
8,11,Trivia,6539,Oscar,I'm leaving early today because tonight I have a trivia contest in Philadelphia.,
8,11,Trivia,6539,Oscar,"Any other crunch time, I would love to stay in, cook the books for you so you can save face in front of your CEO, but tonight is Triviocalypse!",
8,11,Trivia,6539,Oscar,"It's only the biggest night of trivia of the year. There's a thousand dollar prize. I'm committed to my friends, they're committed to me.",
8,11,Trivia,6542,Oscar,"I don't believe this. What are you doing here, Andy?",
8,11,Trivia,6542,Oscar,And you guys thought this was a good idea?,
8,11,Trivia,6542,Oscar,Yes! It's a gay bar! So you guys want to go home now?,
8,11,Trivia,6542,Oscar,What does this say about you? That you followed me here? That you think you're going to win your sales quota? At a gay bar's trivia night? ,
8,11,Trivia,6553,Oscar, Le titre du film est Le Scaphandre et le Papillon.,
8,12,Pool Party,6575,Oscar,How many bottles? Three hundred?,
8,12,Pool Party,6575,Oscar,Toby! Chateau Margaux ninety-five. You know your wine.,
8,12,Pool Party,6575,Toby,"Well, and you have a... yes, a- d- another chateau.",
8,12,Pool Party,6578,Oscar,"Toby, what's compelling about this is the note of persimmon. Right?",
8,12,Pool Party,6578,Oscar,"Okay, you have to join my wine-tasting club.",
8,12,Pool Party,6578,Toby,I would love that.,
8,12,Pool Party,6579,Toby,"Toby, you are playing a dangerous game. Guess I'm through the gateway now, though, right?",
8,12,Pool Party,6593,Oscar," Toby! I am Bacchus, god of wine!",
8,12,Pool Party,6593,Toby,And I am Bacchus's friend!,
8,13,Jury Duty,6599,Oscar,Well no one won the pool. Angela wasn't due for another month.,
8,13,Jury Duty,6599,Oscar,"Well Kevin and I have to go, Accounting is its own little family.",
8,13,Jury Duty,6599,Oscar,"We all got the email, some of us are going to go visit.",
8,13,Jury Duty,6603,Toby,"You know, when I was on j-duty, uh, Strangler case, we used to recreate the various stranglings with empanadas from- at Ernesto's.",
8,13,Jury Duty,6603,Toby,You mean food truck. Ernesto's was a food truck.,
8,13,Jury Duty,6605,Oscar," Guys, I don't know how many of you have seen- Gabe? Bring it in. I don't know how many of you have seen a premature baby before. It's going to be really tiny, so please don't say anything offensive.",
8,13,Jury Duty,6605,Angela,Oh... I don't- I don't want any- what are you guys doing here?,
8,13,Jury Duty,6605,Oscar,We wanted to say hi to the newest little Dunder Mifflinite.,
8,13,Jury Duty,6610,Toby,It's the empanada guy.,
8,13,Jury Duty,6612,Angela,"Nine pounds? Really? I thought you said five. You know what? I was under so many drugs, I felt like I was at a James Taylor concert or something, oh. So, what did you bring?",
8,13,Jury Duty,6612,Angela,"No, I think he came early just so he could wear these. Thank you.",
8,13,Jury Duty,6613,Oscar,This baby is clearly not premature. They're lying about the date it was conceived. It's very interesting. And her husband's gay. I don't even know which thread to follow.,
8,13,Jury Duty,6617,Oscar,"Honestly, I can return this for a larger size.",
8,13,Jury Duty,6617,Angela,"It's fine. Pajamas aren't supposed to be baggy, right? It's not the barrio.",
8,13,Jury Duty,6617,Oscar,The only premature baby in this room is the baby this baby ate.,
8,13,Jury Duty,6617,Angela,"Fine, God. Philip was conceived nine months ago.",
8,13,Jury Duty,6617,Angela,"The senator and I wanted to wait, but we had just seen Thor and there was way too much wine in my chicken piccata.",
8,13,Jury Duty,6617,Angela,"Right. Um, point is, Philip was conceived out of wedlock.",
8,13,Jury Duty,6617,Angela,"And now you all know, but you can never tell. I'm serious.",
8,13,Jury Duty,6618,Oscar,Angela got pregnant before the wedding.,
8,13,Jury Duty,6618,Oscar,She got pregnant before the wedding.,
8,13,Jury Duty,6621,Angela,"No, you don't have to. I'm going to wear this cover.",
8,13,Jury Duty,6625,Angela,Every baby looks just like you. Your face kind of looks like a baby.,
8,13,Jury Duty,6625,Angela,"And even if it did, it's just a coincidence.",
8,13,Jury Duty,6625,Angela,"Sure.  Watch the head, watch the head.",
8,14,Special Project,6632,Angela,Hello everyone! Remember little old me. Hi!,
8,14,Special Project,6632,Angela,I wanted to come back to work. Not everybody needs some long luxurious Parisian maternity leave. ,
8,14,Special Project,6632,Oscar,"Angela, you look amazing.",
8,14,Special Project,6632,Angela,"Really? I feel like this big rhinoceros. Anyway, I wanted to thank you guys for covering for me so I made some treats. I've got brownies and magic cookie bars.",
8,14,Special Project,6632,Angela,"I don't know what that is, Pam. I made a batch with no nuts, special for you Kevin, right here.",
8,14,Special Project,6632,Angela,"Babies sleep a lot Pam, if you feed them enough. Brownie Pam?",
8,14,Special Project,6632,Angela,"I wouldn't know, I'm watching my weight. Ugh.",
8,14,Special Project,6647,Oscar,It just feels like a slap in the face.,
8,14,Special Project,6647,Oscar,We're not questioning his reasons. I just wanna know what they are.,
8,14,Special Project,6647,Angela,"Ok, it's obvious Andy picked the people that are least important to the office.",
8,14,Special Project,6654,Toby,"It has been a long, lonely winter.",
8,14,Special Project,6654,Toby,"It is real, thank you for saying that.",
8,15,Tallahassee,6683,Oscar,Can we see that? Did you really find it?,
8,16,After Hours,6709,Oscar,"Hey, you guys want to see a picture of Gerald wearing galoshes? He refused to go out in the rain until I bought these. Now going out in the rain is all he wants to do.",
8,16,After Hours,6710,Angela,"News flash - If you didn't carry it around for nine months, it isn't your kid.",
8,16,After Hours,6711,Oscar,"Hey, are your little dudes crawling yet?",
8,16,After Hours,6711,Angela,My Phillip is crawling.,
8,16,After Hours,6713,Oscar,"Exactly. That's just like crate training. All night long, all night long.",
8,16,After Hours,6714,Angela,"No one said ""you must have two""",
8,16,After Hours,6714,Oscar,"Like her genes are so important. The world just needs more Pam/Jim DNA. Thank you, no.",
8,16,After Hours,6730,Oscar,"Jamaican, huh? I just read about the elections down there. Crazy stuff.",
8,17,Test The Store,6760,Oscar,How can we feel safe knowing that there are gangs here? We should call the police right now!,
8,17,Test The Store,6760,Angela,Why would you care what the police think of our neighborhood?,
8,17,Test The Store,6760,Toby,"Yeah, um... I can't believe you remembered. I do self-defense. Um, I'll go put on my cup.",
8,17,Test The Store,6766,Toby,"Self-defense is not some fun boxing match, okay? This is about escaping with your life. So... strike, scream, and run. All right? Let's try it.",
8,17,Test The Store,6766,Toby,That may have been my fault.,
8,17,Test The Store,6766,Toby,"Okay, look, in a real crisis situation, you're not gonna have to time to think, okay? So just remember, I-A-A-T-G. ""It's all about the groin.""",
8,17,Test The Store,6766,Toby,I don't think that's very common.,
8,17,Test The Store,6766,Oscar,Why are you fixated on this hypothetical transgendered attacker?,
8,17,Test The Store,6766,Toby,"Well, the most common scenario is a larger man attacking a smaller female.",
8,17,Test The Store,6766,Toby,"It's interesting that you're drawn to the point of view of the attacker.  You would like the turn of the table. Okay, the latest Chad Flenderman novel...  written from the point of view of his nemesis, Dr. Lucifer Wu.",
8,17,Test The Store,6766,Angela,Can I please leave? I have a rape flute.,
8,17,Test The Store,6766,Toby,"All right, well, let's try one simple technique together. Okay, why doesn't everyone stand? Okay, so... you're being attacked. You've got your hands up. Simple palm strike to the chin. Up to the chin. One, two.",
8,17,Test The Store,6769,Toby,"Now, if your attacker is willing to defile a corpse, you better stop playing dead right away and just make it known that you're alive.",
8,17,Test The Store,6769,Toby,There's no shame in getting beaten up by a girl. My ex-wife used to demolish me.,
8,17,Test The Store,6776,Toby,"Okay, this isn't over. Let's stay focused, okay?  We made fun of Andy earlier for getting beat up by a little girl, but... little things can be dangerous.",
8,17,Test The Store,6776,Angela,Good point? What is a tub of electricity?,
8,17,Test The Store,6776,Oscar,With all due respect we know what we're defending against: a twelve year old female bully.,
8,17,Test The Store,6776,Angela,Great! I think Kelly should attack Toby.,
8,17,Test The Store,6776,Toby,I don't know if this is gonna help...Uh...,
8,17,Test The Store,6776,Toby,We should stay to maybe some more traditional models...,
8,17,Test The Store,6776,Toby,"Okay, this is what's called pre-violent posturing.",
8,17,Test The Store,6776,Toby,"Okay, I'm at what's called ""the decision point.""",
8,18,Last Day In Florida,6779,Angela,"Well, the way you said it made it sound like he was dead.",
8,18,Last Day In Florida,6779,Oscar,"You guys, we've gone over this, there is no treasure. ",
8,18,Last Day In Florida,6780,Oscar,"When the team left for Tallahassee, Dwight told everyone not to touch his treasure.  Obviously he wants us to obsess about it. There's nothing in there.  Which is obviously what he would want us to think, making it the perfect place to hide a treasure. Oh god, I'm Wallace Shawn in The Princess Bride.",
8,18,Last Day In Florida,6781,Oscar,I am dying to know what's in there.,
8,18,Last Day In Florida,6786,Toby," Knock, knock. Hey, Sasha's first year in the troops, so I'm selling cookies for her. Anyway, would you like some?",
8,18,Last Day In Florida,6786,Toby,"You can't claim territories. This is the only place I interact with people. Can't you sell at your church or barber shop?  Or chess club, or?",
8,18,Last Day In Florida,6786,Toby,"That's it? Yeah, well, ok. Thanks Darryl.",
8,18,Last Day In Florida,6794,Toby," Hey, you tricked me. You just wanted Kevin.",
8,18,Last Day In Florida,6794,Toby,"No, no, no. It's not fair. What if Kevin wants to buy cookies from me?",
8,18,Last Day In Florida,6794,Toby,"You know, why don't we split the order? It's only fair.",
8,18,Last Day In Florida,6801,Toby,"I'm, I'm not gonna comment on my personal life.",
8,18,Last Day In Florida,6811,Toby,"Yeah, I don't know why you picked names that are also guys' names.",
8,18,Last Day In Florida,6811,Toby,"Don't make me be your pony, Kevin.",
8,18,Last Day In Florida,6812,Toby,Yeah. I have my dignity too. I refuse to be another man's horsey.,
8,19,Get The Girl,6822,Oscar,I remember when that balloon went up there. I was still with Gil. We were so happy.,
8,19,Get The Girl,6826,Toby,Robert did say you'd be joining us. Welcome. I'm Tony.,
8,19,Get The Girl,6826,Toby,"I- I said I'm Tony. Okay I made a mistake. I thought it might go unnoticed. But uh, I'm Toby.",
8,19,Get The Girl,6826,Toby,"It happens, okay? Uh, so let's just find an empty desk for you, and uh, I'm sure Robert will be with you as soon as he gets in.",
8,19,Get The Girl,6847,Angela,Trust you? The way Pam trusted you to provide for her so she wouldn't have to work?,
8,20,Welcome Party,6860,Oscar,"Pam, hit the brakes. Stanley does not have a moustache. I misspoke. I'm not sure. I think he has one, now that- I think he has a moustache.",
8,20,Welcome Party,6860,Angela,'Cause we come here to do our jobs. We don't stick our noses in other people's business.,
8,20,Welcome Party,6861,Oscar,"Actually, Nellie, this monologue you're delivering is very offensive.",
8,20,Welcome Party,6875,Angela,We're going to have the fluorescent lights flickering. It's gonna make everyone sick.,
8,20,Welcome Party,6880,Oscar,"To Nellie Bertram, you are a most welcome and friendly presence at our company.",
8,20,Welcome Party,6880,Oscar,"Pam, on the other hand, is a most unwelcome, entitled, unfriendly presence in our company.",
8,20,Welcome Party,6880,Angela,"Nellie is terrific, but to be honest, every day I imagine how happy I'd be if Pam died. ",
8,21,Angry Andy,6890,Oscar,Time's almost up. How many are left?,
8,21,Angry Andy,6919,Oscar,"Nellie, does the person affected by this want us to help her in any way in particular?",
8,21,Angry Andy,6919,Angela,"Stop that! Dwight! Stop that, stop it.",
8,21,Angry Andy,6923,Toby,"Erin, HR is a joke. I can't do anything about anything.",
8,21,Angry Andy,6927,Oscar,"Ryan, go away! She found herself a beautiful boyfriend!",
8,22,Fundraiser,6936,Oscar,It says here this Smokey Robinson dead thing was a hoax. It's on CNN as of two minutes ago.,
8,22,Fundraiser,6937,Angela,Robert! The senator was going to wear dark brown tonight... I'm sure it will be fine.,
8,22,Fundraiser,6938,Angela,My husband is sponsoring a fundraiser tonight for local dog shelters! Robert California bought two tables for everyone here! These people were lucky to get seats because it is going to be a who's who of the northern 22nd district!,
8,22,Fundraiser,6940,Angela,We think you might kill Robert.,
8,22,Fundraiser,6943,Angela,"Robert, the senator and I wanted to stop by and say hello.",
8,22,Fundraiser,6949,Oscar,my dog Gerald is my life.,
8,22,Fundraiser,6950,Oscar,"This confirms three things: I'm right about the senator, I still got it, and poor Angela.",
8,22,Fundraiser,6953,Oscar,I stumbled into a very dramatic situation. Angelas husband just hit on me!,
8,22,Fundraiser,6953,Oscar,"We were talking about animals, he gives me his cell phone number. He was just dying for me to have it.",
8,22,Fundraiser,6953,Oscar,"Well, if you would have seen the look he gave me, he wanted to run more than just my vote.",
8,22,Fundraiser,6959,Oscar,He does not think Jim's gay. A gay man would not leave the house wearing those shoes.,
8,22,Fundraiser,6963,Oscar,sorry about what? There's nothing to be sorry about here.,
8,22,Fundraiser,6964,Oscar,"No. I'm certainly not disappointed that Angelas husband was not hitting on me. I'd have to be a monster to root for that. A lonely, aging monster.",
8,22,Fundraiser,6968,Oscar,"Nice to see you again, it was lovely!",
8,22,Fundraiser,6969,Oscar,why does this always happen to me? Ahh! I just feel so bad for Angela,
8,23,Turf War,6980,Oscar,Why did Binghamton close?,
8,23,Turf War,6986,Toby,"Now, we're actually a lot closer to Binghamton than you are. Kimosabe.",
8,23,Turf War,6987,Toby,"I like to think Lloyd Gross is a no-nonsense guy who doesn't back down from anybody. And he calls people ""Kimosabe"".",
8,23,Turf War,6988,Toby,"That's true. There's no rule. You can check the employee handbook. Oh, can I check the employee handbook Lloyd? Well, does it say anything about me choking a man with my bare hands?",
8,23,Turf War,6988,Toby,I've seen guys like you. Big guys who like to push the little guys around. Lloyd Gross eats bullies like you for breakfast.,
8,23,Turf War,6988,Toby,"Hey, text from the old wife. Gonna take that. ",
8,23,Turf War,6995,Angela," Hello! Hello, my clucking hens. Got room for another in the roost? Huh? Don't worry, I won't lay an egg.",
8,23,Turf War,6996,Angela,Robert sent me to take over if Pam fails. If? ,
8,23,Turf War,6997,Angela,I have been crunching numbers all day. Math is for boys. I need girl talk.,
8,24,Free Family Portrait Studio,7010,Oscar," Hello. My name's Oscar. I'm an accountant in Scranton, Pennsylvania and I'm gay. And I'm here to tell you that yes- it does get better. When I was younger, um-",
8,24,Free Family Portrait Studio,7010,Oscar,"No, it's just a way to tell young people, no matter how hard it gets for them, there's a brighter future ahead.",
8,24,Free Family Portrait Studio,7010,Oscar,"No matter how hard it gets for you, eh- Kelly, seriously, I-",
8,24,Free Family Portrait Studio,7010,Oscar,"Okay, as you can see, I now have a cool job at a dynamic workplace. Being gay is a celebration of life, it's a simple-",
8,24,Free Family Portrait Studio,7010,Oscar,"In any case, it gets better.  Maybe- maybe not much better... but better.",
8,24,Free Family Portrait Studio,7028,Angela,No. I am going to hold him because I haven't seen him all day.,
8,24,Free Family Portrait Studio,7029,Angela,"I think that Dwight is doing this whole thing to, um, get a sample of my baby's DNA to prove he's the father. Which... is impossible... because the senator is the only man I've ever been with.",
8,24,Free Family Portrait Studio,7039,Toby,"Andy, we wanted to talk to you. A lot of us are very concerned about you.",
8,24,Free Family Portrait Studio,7039,Toby,I can refer you to someone to talk to.,
8,24,Free Family Portrait Studio,7039,Oscar,David Wallace hasn't worked here in years.,
8,24,Free Family Portrait Studio,7039,Toby,"Hey, Andy, Nobody's calling you crazy, Andy. We're your friends, Andy.",
8,24,Free Family Portrait Studio,7039,Toby,Do you see David Wallace in the room right now?,
8,24,Free Family Portrait Studio,7045,Angela,Get out of the car! Get out! Where is he?,
8,24,Free Family Portrait Studio,7045,Angela,"Yes!  Tell me! Tell me where he is! Mose, damn it! Where did he go? Mose! Get back here!",
9,1,The New Guys,7061,Toby,Kelly Kapoor is gone. Her fiancé Ravi was hired as a pediatrics professor at Miami university.,
9,1,The New Guys,7062,Toby,"iami University in Ohio. On her last day, Kelly was still a little confused about it",
9,1,The New Guys,7064,Toby,"Shortly after Kelly left, Ryan quit and also moved to Ohio, for what he claimed were unrelated reasons.",
9,1,The New Guys,7069,Toby,There's two new guys back there with me now. They're in their 20s. And we really get along.,
9,1,The New Guys,7071,Toby,Just three single guys. Getting into trouble.,
9,1,The New Guys,7076,Angela,"Well, I need to give my cat up for adoption.",
9,1,The New Guys,7078,Angela,"No, the one with the long hair and the denim pants, Comstock! Ok, look . He's such a special kitty. I just want to find him a good home. He loves those pants",
9,1,The New Guys,7078,Angela,"If you pray enough, you can change yourself into a cat person.",
9,1,The New Guys,7078,Oscar,"Those guys always change back, Angela.",
9,1,The New Guys,7079,Toby,Hey you wanted to see me?,
9,1,The New Guys,7079,Toby,You can only fire Nellie for cause.,
9,1,The New Guys,7079,Toby,"Except you just told me you were gonna make it up. Now if she sues, I have to testify against you.",
9,1,The New Guys,7079,Toby,Can't. I took a course at the Weintraub Memory Academy. I sat next to this woman named Beverly Brook. She had a Greek salad for lunch. See what I mean?,
9,1,The New Guys,7083,Angela,Attention everyone. Comstock is still available. Oscar has been flirting with adopting him. But still hasn't given me a definite yes or no.,
9,1,The New Guys,7083,Angela,"Fine. For any interested candidates, I will be conducting 20 minute interviews. My ideal situation would an independently wealthy cute couple with a strong commitment to education. Black or white, I'm fine with either, but not both.  Listen, you're in this, but you need to wow me, ok?",
9,1,The New Guys,7092,Toby,"This is a bloodbath. Alright, I'm calling this.",
9,1,The New Guys,7092,Toby,"It is enough of this. Everyone, let's go back to work.",
9,1,The New Guys,7095,Angela,How would you support the cat? What are your ambitions?,
9,1,The New Guys,7095,Angela,Have you taken any concrete steps?,
9,1,The New Guys,7098,Angela,"No, the baby. Please, it's my husband's favorite cat. He's broken up about it. It's the only time I've seen him cry other than our wedding night.",
9,1,The New Guys,7098,Angela,"Yay! Oh, poor Robert. He won't get to say goodbye. He has this business dinner tonight",
9,1,The New Guys,7099,Oscar," Yeah. Good news, tonight when you come over for dinner, you can play with your old buddy Comstock.",
9,2,Roy's Wedding,7123,Angela,"Um, you have diabetes, Stanley.  I'm sorry, is the assignment to pick a selfish charity?",
9,2,Roy's Wedding,7132,Angela,The senator and I still have mystery. I'm always waiting to see what he's gonna surprise me with next. ,
9,2,Roy's Wedding,7140,Toby," Sh, uh, um, I was having this separate conversation with Kevin. Uh, Johnny Depp.",
9,2,Roy's Wedding,7140,Angela," Kevin, stop it with that question.",
9,2,Roy's Wedding,7146,Oscar,Then why are we talking about her looks? Why not her credibility? Or her reliability?,
9,2,Roy's Wedding,7146,Oscar,"I'm so sorry, Andy, but for twenty years, the most trusted man in America - Walter Cronkite.",
9,2,Roy's Wedding,7146,Oscar,"Does Erin have any experience? Has she taken any journalism classes, maybe? Or...",
9,2,Roy's Wedding,7146,Angela,Has she done the pageant circuit?,
9,3,Andy's Ancestry,7176,Oscar,"I'm just saying, what does it imply in this country when a white person shares an ancestor with a black person?",
9,3,Andy's Ancestry,7181,Oscar,"Well, if there's another explanation, I don't really see what it could possibly be. I�",
9,3,Andy's Ancestry,7181,Oscar,Andy! Andy! No! I would be very polite today.,
9,3,Andy's Ancestry,7181,Oscar,"Your connection. To Michelle Obama has certain... negative connotations. Most likely, your family were�slave owners.",
9,3,Andy's Ancestry,7193,Angela,Stop it! Stop it! You're frightening me!,
9,3,Andy's Ancestry,7193,Oscar,"The difference is, Andy, that you're the only be here still benefitting from the terrible things that your ancestors did.",
9,3,Andy's Ancestry,7193,Oscar,Your family's rich! I have to believe that a big part of the Bernard fortune was earned on the backs of slaves.,
9,4,Work Bus,7205,Oscar,Is this like a blooper reel?,
9,4,Work Bus,7205,Oscar,What was that? That was just a normal video with you making vulgar noises.,
9,4,Work Bus,7206,Oscar,It stands for electromagnetic field. Generally cause by a concentration of wiring in one area  Especially if they're poorly insulated. Dwight.,
9,4,Work Bus,7206,Toby,You think I have a machine for measuring bee hives?,
9,4,Work Bus,7222,Angela,"I, I need to get to the paper please. ",
9,4,Work Bus,7229,Angela,"So wait, when pies are involved you can suddenly do math in your head?",
9,4,Work Bus,7229,Oscar,"Hold on, Kevin, how much is 19,154 pies divided by 61 pies?",
9,4,Work Bus,7229,Oscar,What if it were salads?,
9,4,Work Bus,7240,Oscar,I don't know what you're talking about.,
9,4,Work Bus,7240,Oscar," Kevin, are you trying to get me to hit you? In the face with my pie?",
9,5,Here Comes Treble,7251,Angela,The senator will be joining us later.,
9,5,Here Comes Treble,7251,Angela,"No, it wasn't.",
9,5,Here Comes Treble,7267,Angela,"And I told Phyllis not to put it out, but she insisted. So, anyway... Hi! Oh, Oscar, remember my husband, the senator?",
9,5,Here Comes Treble,7267,Oscar,"Senator Lipton, nice to see you.",
9,5,Here Comes Treble,7267,Angela,"Wait a second, who designed this spread? The sweets and savories are all mixed together. This is mayhem!",
9,5,Here Comes Treble,7267,Oscar,Actually I'm the electoral college.,
9,5,Here Comes Treble,7267,Angela,"You know what? This is outrageous. I have to find Phyllis. You two talk, okay? Sorry babe.. Phyllis!",
9,5,Here Comes Treble,7270,Toby,"Oh my goodness, look. Look at this.",
9,5,Here Comes Treble,7277,Angela,They lost me when they sang �Monster Mash'. That song obviously glorifies the occult.,
9,6,The Boat,7282,Oscar, Can you guys come with me for a minute?,
9,6,The Boat,7283,Oscar,"I know you saw me with the Senator. I think I'm in love, possibly for the first time. So yes, Senator Lipton and I are having an affair. I hope that I can count on your sensitivity, maturity and discretion. ...Why?",
9,6,The Boat,7287,Oscar,"Kevin, listen to me. I'm in love with the Senator. And I need time to sort this out in a responsible matter so I need your help in keeping it a secret because this means the world to me. Ok?",
9,6,The Boat,7298,Angela,"Kevin, we're out of 11-38 forms. Did you order more?",
9,6,The Boat,7298,Angela,I don't know why I'm surprised. Literally nothing you do could surprise me anymore.,
9,6,The Boat,7299,Oscar,"That actually wasn't the worst cover. I'd say at least once a week, Kevin runs out of the room shouting that he has to go to the bathroom.",
9,6,The Boat,7304,Angela,The Senator is exhausted. This campaign is wearing him out.,
9,6,The Boat,7304,Angela,That man he's up against is so dirty. And the senator's just pushing back as hard as he can.,
9,6,The Boat,7304,Angela,"Anyways, last night he was tired and just wanted a little Mexican brought in. ",
9,6,The Boat,7308,Toby,Kevin. His gambling problem must've resurfaced. I'm gonna have to send him home until I can do an investigation.,
9,6,The Boat,7311,Toby,"Hi, Kevin. Look, I need to talk to you about-",
9,6,The Boat,7311,Oscar,"Guys? Excuse me. Um, a quick word, please just..",
9,6,The Boat,7311,Oscar,"Oh, you're right I'm so sorry. Snack machine on me. ",
9,6,The Boat,7312,Oscar,Those figures I gave you? They're false.,
9,6,The Boat,7312,Oscar,"I was mad at Kevin, we had a fight and I acted vindictively.",
9,6,The Boat,7312,Toby,I knew it. I knew it from the beginning it was possible.,
9,6,The Boat,7312,Oscar,What are you talking about? I just did this now.,
9,6,The Boat,7312,Toby,"A few years ago, when I was on the jury of the Scranton Strangler..",
9,6,The Boat,7312,Toby,I always thought he might have been set up but I felt pressured to convict.,
9,6,The Boat,7312,Oscar,That's gotta be tough.,
9,6,The Boat,7312,Toby,Tough? I put an innocent man on death row.,
9,6,The Boat,7322,Oscar,"Well, I am sorry Kevin.",
9,6,The Boat,7322,Angela,Why on earth would you think you were getting a promotion?,
9,6,The Boat,7322,Angela,Honey! What are you doing here?,
9,6,The Boat,7322,Angela,Oscar? What is going on? What was that?,
9,6,The Boat,7322,Oscar,You know what? I'm sorry. I overreacted. Because I'm stressed out. Why am I stressed out? Who's not stressed out? Who's not stressed out? Who-,
9,6,The Boat,7323,Oscar,"I have to say I'm impressed with Kevin. Uh, he showed a lot of self-control.",
9,7,The Whale,7340,Toby,I have very fertile hair glands.,
9,7,The Whale,7341,Toby,I am so glad I got all of the dudes to do Movember. We have the dopest time back in the annex.,
9,7,The Whale,7343,Toby,"We even go to lunch, pick up babes.",
9,7,The Whale,7344,Toby, Smile if you love men's prostates.,
9,7,The Whale,7345,Angela, I think the senator is having an affair.,
9,7,The Whale,7345,Oscar, This doesn't... I'm sorry. Wha... what?,
9,7,The Whale,7345,Angela,I think the senator is having an affair.,
9,7,The Whale,7346,Oscar,I literally have nightmares in which what just happened happens. I wake up in a sweat. And then I make Angela's husband spoon me back to bed.,
9,7,The Whale,7347,Angela,"When he comes home in the morning, he has this secret little smile.",
9,7,The Whale,7347,Oscar,"Oh, I'm sure ...that's nothing.",
9,7,The Whale,7347,Angela,And he's always at the yoga studio. He never misses the noon class - it's Hot Yoga with Blake.,
9,7,The Whale,7347,Oscar,"Angela, Blake's also a guy's name so he... may be spending his afternoons with a guy named Blake. So nothing to worry about. Huh. Blake. Who is Blake?",
9,7,The Whale,7347,Angela,I don't know.,
9,7,The Whale,7347,Oscar,I just never heard about the senator and yoga...,
9,7,The Whale,7347,Oscar,From you. I'm sure it's probably nothing. But what's with the yoga already?,
9,7,The Whale,7347,Oscar,"And Blake! All right Angela, calm down! We need to go check this out.",
9,7,The Whale,7347,Oscar,"Angela, I'll go with you.",
9,7,The Whale,7353,Angela,Which one is the instructor? There all fatties.,
9,7,The Whale,7353,Oscar," On the stairs. Stay calm. Stay down. Oh, so wait. Blake is a her.",
9,7,The Whale,7353,Angela,"Oh my God! She's so stunningly tiny! She's like a petite double zero, for sure. For sure! Holy cow! Look at what they're doing.",
9,7,The Whale,7353,Oscar,She's repositioning his hips for downward facing dog.,
9,7,The Whale,7353,Angela," I've heard of this - dog style. Oh wait. Oh look Oscar, Thumbelina has a boyfriend! And he has a ponytail - ew. I'd like to see that run for office. Oscar, you were right. I had nothing to be worried about. Thank you. Let's go.",
9,7,The Whale,7354,Toby,"This is fun. You know? I mean, this is fun.",
9,7,The Whale,7358,Jan,You son of a bitch. You're firing me? Where the hell do you get off?,
9,7,The Whale,7360,Jan,"I was under the impression that David Wallace would be coming. He bought back Dunder Mifflin, correct?",
9,7,The Whale,7360,Jan,Molly! David Wallace is in Vermont.,
9,7,The Whale,7360,Jan,Molly. I am not Tom. I am Jan.,
9,7,The Whale,7360,Jan,"I thought it would be fun to have a little chat with uh, David Wallace after all these years. Oh, well. What are you doing?",
9,7,The Whale,7360,Jan,Fine. I will show you one... slide show.,
9,7,The Whale,7362,Jan," Mommy, you're a princess. Mommy, you're a superstar. Mommy you're the greatest. How can I ever fill your sho-o-o-es?",
9,7,The Whale,7362,Jan," Well, that -- that was -- that was me too.",
9,7,The Whale,7362,Jan,Cece can't spell her name.,
9,7,The Whale,7362,Jan,"Well, it's not really much of a comparison, is it? I mean, ""Cece"" is two letters and ""Astrid"" is... I mean, there's even some adults who -- who -- who can't spell it.",
9,7,The Whale,7362,Jan,"Can you spell it? Try to spell it, Pam.",
9,7,The Whale,7362,Jan,Don't patronize me.,
9,7,The Whale,7363,Angela,Wait. Why are you... Oh. are you getting your jollies right now? Can't get enough of the show? Your jollies are all on fire --,
9,7,The Whale,7363,Oscar, Please. It's Robert who's enjoying it.,
9,7,The Whale,7363,Oscar,"This could be the affair that you're scared of. Politicians are wonderful liars. You never know who they really are.  But uh, he's probably not gay. He's straight. He's straight, so...",
9,7,The Whale,7364,Jan,"I don't recall. And yes, Molly is crap.",
9,7,The Whale,7364,Jan,"Will you uh,  you. Can you turn around for me, please? Dwight you can go. I will call you in a week or so and let you know whether I want your business.",
9,7,The Whale,7364,Jan, Do you have a valid passport?,
9,7,The Whale,7366,Angela,"Oscar, what is happening here? Why would you say you think the senator might be gay?",
9,7,The Whale,7366,Oscar,"I don't know, Angela. I'm dehydrated. Maybe... You heard me wrong. We should just go.",
9,7,The Whale,7366,Angela,"Look, look, look. Here he comes. Here he comes. What is he doing?",
9,8,The Target,7368,Oscar,"Yesterday, Angela may or may not have figured out that I'm having an affair with her husband. So I just have to wait and see. When she comes in, if she's cold and awkward and cruel to me, then great, it's business as usual.",
9,8,The Target,7369,Angela,I think the thermostat is acting up again.,
9,8,The Target,7369,Oscar,"It's the stupid thermostat! That thing is a catastrophe. So I'm gonna, um, on your suggestion, get someone to fix it. I'll just go downstairs.",
9,8,The Target,7370,Oscar,"She doesn't know. I shouldn't be surprised. This is a woman who married a man who is obviously a homosexual. Basically, she has her head in the sand. In a way I feel sorry for her. I guess the universe rewards true love.",
9,8,The Target,7374,Angela,"Meet me in the old place, five minutes. I need you.",
9,8,The Target,7375,Angela,"Dwight, it's not that kind of meeting. Put your clothes back on.",
9,8,The Target,7375,Angela,Just put them on! Put on your clothes. I need your help. I need someone who can operate outside of the law. Ugh.,
9,8,The Target,7375,Angela,My marriage is in danger. I don't know who I can trust. I need someone to be there for me.,
9,8,The Target,7382,Angela,"Okay, so everything you need to know about the target is in here.",
9,8,The Target,7383,Angela,It's the only thing that will make this right.,
9,8,The Target,7386,Oscar," I just gave her a cookie, and she called me an angel, so... yeah, we're good. Yeah.  We dodged a bullet, yes. Okay. Yeah. Yeah, yeah-- Well, I gotta go now, but-- Okay, bye. Bye.",
9,8,The Target,7392,Angela,"Exactly, a friend. Someone who sits next to you year after year, making chitchat and smiling, and all the while running behind your back and defiling your marriage and seducing your husband.",
9,8,The Target,7392,Angela,"Well, you might be right. But it's too late now.",
9,8,The Target,7398,Oscar,You hired someone to hit me with a pipe!,
9,8,The Target,7398,Angela,You deserved every bit of it!  You made my husband gay.,
9,8,The Target,7398,Oscar,"What-- what I did was wrong, and I have to live with that every day. But your husband is... gay. He was gay when you married him!",
9,8,The Target,7398,Oscar,"Angela, until you face that, you're gonna be confused and angry for all the wrong reasons. But if you want to blame me for the whole thing, go ahead -- I won't stop you. Hit me. you have my blessing. Hit me.",
9,8,The Target,7398,Angela,Well are you gonna let go of it? Because part of the blame is definitely on you.,
9,8,The Target,7398,Angela,You were supposed to be my friend.,
9,8,The Target,7400,Angela,I feel so stupid. I sit next to him every day.,
9,8,The Target,7400,Angela," Jazz is stupid!  I mean, just play the right notes!",
9,8,The Target,7400,Angela,I don't like your friend Trevor.,
9,8,The Target,7403,Toby,That is-- that is a loaded question.,
9,8,The Target,7403,Angela,My pastor said it can come from breast feeding.,
9,8,The Target,7403,Angela,"Well, he didn't fight me hard on it.",
9,8,The Target,7403,Toby,"I-- I don't know if there's truth to-- to, uh, to that.",
9,8,The Target,7403,Angela,What is it called when two men intertwine their penises like the snakes on the medic-alert bracelet?,
9,9,Dwight Christmas,7406,Angela,"Oh, right, like I'm responsible 'cause I'm in charge of the party planning committee.",
9,9,Dwight Christmas,7406,Angela,Don't blame me for something we all forgot.,
9,9,Dwight Christmas,7406,Oscar,"Yeah, let's not blame her for something we all forgot.",
9,9,Dwight Christmas,7407,Oscar,"I didn't realize how many of Angela's opinions I agreed with, until she tried to have my kneecap shattered for sleeping with her husband. She makes a lot of very sound points.",
9,9,Dwight Christmas,7412,Angela," Party planning cimmittee, emgergency meeting. Now.",
9,9,Dwight Christmas,7416,Toby,"You know who's not gonna get to work on some exciting new startup this year? George Howard Skub, a.k.a. the alleged Scranton strangler, because he's in prison  for something he may not have done.",
9,9,Dwight Christmas,7416,Toby,The Scranton strangler. George Howard Skub. Haven't I told you about the jury I was on a couple years ago?,
9,9,Dwight Christmas,7416,Toby,"I could, sure. Have a seat. I would start at the beginning, but I think I need to go farther back.",
9,9,Dwight Christmas,7424,Toby, Here's the thing about moonlight. It's not sunlight.,
9,9,Dwight Christmas,7427,Oscar," This is a real thing. ""Belsnickel is a crotchety, fur-clad gift giver related to other companions of st. Nicholas in the folklore of southwestern Germany.""",
9,9,Dwight Christmas,7427,Oscar," ""His partner, zwarte piet, or black Peter, a slave boy, often portrayed in colorful pantaloons and blackface.""",
9,9,Dwight Christmas,7436,Toby,"Yeah. So anyway, the entire jury wants me to vote guilty. But then I did a little research of my own, and forget everything you thought you knew about fingerprinting.",
9,9,Dwight Christmas,7443,Toby,"Two dimes, seven nickels--Well, okay, no, that doesn't add up. It was one quarter and--",
9,10,Lice,7459,Angela,"Oh God, Meredith, lice? Did you not sign a pledge to shower?",
9,10,Lice,7461,Angela," Geez Meredith, you know, this is an office not one of your bean bag orgies.",
9,10,Lice,7462,Oscar,"I wash my hands at least six times a day. Toilet seat covers? Yes, thank you, even when I pee. Apparently, none of that is protection enough. Not when it comes to Meredith.",
9,10,Lice,7465,Angela,"Oh, no no no no no. I have not yet begun to shame.",
9,10,Lice,7470,Oscar,"I can appreciate that. I also only eat local, organic produce.",
9,10,Lice,7470,Angela,We don't want it to last longer. It's horrible.,
9,10,Lice,7473,Angela,"Oscar, do you want to be my partner?",
9,10,Lice,7474,Angela,You don't want bugs. You know? Who knows where those bugs will end up?,
9,10,Lice,7481,Angela,"Well, a lot of good your sorrys are doing her now, Pam. She's a monster.",
9,11,Suit Warehouse,7500,Oscar,"Hey, look who's back, Dwight Junior.",
9,11,Suit Warehouse,7502,Oscar,My friend has one of these. Fool-proof espresso every time.,
9,11,Suit Warehouse,7502,Oscar,"Actually, it's pronounced ""espresso""... Wait. That's what you said. I apologize, I just assumed you would mispronounce it. So...",
9,11,Suit Warehouse,7508,Oscar,"You guys, I kind of think I want to try them all. Is that crazy?",
9,11,Suit Warehouse,7508,Oscar,"It's a thing. It means ""you only live once"".",
9,11,Suit Warehouse,7524,Oscar,It's insane! They need to have the A.C. on year round! January too!,
9,11,Suit Warehouse,7524,Angela, I don't get the point of this stupid window!,
9,11,Suit Warehouse,7527,Oscar,"Everyone! Now that we have all this energy, why don't we move the copier into the annex like we've always wanted to?",
9,11,Suit Warehouse,7527,Oscar,"Wait!  It's beautiful. Hardwood! I always knew it was down here, I just never dreamed that I would actually see it.",
9,11,Suit Warehouse,7529,Oscar,"Kevin, move. I can't pull up the rug if you're standing on it with your rhinoceros feet.",
9,11,Suit Warehouse,7529,Angela,"Oh, my head is killing me. Does anyone have a baby asprin?",
9,12,Customer Loyalty,7539,Oscar,Annex. It must open something in the annex.,
9,12,Customer Loyalty,7553,Angela,"I have no information. But I'm sure as soon as they know, they'll call you.",
9,12,Customer Loyalty,7561,Angela,"Well, I think it would be immoral for Erin to cheat on Andy.",
9,12,Customer Loyalty,7561,Angela,Yes. And he didn't like it.,
9,12,Customer Loyalty,7565,Oscar,"People, it's 2013. Erin is a strong, independent woman. Who says she has to end up with any man?",
9,12,Customer Loyalty,7572,Toby,"Hey, really nice job in that meeting in there.",
9,12,Customer Loyalty,7572,Toby," So proud of you, Hon.",
9,12,Customer Loyalty,7572,Toby,"I'm just curious though, what do you have against Pete and Erin?",
9,12,Customer Loyalty,7572,Toby,"Pete's a pretty cool guy, though, and Andy was a terrible lover to Erin. He basically ignored her and left on a boat.",
9,12,Customer Loyalty,7575,Oscar,I'll watch it. Let's get this over with.,
9,12,Customer Loyalty,7575,Oscar,User error. I've heard of that happening to other people.,
9,12,Customer Loyalty,7575,Angela,"Oscar, don't rub it in. I'm sure Pam is already kicking herself for choosing a phone call over her child.",
9,12,Customer Loyalty,7579,Toby,Lady...you never stop surprising me.,
9,13,Junior Salesman,7609,Angela,I don't want to sit near any of those people for the next 20 years. Someone say something.,
9,13,Junior Salesman,7609,Oscar,"Yeah, but Jim, Dwight's a weirdo. We can't blame a weirdo for bringing in weirdos. We can blame a normal for creating a situation where a weirdo was allowed to bring in weirdos.",
9,14,Vandalism,7637,Angela,"Excuse me, everyone. Is it OK if I leave early from work today? It's Phillip's first birthday and the senator and I are hosting a party at our house.",
9,14,Vandalism,7637,Angela,"No. No children. Our house is not kid-friendly. Most of our furniture is sharp. Also, ew. It will mostly be campaign donors.",
9,14,Vandalism,7637,Angela,"No, no, please. You know, actually, none of you could even really make the cut for this thing. Which I am so sad about.",
9,14,Vandalism,7637,Oscar," Angela. You're going to find out, so I thought I'd let you know that, uh, Robert invited me too.",
9,14,Vandalism,7638,Oscar,"Angela's husband and I are in love. But, as a politician in this town, you still need the conventional blonde wife on your lawn signs. He is risking everything to have me there today.  Me.",
9,14,Vandalism,7639,Angela," We agreed that you wouldn't be seen with him in public. It's humiliating for me. Well, if you get to bring a stud, maybe I do too.",
9,14,Vandalism,7645,Oscar,I was politely saying nothing can be done. I thought I was clear.,
9,14,Vandalism,7647,Angela,"Exciting news. There's room for one more at my son's birthday event. And, I want you.",
9,14,Vandalism,7647,Angela,What? Wait. The state transportation secretary will be there. You could sell your beet salt idea to the highway people.,
9,14,Vandalism,7650,Oscar, That painting is just... How can anyone that weighs less than a guinea hen be so terrifying?,
9,14,Vandalism,7650,Angela," Oh, Robert, you're horrible.  Simon, Maxine.  Who let you guys in here?",
9,14,Vandalism,7652,Toby, You sort of deserve an apology here. Frank?,
9,14,Vandalism,7652,Toby,There were two or three 'sorry's in there. ,
9,14,Vandalism,7656,Oscar,One of his tee shots can wipe out a whole owl population.,
9,14,Vandalism,7657,Oscar,"Maybe I should be insulted that he only invited me here to be his token Mexican friend. But, he could of invited any number of Hispanics that he knows. His gardener, Rogelio. Or he could've invited... Rogelio. But, he chose me. Rogelio's Malaysian... The son of a bitch is Malaysian.",
9,15,Couples Discount,7676,Angela,They have a nail salon there where I get my feet detailed.  They use a watch repair kit.,
9,15,Couples Discount,7676,Oscar,"Darryl, everyone seems to be pairing off. Do you want to pretend to be a couple so we get the...",
9,15,Couples Discount,7676,Oscar,"All right, it'll be easy. Don't be nervous, just follow my...",
9,15,Couples Discount,7681,Oscar, Hi. We'd like a couples discount on a pair of foot massages.,
9,15,Couples Discount,7681,Oscar,We are together. Romantically.,
9,15,Couples Discount,7686,Oscar,What happened? We thought you were coming back tomorrow.,
9,15,Couples Discount,7688,Oscar,"So, you're concerned about peoples' long absence from their place of work?",
9,15,Couples Discount,7690,Jan,Seriously? You're calling me a few weeks after finalizing our contract to gouge me now for more money? Is that what you're doing?,
9,15,Couples Discount,7690,Jan,"You know what? You know what, uh, Nard dog? There is an option in the contract that allows me to back out within 30 days of signing. So, I would like to exercise that option.",
9,15,Couples Discount,7690,Jan,Tell Angela to send me a final invoice.,
9,15,Couples Discount,7691,Angela,"Yes, well, as you know, we get paid on Fridays. And you haven't been here for 12 Fridays. ",
9,15,Couples Discount,7691,Angela,It's a bonus check. For you. From Wallace. Because the branch exceeded it's targets over the past quarter.,
9,15,Couples Discount,7691,Oscar,A quarter's three months. That's how long you've been gone.,
9,16,Moving On,7711,Angela,"Dwight, that's awful.",
9,16,Moving On,7711,Angela,"What do you mean by ""poisoned""?",
9,16,Moving On,7723,Toby,"You can't fire Pete. You understand why, right?",
9,16,Moving On,7723,Toby,"Oh, Andy, we had this exact same conversation when you wanted to get rid of Nellie. You can't just get rid of people over grudges.",
9,16,Moving On,7723,Toby,"Alright, well look. While I have you here, this is a relationship disclosure form for Pete & Erin.",
9,16,Moving On,7723,Toby,"It's just boiler plating, you don't have to read it.",
9,16,Moving On,7723,Toby,I already signed it. I was just showing you.,
9,16,Moving On,7723,Toby,"Andy, it's not the original. And destroying it will not stop them from dating. Andy.  It's the original.",
9,16,Moving On,7726,Angela, I'm gonna give your aunt a proper bath and a haircut like a lady! And you two are gonna shut up about it! Do you have a bathtub?,
9,16,Moving On,7728,Toby,Hey Nellie. Mmm. I am so sick of February. It's the shortest month but it sure doesn't feel that way. We should catch up.,
9,16,Moving On,7728,Toby,Y'know I've been going over my notes from the trial...,
9,16,Moving On,7728,Toby,...feel like I may have glossed over a few...,
9,16,Moving On,7728,Toby,I've been drafting a letter.,
9,16,Moving On,7736,Angela,Oh hush. Loose braids reflect a loose character. Now stay still.,
9,16,Moving On,7736,Angela,"I think your hair is much too long for your age, by the way.",
9,16,Moving On,7737,Toby,I'm going to the prison. This afternoon. I'm gonna talk to the strangler.,
9,16,Moving On,7737,Toby,Well I just wanted to say I'm doing it. ,
9,16,Moving On,7740,Toby,"Hi, I'm uh, Toby Flenderson. I'm here to see George Howard Scubb.",
9,16,Moving On,7741,Toby,"This is the prison. Uh, I am not going in there with expectations, per say. Uh, I will meet George Howard Scubb. I will tell him that I believe he is innocent. I would understand if he felt motivated to hug me. I would understand if a friendship began. How did, how did Bogart put it?  I think this is a start of my first friendship.",
9,16,Moving On,7752,Oscar,"You could all be doing this, just saying.",
9,16,Moving On,7753,Oscar,"I watch way too many ads online and I don't do enough situps. So I bought these. Now, every time an ad pops up online, I get 30 seconds of ab blasting. I call it Ads for Abs. Ironically, I learned about the boots from an ad online.",
9,16,Moving On,7754,Oscar,"I'll tell you why. Because...the floor...is...disgusting. Yeah, my trainer said everybody fails working out, that's how you win. Alright  Ok. Kevin? A little help buddy?",
9,16,Moving On,7754,Oscar,"Just- People! I'm not going anywhere. Soon, my core will get strong again and when that happens I'll be able to- Head rush! Ah! Can someone please help me?  I- Hey! I'm not going anywhere! I'll be right here! Oh that's not good.  Hey guys! I've got twenty bucks for anyone who will help me. Kevin, would you like a pizza?",
9,17,The Farm,7758,Oscar,"I'm so sorry, Dwight. And if you want me to be there, of course I will go. I just... have a personal training session...",
9,17,The Farm,7759,Oscar,I get red dirt. Nobody is getting red dirt. I should've kept my mouth shut. We're not even that close. I've only known Dwight... 12 years. 12 years. Time is a son of a bitch.,
9,18,Promos,7794,Angela,Can we skip the color commentary and just have Andy go out there and fire her?,
9,18,Promos,7794,Toby,He- he can't do that. Turns out she's allowed to have feelings of sexual arousal. It doesn't become a violation until she physically acts on it.,
9,18,Promos,7794,Oscar,"Toby, how do you propose that we-",
9,18,Promos,7795,Angela,"Here you go. And good for you Dwight, I'm so glad you found someone. I bet she's got kind eyes.",
9,18,Promos,7796,Angela,Dwight is dating a brussel sprout farmer named Esther. She's coming here this afternoon with her father. Who knows? Maybe she'll be pulling the horse cart! ,
9,18,Promos,7798,Oscar,There's a promo for the new documentary on the web.,
9,18,Promos,7800,Angela,Your screen is all black. You just unplugged your computer.,
9,18,Promos,7803,Angela,I bet she does. I bet she'll eat them right out of your hand with those big strong teeth.,
9,18,Promos,7805,Angela,"I guess men find Esther attractive. I mean if there are chubby chasers, then there are men that like that....thing.",
9,18,Promos,7808,Toby,"A little ironic that I'm going to be kind of a TV star, because my last Chad Flendermen novel  was based on a murdered TV star. The small screen-",
9,18,Promos,7808,Oscar,"Hey guys, I just found another promo. It's in Danish. I guess it's gonna start airing in Denmark.",
9,18,Promos,7809,Angela,"What about me? ""Klokken tre pige""",
9,18,Promos,7809,Angela,"What? Why would they...wait a second, wait a second! What was that?  Oh! I didn't know they were filming then!",
9,18,Promos,7809,Oscar,It looks like the camera man was hiding behind the shelves.,
9,18,Promos,7810,Angela,"There was much more secret filming than I expected.  But I am fine with it, I mean it. I am.",
9,18,Promos,7810,Oscar,Are you kidding me? It's like half the show is secret footage.,
9,18,Promos,7810,Oscar,"Yes, Erin. They film us at night when we're sleeping. Cause that makes great TV!",
9,18,Promos,7810,Oscar,I'm sorry sweetie. This whole thing is just freaking me out.,
9,18,Promos,7811,Oscar,"I have been very honest with you guys. In a way that could seriously impact the political career of a very good friend of mine. You're not going to use any of that, are you?",
9,18,Promos,7812,Angela,I think we need to figure out what's going on. I might just take a little walk.,
9,18,Promos,7812,Oscar,"Ok everyone, turn off your mikes.",
9,18,Promos,7812,Angela,We need to know more. Did their shots have sound? What exactly did they get on tape?,
9,18,Promos,7819,Angela," Alright, how much have you revealed on camera about your relationship with the senator?",
9,18,Promos,7819,Angela,Oh!  Stop it! Stop kissing him! Someone needs to call and warn him. This could ruin his career.,
9,18,Promos,7823,Oscar,"Um the documentary's going to be airing soon, and, and you look great in the promos.",
9,18,Promos,7823,Oscar,"Hey, I get the sense you're gonna be outed as gay.",
9,18,Promos,7823,Angela,"Yes and I cheated on you with Dwight, it looks like they got it on film. I didn't tell you about it.",
9,19,Stairmageddon,7829,Oscar,Our office has an unusually large number of... unusually large people.,
9,19,Stairmageddon,7831,Oscar,"So when something as routine as elevator maintenance happens, and people are forced to expend cardiovascular effort, we have to compare it to the end of time.",
9,19,Stairmageddon,7833,Oscar,"""The Office: An American Workplace airing on PBS next month is a documentary following the employees of Scranton's own Dunder Mifflin Paper Company!""",
9,19,Stairmageddon,7840,Toby,"Oh, sure, lots of times. Yeah. Wait, you and Pam aren't in couple's counseling, are you? Oh, God.",
9,19,Stairmageddon,7840,Toby,"Oh, you guys. Kelly called it. 2013. So s�hey! Hey! Hey, no! No! Get outta here. Clark, get outta here.",
9,19,Stairmageddon,7840,Toby,"Yes, it is your mistake. He's lingering. So annoying. I'm gonna kill him. How can I help? I'm here.",
9,19,Stairmageddon,7842,Angela,"Thank you, Stan. Oh, honey.  Look, I just want our life to get back to normal. Ribbon cuttings, charity balls.",
9,19,Stairmageddon,7842,Angela,"All right, if I have to be the good wife, I'll be the best damn wife there is. Correction. Best darn wife. Sorry, I'm a better wife than that. ",
9,19,Stairmageddon,7851,Toby,You're really there to talk to each other. I would say that the therapist is more of a facilitator.,
9,19,Stairmageddon,7851,Toby,"He might start by asking each of you, ""Why do you think you're here?""",
9,19,Stairmageddon,7855,Toby,"I mean, what's the end date? It must be really hard for her to sign on to be unhappy if she doesn't know when it's gonna end.",
9,20,Paper Airplane,7877,Toby,"Hey I left my glasses down here somewhere. Crossing through, beep beep. ",
9,20,Paper Airplane,7881,Toby,"Alright, it's getting gooier so we'll just do it later.",
9,20,Paper Airplane,7884,Oscar,Why wouldn't you use your own life? Erin just dumped you.,
9,20,Paper Airplane,7884,Angela,Nellie you didn't tell us we could win money.,
9,20,Paper Airplane,7887,Angela,"Me? Oh, I'm fine. I mean, sure, times are leaner now that I'm separated from the Senator. But my new studio apartment is just fine  for me.. and Phillip... and Tinky... and Crinklepuss, and Bandit 2, and Pawlick Baggins, and Lady Aragorn and their 10 kittens.",
9,20,Paper Airplane,7889,Angela,"I had a chance with Dwight, but I didn't take it. And if I went back now, when I'm broke and he just inherited a farm, I'd be one of those gold-digging tramps you read about that try to bag a farmer.",
9,20,Paper Airplane,7914,Angela," Well, I guess you needed the money more than me huh? Use it wisely.",
9,20,Paper Airplane,7915,Angela,"I was disappointed in Dwight today. He showed a weakness that was unbecoming. Even if he did do it for me. I don't need pity and I don't need charity. I have my dignity and that's enough. And as long as I have that, I'll be ok.",
9,21,Livin' the Dream,7922,Angela,No. Everything is not okay. The county took my cats.,
9,21,Livin' the Dream,7922,Angela,"Two sacks' worth. Apparently my apartment complex has rules about how many pets are too many for a studio. And while I was out picking Phillip up from daycare, they came. They came into my house.",
9,21,Livin' the Dream,7922,Oscar,"That's�that's awful, Angela. I'm so sorry.",
9,21,Livin' the Dream,7922,Angela,"It's the  that lives downstairs. She's this uptight, judgmental shrew. You know the type.",
9,21,Livin' the Dream,7922,Angela,"And they're gone. And I have no one left. Without my cats, I am utterly and completely alone.",
9,21,Livin' the Dream,7922,Oscar,"Angela, you still have your son.",
9,21,Livin' the Dream,7933,Oscar,"I can't say we didn't see it coming. But it's a sad day when anybody is fired. We're so sorry, Andy.",
9,21,Livin' the Dream,7942,Angela,"Dwight has been practicing karate for years. When we were dating, I would help him with his strength training. He would strap me to his chest in a baby Bjorn made for fat children and do lunges across the farm. It felt like I was flying.",
9,21,Livin' the Dream,7948,Oscar,"No, I don't think that he can make it as an actor. But, he also can't make it as an employee in an office, so why not go nuts with it?",
9,21,Livin' the Dream,7959,Oscar,"Hey, I didn't get a chance to say it, but... congratulations, Dwight.",
9,21,Livin' the Dream,7962,Toby,"Andy, you know I can't do that. It'd be lying.",
9,21,Livin' the Dream,7963,Angela," This is Angela. Oh. Hello, Miss Polodnikovski. Uh, how can I help you? Did my rent check not clear? Because I just transferred another $25 to that account. So if there's a problem it's clearly on your end. And�oh. Oh. Oh, okay. Good. Then... um... what is this about? No, no. Hey, hey! No, you are out of line Miss Polodnikovski. No, no you are. No you are! Evicted? Fine! I didn't want to live in that cesspool anyway! Listen, I get my security deposit back. Yes, I do. This is not fair! That is not fair! Well, you know what? You have so many hairs on your chin that Animal Control should've taken you away. That is very unladylike! You are disgusting! ",
9,21,Livin' the Dream,7966,Angela,"Yeah, okay. That's not what I mean. You don't have to leave because you said you would. Don't let pride ruin your whole life. Okay? It's not worth it.",
9,21,Livin' the Dream,7969,Oscar,"Okay, I'm just gonna say this. You are not going to live in a tent.",
9,21,Livin' the Dream,7969,Oscar,I do. Yes. Not forever. But until you get back on your feet. Which won't be long. It's the least I could do.,
9,21,Livin' the Dream,7972,Angela,So is your place all bachelor-slobby and gross?,
9,21,Livin' the Dream,7972,Oscar,"No, it's neat and tasteful, like most gay men's homes. The stereotype holds up.",
9,21,Livin' the Dream,7972,Angela,I wouldn't know. I never lived with a gay guy.,
9,22,A.A.R.M,7979,Oscar,"Angela's divorce from the senator has been very difficult for her. When she got kicked out of her apartment, I invited her to move in with me. Ironic that it's Angela who's living in the closet. Hey-o.",
9,22,A.A.R.M,7980,Oscar,Saddle shoes. With denim? I will literally call child services.,
9,22,A.A.R.M,7990,Angela,Daycare won't take Phillip anymore.,
9,22,A.A.R.M,7990,Angela,"Apparently my station in life has descended to a depth even they won't forgive. So, hi.",
9,22,A.A.R.M,7994,Oscar,"I can't believe the doc is finally going to air. When this thing started, I was still having s*x with women. As was Kevin, I believe.",
9,22,A.A.R.M,7997,Angela,Why didn't you pack the apple snacks?,
9,22,A.A.R.M,7997,Oscar,Why didn't you pack the apple snacks?,
9,22,A.A.R.M,7997,Angela,"Because whenever I pack the bag, you say I do it wrong.",
9,22,A.A.R.M,7997,Angela,"Not now, Kevin. Can't you see we're busy? Phillip needs his apple snacks.",
9,22,A.A.R.M,7997,Oscar,"Seriously, Kevin. I'm just gonna have to go to the store.",
9,22,A.A.R.M,8016,Oscar,"Did we ever have lunch together, just�just the two of us? You know what, I'm gonna make reservations right now at Cugino's.",
9,22,A.A.R.M,8017,Oscar,He just won't go down. It's as if he's excited by all this paper.,
9,22,A.A.R.M,8017,Angela,I know. Earlier today he tried to eat some of the 24-weight letter bond.,
9,22,A.A.R.M,8022,Oscar," Listen, listen. Shh, buddy. Stanley's sleeping. You don't want to wake up the grumpy old walrus, do you?",
9,22,A.A.R.M,8022,Oscar,"Well, he's calling for his mom, but, okay, here, here you go. Careful, he bites.",
9,22,A.A.R.M,8025,Oscar,Hey. Did you manage to feed him? I don't know what it is. He just keeps spitting out the nipple.,
9,22,A.A.R.M,8028,Angela,"It's just his way of saying, ""Thanks for letting me hang out in Accounting.""",
9,22,A.A.R.M,8028,Angela,Would you like to hold Phillip?  Yeah. That's Kevin.,
9,22,A.A.R.M,8031,Angela,"If he is your son, that's a great plan. But he's not. He's not your son.",
9,22,A.A.R.M,8031,Angela,Can I go back to my desk now?,
9,22,A.A.R.M,8039,Oscar,"Yay! I am gonna drop Phillip off at my mother's, and I'll meet you at Poor Richard's in an hour.",
9,22,A.A.R.M,8039,Angela,Are you sure you don't want me to drop him off?,
9,22,A.A.R.M,8039,Oscar,She doesn't know I'm living with a straight woman. I don't want to get her hopes up.,
9,22,A.A.R.M,8041,Angela,I just needed you to want to marry me because you wanted to marry me.,
9,22,A.A.R.M,8042,Oscar,"One thing we do know, nothing will ever be the same.",
9,24,Finale,8045,Toby,"Yeah. Yeah, I don't think...",
9,24,Finale,8050,Angela," Yes. My heart is so open, I am so at peace.  Look at Meredith. She's disgusting. Those feet. They're like the paws of an orangutan.",
9,24,Finale,8050,Angela, To remind you that our wedding's gonna be wonderful.,
9,24,Finale,8050,Angela,"D, it's gonna be perfect. The only people that need to be there are you and me.",
9,24,Finale,8062,Oscar," Years ago, the senator promised a left turn lane by the Arby's. So I wanna know where in the name of horsey sauce is it? Well, yeah, you...hold on.",
9,24,Finale,8062,Oscar,"That's the reason Kevin got fired. It's his magic number. He used to use it to balance his accounts. He used to call it a Keleven. He told Dwight,  ""A mistake plus Keleven gets you home by seven."" He was home by 4:45 that day.",
9,24,Finale,8064,Toby,"Oh, no, no. no. My plane just got in. From New York. Are you still with Piotr?",
9,24,Finale,8064,Toby,Anyone can follow a Twitter feed. Wanna share a cab?,
9,24,Finale,8065,Toby," After Dwight fired me, I moved to New York to write the great American novel. I have six roommates. Heh. Which are better than friends, you know �Cause they have to give you one month's notice before they leave.",
9,24,Finale,8070,Oscar,They wanted me to go to the bachelorette party with the girls. Really? Such a cliché. I'm a man. So I'm going to the bachelor party with the boys. I just have to remember how I acted before I came out.,
9,24,Finale,8080,Oscar,"If you want her to leave, just tip her.",
9,24,Finale,8081,Angela,That was interesting.  What was that?,
9,24,Finale,8081,Angela,"Alright, see, you don't have to leave the door wide open. We get it. It's the wind. Just come and shut... OH! My God!",
9,24,Finale,8108,Angela,"No, my heels aren't too high. It's because I spent three hours in a car trunk. Thanks for not locking the door when I asked you to, Phyllis.  Sorry Phyllis. You didn't know. As long as I can get to the altar.",
9,24,Finale,8138,Angela,"Oh, the honeymoon can wait till tomorrow. We wanted to hang out with you guys. I mean, when are we all going to be here together again?",
9,24,Finale,8144,Oscar,"You take something ordinary, like a piece of paper. It's not much. But if you see it in the right way...And that's what you did with this documentary. But seriously, you made a nine-year documentary and you couldn't once show me doing my origami.",
9,24,Finale,8149,Oscar,"Yeah, but you're not gay. You're not gay.",
9,24,Finale,8149,Oscar,You're not gay.,
